login start!,,0.000,,,,,,
login,,0.000,,,,,,
sessions,FetchUUIDFromToken,0.326,R,uuid,,,,
Info,,0.326,,,,,,
accounts,FetchUsernameFromUUID,0.326,R,userName,,,,
accounts,FetchDiscordIdByUsername,0.327,R,discordId,,,,
accounts,FetchGoogleIdByUsername,0.328,R,googleId,,,,
sessionSaveData,GetLatestSessionSaveDataSlot,0.329,R,slot,,,,
sessions,FetchUUIDFromToken,9.672,R,uuid,,,,
activeClientSessions,IsActiveSession,9.673,R,id,,,,
activeClientSessions,UpdateActiveSession,9.675,W,uuid,clientSessionId,,,
update system,,9.675,,,,,,
accountStats,RetrievePlaytime,10.065,R,playtime,,,,
accountStats,UpdateAccountStats,10.069,W,stats,,,,
systemSaveData,StoreSystemSaveData,10.079,W,uuid,data,timeStamp,,
sessions,FetchUUIDFromToken,76.732,R,uuid,,,,
activeClientSessions,UpdateActiveSession,76.733,W,uuid,clientSessionId,,,
sessions,FetchUUIDFromToken,76.733,R,uuid,,,,
sessions,FetchUUIDFromToken,76.734,R,uuid,,,,
sessionSaveData,ReadSessionSaveData,76.735,R,data,,,,
activeClientSessions,UpdateActiveSession,76.735,W,uuid,clientSessionId,,,
activeClientSessions,UpdateActiveSession,76.736,W,uuid,clientSessionId,,,
sessionSaveData,ReadSessionSaveData,76.736,R,data,,,,
sessions,FetchUUIDFromToken,76.736,R,uuid,,,,
activeClientSessions,UpdateActiveSession,76.737,W,uuid,clientSessionId,,,
sessionSaveData,ReadSessionSaveData,76.737,R,data,,,,
sessions,FetchUUIDFromToken,76.737,R,uuid,,,,
activeClientSessions,UpdateActiveSession,76.738,W,uuid,clientSessionId,,,
sessionSaveData,ReadSessionSaveData,76.738,R,data,,,,
sessionSaveData,ReadSessionSaveData,76.738,R,data,,,,
sessions,FetchUUIDFromToken,80.268,R,uuid,,,,
updateAll,,80.268,,,,,,
activeClientSessions,IsActiveSession,81.020,R,id,,,,
accounts,FetchTrainerIds,81.020,R,trainerID,secretID,,,
accounts,UpdateTrainerIds,81.022,W,trainerID,secretID,,,
accountStats,RetrievePlaytime,81.023,R,playtime,,,,
sessionSaveData,ReadSessionSaveData,81.023,R,data,,,,
accounts,UpdateAccountLastActivity,81.025,W,lastActivity,,,,
sessionSaveData,StoreSessionSaveData,81.032,W,uuid,slot,data,timeStamp,
accounts,UpdateAccountLastActivity,81.033,W,lastActivity,,,,
accountStats,UpdateAccountStats,81.035,W,stats,,,,
systemSaveData,StoreSystemSaveData,81.057,W,uuid,data,timeStamp,,
sessions,FetchUUIDFromToken,190.535,R,uuid,,,,
activeClientSessions,IsActiveSession,190.536,R,id,,,,
verify system,,190.536,,,,,,
sessions,FetchUUIDFromToken,213.344,R,uuid,,,,
Info,,213.344,,,,,,
accounts,FetchUsernameFromUUID,213.344,R,userName,,,,
accounts,FetchDiscordIdByUsername,213.345,R,discordId,,,,
accounts,FetchGoogleIdByUsername,213.346,R,googleId,,,,
sessionSaveData,GetLatestSessionSaveDataSlot,213.347,R,slot,,,,
sessions,FetchUUIDFromToken,213.542,R,uuid,,,,
activeClientSessions,IsActiveSession,213.543,R,id,,,,
get system,,213.543,,,,,,
activeClientSessions,UpdateActiveSession,213.545,W,uuid,clientSessionId,,,
systemSaveData,ReadSystemSaveData,213.546,R,data,,,,
sessions,FetchUUIDFromToken,484.049,R,uuid,,,,
activeClientSessions,IsActiveSession,484.051,R,id,,,,
verify system,,484.051,,,,,,
sessions,FetchUUIDFromToken,552.611,R,uuid,,,,
activeClientSessions,IsActiveSession,552.612,R,id,,,,
verify system,,552.612,,,,,,
sessions,FetchUUIDFromToken,613.734,R,uuid,,,,
activeClientSessions,IsActiveSession,613.735,R,id,,,,
verify system,,613.735,,,,,,
sessions,FetchUUIDFromToken,663.407,R,uuid,,,,
updateAll,,663.407,,,,,,
activeClientSessions,IsActiveSession,664.162,R,id,,,,
accounts,FetchTrainerIds,664.163,R,trainerID,secretID,,,
accountStats,RetrievePlaytime,664.164,R,playtime,,,,
sessionSaveData,ReadSessionSaveData,664.165,R,data,,,,
accounts,UpdateAccountLastActivity,664.171,W,lastActivity,,,,
sessionSaveData,StoreSessionSaveData,664.190,W,uuid,slot,data,timeStamp,
accounts,UpdateAccountLastActivity,664.192,W,lastActivity,,,,
accountStats,UpdateAccountStats,664.197,W,stats,,,,
systemSaveData,StoreSystemSaveData,664.227,W,uuid,data,timeStamp,,
sessions,FetchUUIDFromToken,703.137,R,uuid,,,,
activeClientSessions,IsActiveSession,703.138,R,id,,,,
verify system,,703.138,,,,,,
sessions,FetchUUIDFromToken,872.240,R,uuid,,,,
activeClientSessions,IsActiveSession,872.240,R,id,,,,
verify system,,872.241,,,,,,
sessions,FetchUUIDFromToken,936.971,R,uuid,,,,
activeClientSessions,IsActiveSession,936.972,R,id,,,,
verify system,,936.972,,,,,,
sessions,FetchUUIDFromToken,980.844,R,uuid,,,,
activeClientSessions,IsActiveSession,980.845,R,id,,,,
verify system,,980.845,,,,,,
sessions,FetchUUIDFromToken,1012.855,R,uuid,,,,
updateAll,,1012.856,,,,,,
activeClientSessions,IsActiveSession,1013.432,R,id,,,,
accounts,FetchTrainerIds,1013.434,R,trainerID,secretID,,,
accountStats,RetrievePlaytime,1013.434,R,playtime,,,,
sessionSaveData,ReadSessionSaveData,1013.435,R,data,,,,
accounts,UpdateAccountLastActivity,1013.441,W,lastActivity,,,,
sessionSaveData,StoreSessionSaveData,1013.461,W,uuid,slot,data,timeStamp,
accounts,UpdateAccountLastActivity,1013.464,W,lastActivity,,,,
accountStats,UpdateAccountStats,1013.467,W,stats,,,,
systemSaveData,StoreSystemSaveData,1013.490,W,uuid,data,timeStamp,,
sessions,FetchUUIDFromToken,1041.283,R,uuid,,,,
activeClientSessions,IsActiveSession,1041.284,R,id,,,,
verify system,,1041.285,,,,,,
sessions,FetchUUIDFromToken,1122.703,R,uuid,,,,
activeClientSessions,IsActiveSession,1122.704,R,id,,,,
verify system,,1122.704,,,,,,
sessions,FetchUUIDFromToken,1212.106,R,uuid,,,,
activeClientSessions,IsActiveSession,1212.107,R,id,,,,
verify system,,1212.107,,,,,,
sessions,FetchUUIDFromToken,1260.586,R,uuid,,,,
activeClientSessions,IsActiveSession,1260.588,R,id,,,,
verify system,,1260.588,,,,,,
sessions,FetchUUIDFromToken,1385.037,R,uuid,,,,
updateAll,,1385.038,,,,,,
activeClientSessions,IsActiveSession,1385.790,R,id,,,,
accounts,FetchTrainerIds,1385.791,R,trainerID,secretID,,,
accountStats,RetrievePlaytime,1385.793,R,playtime,,,,
sessionSaveData,ReadSessionSaveData,1385.794,R,data,,,,
accounts,UpdateAccountLastActivity,1385.800,W,lastActivity,,,,
sessionSaveData,StoreSessionSaveData,1385.823,W,uuid,slot,data,timeStamp,
accounts,UpdateAccountLastActivity,1385.824,W,lastActivity,,,,
accountStats,UpdateAccountStats,1385.827,W,stats,,,,
systemSaveData,StoreSystemSaveData,1385.855,W,uuid,data,timeStamp,,
sessions,FetchUUIDFromToken,1420.173,R,uuid,,,,
activeClientSessions,IsActiveSession,1420.174,R,id,,,,
verify system,,1420.175,,,,,,
sessions,FetchUUIDFromToken,1461.862,R,uuid,,,,
activeClientSessions,IsActiveSession,1461.863,R,id,,,,
verify system,,1461.863,,,,,,
sessions,FetchUUIDFromToken,1539.998,R,uuid,,,,
activeClientSessions,IsActiveSession,1539.999,R,id,,,,
verify system,,1539.999,,,,,,
sessions,FetchUUIDFromToken,1573.613,R,uuid,,,,
activeClientSessions,IsActiveSession,1573.614,R,id,,,,
verify system,,1573.614,,,,,,
sessions,FetchUUIDFromToken,1648.575,R,uuid,,,,
updateAll,,1648.575,,,,,,
activeClientSessions,IsActiveSession,1649.348,R,id,,,,
accounts,FetchTrainerIds,1649.349,R,trainerID,secretID,,,
accountStats,RetrievePlaytime,1649.350,R,playtime,,,,
sessionSaveData,ReadSessionSaveData,1649.351,R,data,,,,
accounts,UpdateAccountLastActivity,1649.357,W,lastActivity,,,,
sessionSaveData,StoreSessionSaveData,1649.375,W,uuid,slot,data,timeStamp,
accounts,UpdateAccountLastActivity,1649.377,W,lastActivity,,,,
accountStats,UpdateAccountStats,1649.381,W,stats,,,,
systemSaveData,StoreSystemSaveData,1649.417,W,uuid,data,timeStamp,,
sessions,FetchUUIDFromToken,1665.849,R,uuid,,,,
updateAll,,1665.849,,,,,,
activeClientSessions,IsActiveSession,1666.053,R,id,,,,
accounts,FetchTrainerIds,1666.055,R,trainerID,secretID,,,
accountStats,RetrievePlaytime,1666.056,R,playtime,,,,
sessionSaveData,ReadSessionSaveData,1666.057,R,data,,,,
accounts,UpdateAccountLastActivity,1666.061,W,lastActivity,,,,
sessionSaveData,StoreSessionSaveData,1666.075,W,uuid,slot,data,timeStamp,
accounts,UpdateAccountLastActivity,1666.076,W,lastActivity,,,,
accountStats,UpdateAccountStats,1666.079,W,stats,,,,
systemSaveData,StoreSystemSaveData,1666.094,W,uuid,data,timeStamp,,
sessions,FetchUUIDFromToken,1714.083,R,uuid,,,,
activeClientSessions,IsActiveSession,1714.084,R,id,,,,
verify system,,1714.084,,,,,,
sessions,FetchUUIDFromToken,1739.739,R,uuid,,,,
activeClientSessions,IsActiveSession,1739.740,R,id,,,,
verify system,,1739.740,,,,,,
sessions,FetchUUIDFromToken,1764.092,R,uuid,,,,
activeClientSessions,IsActiveSession,1764.093,R,id,,,,
verify system,,1764.093,,,,,,
sessions,FetchUUIDFromToken,1835.348,R,uuid,,,,
activeClientSessions,IsActiveSession,1835.349,R,id,,,,
verify system,,1835.349,,,,,,
sessions,FetchUUIDFromToken,1960.925,R,uuid,,,,
Info,,1960.925,,,,,,
accounts,FetchUsernameFromUUID,1960.926,R,userName,,,,
accounts,FetchDiscordIdByUsername,1960.928,R,discordId,,,,
accounts,FetchGoogleIdByUsername,1960.930,R,googleId,,,,
sessionSaveData,GetLatestSessionSaveDataSlot,1960.931,R,slot,,,,
sessions,FetchUUIDFromToken,1961.128,R,uuid,,,,
activeClientSessions,IsActiveSession,1961.128,R,id,,,,
get system,,1961.128,,,,,,
activeClientSessions,UpdateActiveSession,1961.130,W,uuid,clientSessionId,,,
systemSaveData,ReadSystemSaveData,1961.131,R,data,,,,
sessions,FetchUUIDFromToken,2023.914,R,uuid,,,,
Info,,2023.914,,,,,,
accounts,FetchUsernameFromUUID,2023.915,R,userName,,,,
accounts,FetchDiscordIdByUsername,2023.917,R,discordId,,,,
accounts,FetchGoogleIdByUsername,2023.918,R,googleId,,,,
sessionSaveData,GetLatestSessionSaveDataSlot,2023.919,R,slot,,,,
sessions,FetchUUIDFromToken,2024.116,R,uuid,,,,
activeClientSessions,IsActiveSession,2024.117,R,id,,,,
get system,,2024.117,,,,,,
activeClientSessions,UpdateActiveSession,2024.119,W,uuid,clientSessionId,,,
systemSaveData,ReadSystemSaveData,2024.120,R,data,,,,
sessions,FetchUUIDFromToken,2227.768,R,uuid,,,,
activeClientSessions,UpdateActiveSession,2227.770,W,uuid,clientSessionId,,,
sessionSaveData,ReadSessionSaveData,2227.772,R,data,,,,
newclear session,,2227.775,,,,,,
sessions,FetchUUIDFromToken,2231.032,R,uuid,,,,
updateAll,,2231.032,,,,,,
activeClientSessions,IsActiveSession,2231.791,R,id,,,,
accounts,FetchTrainerIds,2231.792,R,trainerID,secretID,,,
accountStats,RetrievePlaytime,2231.793,R,playtime,,,,
sessionSaveData,ReadSessionSaveData,2231.794,R,data,,,,
accounts,UpdateAccountLastActivity,2231.797,W,lastActivity,,,,
sessionSaveData,StoreSessionSaveData,2231.810,W,uuid,slot,data,timeStamp,
accounts,UpdateAccountLastActivity,2231.811,W,lastActivity,,,,
accountStats,UpdateAccountStats,2231.813,W,stats,,,,
systemSaveData,StoreSystemSaveData,2231.827,W,uuid,data,timeStamp,,
sessions,FetchUUIDFromToken,2232.020,R,uuid,,,,
activeClientSessions,UpdateActiveSession,2232.021,W,uuid,clientSessionId,,,
clear session,,2232.022,,,,,,
accounts,UpdateAccountLastActivity,2232.023,W,lastActivity,,,,
sessionSaveData,DeleteSessionSaveData,2232.026,W,sessionSaveData,,,,
sessions,FetchUUIDFromToken,2232.218,R,uuid,,,,
Info,,2232.218,,,,,,
accounts,FetchUsernameFromUUID,2232.219,R,userName,,,,
accounts,FetchDiscordIdByUsername,2232.220,R,discordId,,,,
accounts,FetchGoogleIdByUsername,2232.221,R,googleId,,,,
sessionSaveData,GetLatestSessionSaveDataSlot,2232.222,R,slot,,,,
accounts,FetchAccountKeySaltFromUsername,2454.379,R,key,salt,,,
accounts,AddAccountSession,2454.783,R,uuid,token,expire,,
sessions,AddAccountSession,2454.783,W,uuid,token,expire,,
accounts,AddAccountSession,2454.785,W,lastLoggedIn,,,,
login start!,,0.000,,,,,,
login,,0.000,,,,,,
sessions,FetchUUIDFromToken,0.263,R,uuid,,,,
Info,,0.263,,,,,,
accounts,FetchUsernameFromUUID,0.263,R,userName,,,,
accounts,FetchDiscordIdByUsername,0.265,R,discordId,,,,
accounts,FetchGoogleIdByUsername,0.266,R,googleId,,,,
sessionSaveData,GetLatestSessionSaveDataSlot,0.266,R,slot,,,,
sessions,FetchUUIDFromToken,0.510,R,uuid,,,,
activeClientSessions,IsActiveSession,0.511,R,id,,,,
get system,,0.511,,,,,,
activeClientSessions,UpdateActiveSession,0.513,W,uuid,clientSessionId,,,
systemSaveData,ReadSystemSaveData,0.514,R,data,,,,
sessions,FetchUUIDFromToken,123.737,R,uuid,,,,
Info,,123.737,,,,,,
accounts,FetchUsernameFromUUID,123.738,R,userName,,,,
accounts,FetchDiscordIdByUsername,123.740,R,discordId,,,,
accounts,FetchGoogleIdByUsername,123.742,R,googleId,,,,
sessionSaveData,GetLatestSessionSaveDataSlot,123.744,R,slot,,,,
sessions,FetchUUIDFromToken,123.977,R,uuid,,,,
activeClientSessions,IsActiveSession,123.979,R,id,,,,
get system,,123.979,,,,,,
activeClientSessions,UpdateActiveSession,123.981,W,uuid,clientSessionId,,,
systemSaveData,ReadSystemSaveData,123.983,R,data,,,,
accounts,FetchAccountKeySaltFromUsername,206.243,R,key,salt,,,
accounts,AddAccountSession,206.704,R,uuid,token,expire,,
sessions,AddAccountSession,206.705,W,uuid,token,expire,,
accounts,AddAccountSession,206.707,W,lastLoggedIn,,,,
login start!,,0.000,,,,,,
login,,0.000,,,,,,
sessions,FetchUUIDFromToken,0.311,R,uuid,,,,
Info,,0.311,,,,,,
accounts,FetchUsernameFromUUID,0.312,R,userName,,,,
accounts,FetchDiscordIdByUsername,0.313,R,discordId,,,,
accounts,FetchGoogleIdByUsername,0.315,R,googleId,,,,
sessionSaveData,GetLatestSessionSaveDataSlot,0.316,R,slot,,,,
sessions,FetchUUIDFromToken,0.697,R,uuid,,,,
activeClientSessions,IsActiveSession,0.698,R,id,,,,
get system,,0.698,,,,,,
activeClientSessions,UpdateActiveSession,0.701,W,uuid,clientSessionId,,,
systemSaveData,ReadSystemSaveData,0.702,R,data,,,,
sessions,FetchUUIDFromToken,174.443,R,uuid,,,,
Info,,174.443,,,,,,
accounts,FetchUsernameFromUUID,174.444,R,userName,,,,
accounts,FetchDiscordIdByUsername,174.446,R,discordId,,,,
accounts,FetchGoogleIdByUsername,174.447,R,googleId,,,,
sessionSaveData,GetLatestSessionSaveDataSlot,174.448,R,slot,,,,
sessions,FetchUUIDFromToken,174.676,R,uuid,,,,
activeClientSessions,IsActiveSession,174.677,R,id,,,,
get system,,174.677,,,,,,
activeClientSessions,UpdateActiveSession,174.679,W,uuid,clientSessionId,,,
systemSaveData,ReadSystemSaveData,174.680,R,data,,,,
sessions,FetchUUIDFromToken,323.933,R,uuid,,,,
activeClientSessions,UpdateActiveSession,323.935,W,uuid,clientSessionId,,,
sessions,FetchUUIDFromToken,323.936,R,uuid,,,,
sessionSaveData,ReadSessionSaveData,323.938,R,data,,,,
sessions,FetchUUIDFromToken,323.938,R,uuid,,,,
activeClientSessions,UpdateActiveSession,323.939,W,uuid,clientSessionId,,,
sessions,FetchUUIDFromToken,323.939,R,uuid,,,,
sessionSaveData,ReadSessionSaveData,323.940,R,data,,,,
activeClientSessions,UpdateActiveSession,323.941,W,uuid,clientSessionId,,,
activeClientSessions,UpdateActiveSession,323.941,W,uuid,clientSessionId,,,
sessions,FetchUUIDFromToken,323.941,R,uuid,,,,
sessionSaveData,ReadSessionSaveData,323.942,R,data,,,,
sessionSaveData,ReadSessionSaveData,323.942,R,data,,,,
activeClientSessions,UpdateActiveSession,323.943,W,uuid,clientSessionId,,,
sessionSaveData,ReadSessionSaveData,323.945,R,data,,,,
sessions,FetchUUIDFromToken,327.793,R,uuid,,,,
updateAll,,327.793,,,,,,
activeClientSessions,IsActiveSession,328.181,R,id,,,,
accounts,FetchTrainerIds,328.181,R,trainerID,secretID,,,
accountStats,RetrievePlaytime,328.182,R,playtime,,,,
sessionSaveData,ReadSessionSaveData,328.183,R,data,,,,
accounts,UpdateAccountLastActivity,328.184,W,lastActivity,,,,
sessionSaveData,StoreSessionSaveData,328.200,W,uuid,slot,data,timeStamp,
accounts,UpdateAccountLastActivity,328.201,W,lastActivity,,,,
accountStats,UpdateAccountStats,328.203,W,stats,,,,
systemSaveData,StoreSystemSaveData,328.229,W,uuid,data,timeStamp,,
sessions,FetchUUIDFromToken,354.962,R,uuid,,,,
updateAll,,354.962,,,,,,
activeClientSessions,IsActiveSession,355.350,R,id,,,,
accounts,FetchTrainerIds,355.351,R,trainerID,secretID,,,
accountStats,RetrievePlaytime,355.351,R,playtime,,,,
sessionSaveData,ReadSessionSaveData,355.353,R,data,,,,
accounts,UpdateAccountLastActivity,355.356,W,lastActivity,,,,
sessionSaveData,StoreSessionSaveData,355.365,W,uuid,slot,data,timeStamp,
accounts,UpdateAccountLastActivity,355.366,W,lastActivity,,,,
accountStats,UpdateAccountStats,355.367,W,stats,,,,
systemSaveData,StoreSystemSaveData,355.396,W,uuid,data,timeStamp,,
sessions,FetchUUIDFromToken,367.523,R,uuid,,,,
Info,,367.523,,,,,,
accounts,FetchUsernameFromUUID,367.524,R,userName,,,,
accounts,FetchDiscordIdByUsername,367.526,R,discordId,,,,
accounts,FetchGoogleIdByUsername,367.527,R,googleId,,,,
sessionSaveData,GetLatestSessionSaveDataSlot,367.528,R,slot,,,,
sessions,FetchUUIDFromToken,367.753,R,uuid,,,,
activeClientSessions,IsActiveSession,367.754,R,id,,,,
get system,,367.754,,,,,,
systemSaveData,ReadSystemSaveData,367.755,R,data,,,,
sessions,FetchUUIDFromToken,368.094,R,uuid,,,,
activeClientSessions,UpdateActiveSession,368.095,W,uuid,clientSessionId,,,
sessionSaveData,ReadSessionSaveData,368.097,R,data,,,,
sessions,FetchUUIDFromToken,427.755,R,uuid,,,,
sessions,FetchUUIDFromToken,427.756,R,uuid,,,,
activeClientSessions,UpdateActiveSession,427.756,W,uuid,clientSessionId,,,
activeClientSessions,UpdateActiveSession,427.756,W,uuid,clientSessionId,,,
sessionSaveData,ReadSessionSaveData,427.757,R,data,,,,
sessionSaveData,ReadSessionSaveData,427.757,R,data,,,,
sessions,FetchUUIDFromToken,427.758,R,uuid,,,,
activeClientSessions,UpdateActiveSession,427.759,W,uuid,clientSessionId,,,
sessionSaveData,ReadSessionSaveData,427.760,R,data,,,,
sessions,FetchUUIDFromToken,427.989,R,uuid,,,,
activeClientSessions,UpdateActiveSession,427.990,W,uuid,clientSessionId,,,
sessionSaveData,ReadSessionSaveData,427.991,R,data,,,,
sessions,FetchUUIDFromToken,435.552,R,uuid,,,,
Info,,435.552,,,,,,
accounts,FetchUsernameFromUUID,435.553,R,userName,,,,
accounts,FetchDiscordIdByUsername,435.554,R,discordId,,,,
accounts,FetchGoogleIdByUsername,435.555,R,googleId,,,,
sessionSaveData,GetLatestSessionSaveDataSlot,435.556,R,slot,,,,
sessions,FetchUUIDFromToken,435.787,R,uuid,,,,
activeClientSessions,UpdateActiveSession,435.788,W,uuid,clientSessionId,,,
delete session,,435.788,,,,,,
sessionSaveData,DeleteSessionSaveData,435.790,W,sessionSaveData,,,,
sessions,FetchUUIDFromToken,437.577,R,uuid,,,,
updateAll,,437.577,,,,,,
activeClientSessions,IsActiveSession,437.969,R,id,,,,
accounts,FetchTrainerIds,437.970,R,trainerID,secretID,,,
accountStats,RetrievePlaytime,437.970,R,playtime,,,,
sessionSaveData,ReadSessionSaveData,437.971,R,data,,,,
accounts,UpdateAccountLastActivity,437.974,W,lastActivity,,,,
sessionSaveData,StoreSessionSaveData,437.985,W,uuid,slot,data,timeStamp,
accounts,UpdateAccountLastActivity,437.987,W,lastActivity,,,,
accountStats,UpdateAccountStats,437.989,W,stats,,,,
systemSaveData,StoreSystemSaveData,438.009,W,uuid,data,timeStamp,,
sessions,FetchUUIDFromToken,548.951,R,uuid,,,,
activeClientSessions,IsActiveSession,548.952,R,id,,,,
verify system,,548.952,,,,,,
sessions,FetchUUIDFromToken,601.095,R,uuid,,,,
activeClientSessions,IsActiveSession,601.096,R,id,,,,
verify system,,601.096,,,,,,
sessions,FetchUUIDFromToken,634.307,R,uuid,,,,
activeClientSessions,IsActiveSession,634.308,R,id,,,,
verify system,,634.308,,,,,,
sessions,FetchUUIDFromToken,663.968,R,uuid,,,,
activeClientSessions,IsActiveSession,663.969,R,id,,,,
verify system,,663.969,,,,,,
sessions,FetchUUIDFromToken,706.273,R,uuid,,,,
updateAll,,706.273,,,,,,
activeClientSessions,IsActiveSession,706.653,R,id,,,,
accounts,FetchTrainerIds,706.654,R,trainerID,secretID,,,
accountStats,RetrievePlaytime,706.654,R,playtime,,,,
sessionSaveData,ReadSessionSaveData,706.655,R,data,,,,
accounts,UpdateAccountLastActivity,706.658,W,lastActivity,,,,
sessionSaveData,StoreSessionSaveData,706.673,W,uuid,slot,data,timeStamp,
accounts,UpdateAccountLastActivity,706.674,W,lastActivity,,,,
accountStats,UpdateAccountStats,706.676,W,stats,,,,
systemSaveData,StoreSystemSaveData,706.698,W,uuid,data,timeStamp,,
sessions,FetchUUIDFromToken,772.511,R,uuid,,,,
activeClientSessions,IsActiveSession,772.512,R,id,,,,
verify system,,772.512,,,,,,
sessions,FetchUUIDFromToken,795.658,R,uuid,,,,
activeClientSessions,IsActiveSession,795.658,R,id,,,,
verify system,,795.658,,,,,,
sessions,FetchUUIDFromToken,878.029,R,uuid,,,,
activeClientSessions,UpdateActiveSession,878.031,W,uuid,clientSessionId,,,
sessionSaveData,ReadSessionSaveData,878.032,R,data,,,,
newclear session,,878.035,,,,,,
sessions,FetchUUIDFromToken,879.558,R,uuid,,,,
updateAll,,879.558,,,,,,
activeClientSessions,IsActiveSession,881.175,R,id,,,,
accounts,FetchTrainerIds,881.175,R,trainerID,secretID,,,
accountStats,RetrievePlaytime,881.176,R,playtime,,,,
sessionSaveData,ReadSessionSaveData,881.177,R,data,,,,
accounts,UpdateAccountLastActivity,881.180,W,lastActivity,,,,
sessionSaveData,StoreSessionSaveData,881.190,W,uuid,slot,data,timeStamp,
accounts,UpdateAccountLastActivity,881.191,W,lastActivity,,,,
accountStats,UpdateAccountStats,881.193,W,stats,,,,
systemSaveData,StoreSystemSaveData,881.215,W,uuid,data,timeStamp,,
sessions,FetchUUIDFromToken,881.457,R,uuid,,,,
activeClientSessions,UpdateActiveSession,881.458,W,uuid,clientSessionId,,,
clear session,,881.459,,,,,,
accounts,UpdateAccountLastActivity,881.461,W,lastActivity,,,,
sessionSaveData,DeleteSessionSaveData,881.463,W,sessionSaveData,,,,
sessions,FetchUUIDFromToken,881.715,R,uuid,,,,
Info,,881.715,,,,,,
accounts,FetchUsernameFromUUID,881.716,R,userName,,,,
accounts,FetchDiscordIdByUsername,881.717,R,discordId,,,,
accounts,FetchGoogleIdByUsername,881.718,R,googleId,,,,
sessionSaveData,GetLatestSessionSaveDataSlot,881.718,R,slot,,,,
sessions,FetchUUIDFromToken,890.001,R,uuid,,,,
activeClientSessions,UpdateActiveSession,890.002,W,uuid,clientSessionId,,,
sessionSaveData,ReadSessionSaveData,890.003,R,data,,,,
sessions,FetchUUIDFromToken,890.264,R,uuid,,,,
sessions,FetchUUIDFromToken,890.264,R,uuid,,,,
sessions,FetchUUIDFromToken,890.265,R,uuid,,,,
activeClientSessions,UpdateActiveSession,890.265,W,uuid,clientSessionId,,,
activeClientSessions,UpdateActiveSession,890.265,W,uuid,clientSessionId,,,
activeClientSessions,UpdateActiveSession,890.266,W,uuid,clientSessionId,,,
sessionSaveData,ReadSessionSaveData,890.266,R,data,,,,
sessionSaveData,ReadSessionSaveData,890.266,R,data,,,,
sessionSaveData,ReadSessionSaveData,890.266,R,data,,,,
sessions,FetchUUIDFromToken,890.268,R,uuid,,,,
activeClientSessions,UpdateActiveSession,890.269,W,uuid,clientSessionId,,,
sessionSaveData,ReadSessionSaveData,890.270,R,data,,,,
sessions,FetchUUIDFromToken,936.908,R,uuid,,,,
sessions,FetchUUIDFromToken,936.908,R,uuid,,,,
sessions,FetchUUIDFromToken,936.909,R,uuid,,,,
activeClientSessions,UpdateActiveSession,936.909,W,uuid,clientSessionId,,,
activeClientSessions,UpdateActiveSession,936.910,W,uuid,clientSessionId,,,
activeClientSessions,UpdateActiveSession,936.910,W,uuid,clientSessionId,,,
sessions,FetchUUIDFromToken,936.910,R,uuid,,,,
sessionSaveData,ReadSessionSaveData,936.911,R,data,,,,
sessionSaveData,ReadSessionSaveData,936.911,R,data,,,,
sessionSaveData,ReadSessionSaveData,936.911,R,data,,,,
activeClientSessions,UpdateActiveSession,936.913,W,uuid,clientSessionId,,,
sessions,FetchUUIDFromToken,936.913,R,uuid,,,,
activeClientSessions,UpdateActiveSession,936.914,W,uuid,clientSessionId,,,
sessionSaveData,ReadSessionSaveData,936.914,R,data,,,,
sessionSaveData,ReadSessionSaveData,936.915,R,data,,,,
sessions,FetchUUIDFromToken,939.060,R,uuid,,,,
updateAll,,939.060,,,,,,
activeClientSessions,IsActiveSession,939.869,R,id,,,,
accounts,FetchTrainerIds,939.870,R,trainerID,secretID,,,
accountStats,RetrievePlaytime,939.871,R,playtime,,,,
sessionSaveData,ReadSessionSaveData,939.872,R,data,,,,
accounts,UpdateAccountLastActivity,939.880,W,lastActivity,,,,
sessionSaveData,StoreSessionSaveData,939.888,W,uuid,slot,data,timeStamp,
accounts,UpdateAccountLastActivity,939.889,W,lastActivity,,,,
accountStats,UpdateAccountStats,939.891,W,stats,,,,
systemSaveData,StoreSystemSaveData,939.906,W,uuid,data,timeStamp,,
sessions,FetchUUIDFromToken,965.906,R,uuid,,,,
activeClientSessions,IsActiveSession,965.907,R,id,,,,
verify system,,965.908,,,,,,
sessions,FetchUUIDFromToken,1021.820,R,uuid,,,,
activeClientSessions,IsActiveSession,1021.821,R,id,,,,
verify system,,1021.821,,,,,,
sessions,FetchUUIDFromToken,1039.199,R,uuid,,,,
activeClientSessions,IsActiveSession,1039.200,R,id,,,,
verify system,,1039.200,,,,,,
sessions,FetchUUIDFromToken,1065.886,R,uuid,,,,
activeClientSessions,IsActiveSession,1065.887,R,id,,,,
verify system,,1065.887,,,,,,
sessions,FetchUUIDFromToken,1094.098,R,uuid,,,,
updateAll,,1094.098,,,,,,
activeClientSessions,IsActiveSession,1094.560,R,id,,,,
accounts,FetchTrainerIds,1094.561,R,trainerID,secretID,,,
accountStats,RetrievePlaytime,1094.562,R,playtime,,,,
sessionSaveData,ReadSessionSaveData,1094.562,R,data,,,,
accounts,UpdateAccountLastActivity,1094.567,W,lastActivity,,,,
sessionSaveData,StoreSessionSaveData,1094.580,W,uuid,slot,data,timeStamp,
accounts,UpdateAccountLastActivity,1094.582,W,lastActivity,,,,
accountStats,UpdateAccountStats,1094.585,W,stats,,,,
systemSaveData,StoreSystemSaveData,1094.606,W,uuid,data,timeStamp,,
sessions,FetchUUIDFromToken,1114.204,R,uuid,,,,
activeClientSessions,IsActiveSession,1114.205,R,id,,,,
verify system,,1114.205,,,,,,
sessions,FetchUUIDFromToken,1172.545,R,uuid,,,,
activeClientSessions,IsActiveSession,1172.546,R,id,,,,
verify system,,1172.546,,,,,,
sessions,FetchUUIDFromToken,1355.200,R,uuid,,,,
activeClientSessions,IsActiveSession,1355.201,R,id,,,,
verify system,,1355.201,,,,,,
sessions,FetchUUIDFromToken,1425.925,R,uuid,,,,
activeClientSessions,IsActiveSession,1425.927,R,id,,,,
verify system,,1425.927,,,,,,
sessions,FetchUUIDFromToken,1488.286,R,uuid,,,,
updateAll,,1488.286,,,,,,
activeClientSessions,IsActiveSession,1488.751,R,id,,,,
accounts,FetchTrainerIds,1488.752,R,trainerID,secretID,,,
accountStats,RetrievePlaytime,1488.753,R,playtime,,,,
sessionSaveData,ReadSessionSaveData,1488.753,R,data,,,,
accounts,UpdateAccountLastActivity,1488.756,W,lastActivity,,,,
sessionSaveData,StoreSessionSaveData,1488.766,W,uuid,slot,data,timeStamp,
accounts,UpdateAccountLastActivity,1488.767,W,lastActivity,,,,
accountStats,UpdateAccountStats,1488.770,W,stats,,,,
systemSaveData,StoreSystemSaveData,1488.798,W,uuid,data,timeStamp,,
sessions,FetchUUIDFromToken,1605.220,R,uuid,,,,
activeClientSessions,IsActiveSession,1605.222,R,id,,,,
verify system,,1605.222,,,,,,
sessions,FetchUUIDFromToken,1856.057,R,uuid,,,,
activeClientSessions,IsActiveSession,1856.058,R,id,,,,
verify system,,1856.058,,,,,,
sessions,FetchUUIDFromToken,1917.405,R,uuid,,,,
updateAll,,1917.405,,,,,,
activeClientSessions,IsActiveSession,1917.802,R,id,,,,
accounts,FetchTrainerIds,1917.803,R,trainerID,secretID,,,
accountStats,RetrievePlaytime,1917.804,R,playtime,,,,
sessionSaveData,ReadSessionSaveData,1917.804,R,data,,,,
accounts,UpdateAccountLastActivity,1917.808,W,lastActivity,,,,
sessionSaveData,StoreSessionSaveData,1917.823,W,uuid,slot,data,timeStamp,
accounts,UpdateAccountLastActivity,1917.824,W,lastActivity,,,,
accountStats,UpdateAccountStats,1917.826,W,stats,,,,
systemSaveData,StoreSystemSaveData,1917.851,W,uuid,data,timeStamp,,
sessions,FetchUUIDFromToken,2058.200,R,uuid,,,,
activeClientSessions,IsActiveSession,2058.203,R,id,,,,
verify system,,2058.203,,,,,,
accounts,FetchAccountKeySaltFromUsername,14158.729,R,key,salt,,,
accounts,AddAccountSession,14159.427,R,uuid,token,expire,,
sessions,AddAccountSession,14159.428,W,uuid,token,expire,,
accounts,AddAccountSession,14159.430,W,lastLoggedIn,,,,
login start!,,0.000,,,,,,
login,,0.000,,,,,,
sessions,FetchUUIDFromToken,0.229,R,uuid,,,,
Info,,0.229,,,,,,
accounts,FetchUsernameFromUUID,0.230,R,userName,,,,
accounts,FetchDiscordIdByUsername,0.232,R,discordId,,,,
accounts,FetchGoogleIdByUsername,0.233,R,googleId,,,,
sessionSaveData,GetLatestSessionSaveDataSlot,0.234,R,slot,,,,
sessions,FetchUUIDFromToken,0.445,R,uuid,,,,
activeClientSessions,IsActiveSession,0.446,R,id,,,,
get system,,0.446,,,,,,
activeClientSessions,UpdateActiveSession,0.448,W,uuid,clientSessionId,,,
systemSaveData,ReadSystemSaveData,0.449,R,data,,,,
sessions,FetchUUIDFromToken,4.195,R,uuid,,,,
activeClientSessions,UpdateActiveSession,4.196,W,uuid,clientSessionId,,,
sessionSaveData,ReadSessionSaveData,4.197,R,data,,,,
sessions,FetchUUIDFromToken,182.416,R,uuid,,,,
activeClientSessions,IsActiveSession,182.417,R,id,,,,
verify system,,182.417,,,,,,
sessions,FetchUUIDFromToken,252.242,R,uuid,,,,
updateAll,,252.242,,,,,,
activeClientSessions,IsActiveSession,252.736,R,id,,,,
accounts,FetchTrainerIds,252.737,R,trainerID,secretID,,,
accountStats,RetrievePlaytime,252.738,R,playtime,,,,
sessionSaveData,ReadSessionSaveData,252.739,R,data,,,,
accounts,UpdateAccountLastActivity,252.743,W,lastActivity,,,,
sessionSaveData,StoreSessionSaveData,252.759,W,uuid,slot,data,timeStamp,
accounts,UpdateAccountLastActivity,252.760,W,lastActivity,,,,
accountStats,UpdateAccountStats,252.762,W,stats,,,,
systemSaveData,StoreSystemSaveData,252.782,W,uuid,data,timeStamp,,
sessions,FetchUUIDFromToken,313.542,R,uuid,,,,
activeClientSessions,IsActiveSession,313.544,R,id,,,,
verify system,,313.544,,,,,,
sessions,FetchUUIDFromToken,609.336,R,uuid,,,,
updateAll,,609.336,,,,,,
activeClientSessions,IsActiveSession,609.817,R,id,,,,
accounts,FetchTrainerIds,609.818,R,trainerID,secretID,,,
accountStats,RetrievePlaytime,609.818,R,playtime,,,,
sessionSaveData,ReadSessionSaveData,609.819,R,data,,,,
accounts,UpdateAccountLastActivity,609.822,W,lastActivity,,,,
sessionSaveData,StoreSessionSaveData,609.836,W,uuid,slot,data,timeStamp,
accounts,UpdateAccountLastActivity,609.837,W,lastActivity,,,,
accountStats,UpdateAccountStats,609.839,W,stats,,,,
systemSaveData,StoreSystemSaveData,609.862,W,uuid,data,timeStamp,,
sessions,FetchUUIDFromToken,865.135,R,uuid,,,,
activeClientSessions,IsActiveSession,865.136,R,id,,,,
verify system,,865.136,,,,,,
sessions,FetchUUIDFromToken,942.401,R,uuid,,,,
updateAll,,942.401,,,,,,
activeClientSessions,IsActiveSession,943.212,R,id,,,,
accounts,FetchTrainerIds,943.213,R,trainerID,secretID,,,
accountStats,RetrievePlaytime,943.214,R,playtime,,,,
sessionSaveData,ReadSessionSaveData,943.215,R,data,,,,
accounts,UpdateAccountLastActivity,943.221,W,lastActivity,,,,
sessionSaveData,StoreSessionSaveData,943.239,W,uuid,slot,data,timeStamp,
accounts,UpdateAccountLastActivity,943.240,W,lastActivity,,,,
accountStats,UpdateAccountStats,943.243,W,stats,,,,
systemSaveData,StoreSystemSaveData,943.271,W,uuid,data,timeStamp,,
sessions,FetchUUIDFromToken,1002.333,R,uuid,,,,
updateAll,,1002.334,,,,,,
activeClientSessions,IsActiveSession,1003.113,R,id,,,,
accounts,FetchTrainerIds,1003.114,R,trainerID,secretID,,,
accountStats,RetrievePlaytime,1003.115,R,playtime,,,,
sessionSaveData,ReadSessionSaveData,1003.115,R,data,,,,
accounts,UpdateAccountLastActivity,1003.118,W,lastActivity,,,,
sessionSaveData,StoreSessionSaveData,1003.129,W,uuid,slot,data,timeStamp,
accounts,UpdateAccountLastActivity,1003.130,W,lastActivity,,,,
accountStats,UpdateAccountStats,1003.132,W,stats,,,,
systemSaveData,StoreSystemSaveData,1003.163,W,uuid,data,timeStamp,,
sessions,FetchUUIDFromToken,1076.257,R,uuid,,,,
activeClientSessions,IsActiveSession,1076.258,R,id,,,,
verify system,,1076.258,,,,,,
sessions,FetchUUIDFromToken,1176.289,R,uuid,,,,
activeClientSessions,IsActiveSession,1176.290,R,id,,,,
verify system,,1176.290,,,,,,
sessions,FetchUUIDFromToken,1381.377,R,uuid,,,,
activeClientSessions,IsActiveSession,1381.377,R,id,,,,
verify system,,1381.378,,,,,,
sessions,FetchUUIDFromToken,1404.752,R,uuid,,,,
activeClientSessions,IsActiveSession,1404.753,R,id,,,,
verify system,,1404.753,,,,,,
sessions,FetchUUIDFromToken,1496.400,R,uuid,,,,
updateAll,,1496.400,,,,,,
activeClientSessions,IsActiveSession,1497.454,R,id,,,,
accounts,FetchTrainerIds,1497.455,R,trainerID,secretID,,,
accountStats,RetrievePlaytime,1497.456,R,playtime,,,,
sessionSaveData,ReadSessionSaveData,1497.456,R,data,,,,
accounts,UpdateAccountLastActivity,1497.460,W,lastActivity,,,,
sessionSaveData,StoreSessionSaveData,1497.475,W,uuid,slot,data,timeStamp,
accounts,UpdateAccountLastActivity,1497.476,W,lastActivity,,,,
accountStats,UpdateAccountStats,1497.478,W,stats,,,,
systemSaveData,StoreSystemSaveData,1497.507,W,uuid,data,timeStamp,,
sessions,FetchUUIDFromToken,1522.927,R,uuid,,,,
activeClientSessions,IsActiveSession,1522.927,R,id,,,,
verify system,,1522.927,,,,,,
sessions,FetchUUIDFromToken,1539.742,R,uuid,,,,
activeClientSessions,IsActiveSession,1539.743,R,id,,,,
verify system,,1539.743,,,,,,
sessions,FetchUUIDFromToken,1612.904,R,uuid,,,,
activeClientSessions,IsActiveSession,1612.905,R,id,,,,
verify system,,1612.905,,,,,,
sessions,FetchUUIDFromToken,1631.774,R,uuid,,,,
activeClientSessions,IsActiveSession,1631.775,R,id,,,,
verify system,,1631.775,,,,,,
sessions,FetchUUIDFromToken,2001.611,R,uuid,,,,
updateAll,,2001.611,,,,,,
activeClientSessions,IsActiveSession,2002.452,R,id,,,,
accounts,FetchTrainerIds,2002.453,R,trainerID,secretID,,,
accountStats,RetrievePlaytime,2002.453,R,playtime,,,,
sessionSaveData,ReadSessionSaveData,2002.454,R,data,,,,
accounts,UpdateAccountLastActivity,2002.458,W,lastActivity,,,,
sessionSaveData,StoreSessionSaveData,2002.474,W,uuid,slot,data,timeStamp,
accounts,UpdateAccountLastActivity,2002.475,W,lastActivity,,,,
accountStats,UpdateAccountStats,2002.477,W,stats,,,,
systemSaveData,StoreSystemSaveData,2002.496,W,uuid,data,timeStamp,,
sessions,FetchUUIDFromToken,2046.998,R,uuid,,,,
Info,,2046.998,,,,,,
accounts,FetchUsernameFromUUID,2046.999,R,userName,,,,
accounts,FetchDiscordIdByUsername,2047.000,R,discordId,,,,
accounts,FetchGoogleIdByUsername,2047.001,R,googleId,,,,
sessionSaveData,GetLatestSessionSaveDataSlot,2047.002,R,slot,,,,
sessions,FetchUUIDFromToken,2047.196,R,uuid,,,,
activeClientSessions,IsActiveSession,2047.197,R,id,,,,
get system,,2047.197,,,,,,
activeClientSessions,UpdateActiveSession,2047.199,W,uuid,clientSessionId,,,
systemSaveData,ReadSystemSaveData,2047.200,R,data,,,,
sessions,FetchUUIDFromToken,2047.463,R,uuid,,,,
activeClientSessions,UpdateActiveSession,2047.464,W,uuid,clientSessionId,,,
sessionSaveData,ReadSessionSaveData,2047.465,R,data,,,,
sessions,FetchUUIDFromToken,2201.878,R,uuid,,,,
Info,,2201.878,,,,,,
accounts,FetchUsernameFromUUID,2201.879,R,userName,,,,
accounts,FetchDiscordIdByUsername,2201.880,R,discordId,,,,
accounts,FetchGoogleIdByUsername,2201.882,R,googleId,,,,
sessionSaveData,GetLatestSessionSaveDataSlot,2201.882,R,slot,,,,
sessions,FetchUUIDFromToken,2202.102,R,uuid,,,,
activeClientSessions,IsActiveSession,2202.103,R,id,,,,
get system,,2202.103,,,,,,
activeClientSessions,UpdateActiveSession,2202.105,W,uuid,clientSessionId,,,
systemSaveData,ReadSystemSaveData,2202.106,R,data,,,,
sessions,FetchUUIDFromToken,2202.382,R,uuid,,,,
activeClientSessions,UpdateActiveSession,2202.383,W,uuid,clientSessionId,,,
sessionSaveData,ReadSessionSaveData,2202.383,R,data,,,,
sessions,FetchUUIDFromToken,2311.431,R,uuid,,,,
Info,,2311.431,,,,,,
accounts,FetchUsernameFromUUID,2311.432,R,userName,,,,
accounts,FetchDiscordIdByUsername,2311.433,R,discordId,,,,
accounts,FetchGoogleIdByUsername,2311.434,R,googleId,,,,
sessionSaveData,GetLatestSessionSaveDataSlot,2311.435,R,slot,,,,
sessions,FetchUUIDFromToken,2311.645,R,uuid,,,,
activeClientSessions,IsActiveSession,2311.646,R,id,,,,
get system,,2311.646,,,,,,
activeClientSessions,UpdateActiveSession,2311.648,W,uuid,clientSessionId,,,
systemSaveData,ReadSystemSaveData,2311.649,R,data,,,,
sessions,FetchUUIDFromToken,2311.937,R,uuid,,,,
activeClientSessions,UpdateActiveSession,2311.937,W,uuid,clientSessionId,,,
sessionSaveData,ReadSessionSaveData,2311.938,R,data,,,,
sessions,FetchUUIDFromToken,2466.278,R,uuid,,,,
activeClientSessions,IsActiveSession,2466.279,R,id,,,,
verify system,,2466.279,,,,,,
sessions,FetchUUIDFromToken,2493.984,R,uuid,,,,
activeClientSessions,IsActiveSession,2493.985,R,id,,,,
verify system,,2493.985,,,,,,
sessions,FetchUUIDFromToken,2558.605,R,uuid,,,,
activeClientSessions,IsActiveSession,2558.606,R,id,,,,
verify system,,2558.606,,,,,,
sessions,FetchUUIDFromToken,2618.043,R,uuid,,,,
updateAll,,2618.043,,,,,,
activeClientSessions,IsActiveSession,2618.940,R,id,,,,
accounts,FetchTrainerIds,2618.941,R,trainerID,secretID,,,
accountStats,RetrievePlaytime,2618.942,R,playtime,,,,
sessionSaveData,ReadSessionSaveData,2618.942,R,data,,,,
accounts,UpdateAccountLastActivity,2618.946,W,lastActivity,,,,
sessionSaveData,StoreSessionSaveData,2618.963,W,uuid,slot,data,timeStamp,
accounts,UpdateAccountLastActivity,2618.964,W,lastActivity,,,,
accountStats,UpdateAccountStats,2618.965,W,stats,,,,
systemSaveData,StoreSystemSaveData,2618.996,W,uuid,data,timeStamp,,
sessions,FetchUUIDFromToken,2719.062,R,uuid,,,,
updateAll,,2719.062,,,,,,
activeClientSessions,IsActiveSession,2719.873,R,id,,,,
accounts,FetchTrainerIds,2719.874,R,trainerID,secretID,,,
accountStats,RetrievePlaytime,2719.874,R,playtime,,,,
sessionSaveData,ReadSessionSaveData,2719.875,R,data,,,,
accounts,UpdateAccountLastActivity,2719.878,W,lastActivity,,,,
sessionSaveData,StoreSessionSaveData,2719.885,W,uuid,slot,data,timeStamp,
accounts,UpdateAccountLastActivity,2719.886,W,lastActivity,,,,
accountStats,UpdateAccountStats,2719.888,W,stats,,,,
systemSaveData,StoreSystemSaveData,2719.917,W,uuid,data,timeStamp,,
sessions,FetchUUIDFromToken,2829.081,R,uuid,,,,
activeClientSessions,IsActiveSession,2829.082,R,id,,,,
verify system,,2829.082,,,,,,
sessions,FetchUUIDFromToken,2849.866,R,uuid,,,,
activeClientSessions,IsActiveSession,2849.867,R,id,,,,
verify system,,2849.867,,,,,,
sessions,FetchUUIDFromToken,2903.822,R,uuid,,,,
activeClientSessions,IsActiveSession,2903.823,R,id,,,,
verify system,,2903.823,,,,,,
sessions,FetchUUIDFromToken,2932.783,R,uuid,,,,
activeClientSessions,IsActiveSession,2932.785,R,id,,,,
verify system,,2932.785,,,,,,
sessions,FetchUUIDFromToken,2969.922,R,uuid,,,,
updateAll,,2969.922,,,,,,
activeClientSessions,IsActiveSession,2970.662,R,id,,,,
accounts,FetchTrainerIds,2970.663,R,trainerID,secretID,,,
accountStats,RetrievePlaytime,2970.665,R,playtime,,,,
sessionSaveData,ReadSessionSaveData,2970.666,R,data,,,,
accounts,UpdateAccountLastActivity,2970.670,W,lastActivity,,,,
sessionSaveData,StoreSessionSaveData,2970.687,W,uuid,slot,data,timeStamp,
accounts,UpdateAccountLastActivity,2970.688,W,lastActivity,,,,
accountStats,UpdateAccountStats,2970.691,W,stats,,,,
systemSaveData,StoreSystemSaveData,2970.722,W,uuid,data,timeStamp,,
sessions,FetchUUIDFromToken,3040.478,R,uuid,,,,
activeClientSessions,IsActiveSession,3040.479,R,id,,,,
verify system,,3040.479,,,,,,
sessions,FetchUUIDFromToken,3087.525,R,uuid,,,,
activeClientSessions,IsActiveSession,3087.526,R,id,,,,
verify system,,3087.526,,,,,,
sessions,FetchUUIDFromToken,3117.782,R,uuid,,,,
activeClientSessions,IsActiveSession,3117.783,R,id,,,,
verify system,,3117.783,,,,,,
sessions,FetchUUIDFromToken,3166.590,R,uuid,,,,
activeClientSessions,IsActiveSession,3166.591,R,id,,,,
verify system,,3166.591,,,,,,
sessions,FetchUUIDFromToken,3220.773,R,uuid,,,,
updateAll,,3220.773,,,,,,
activeClientSessions,IsActiveSession,3221.848,R,id,,,,
accounts,FetchTrainerIds,3221.849,R,trainerID,secretID,,,
accountStats,RetrievePlaytime,3221.850,R,playtime,,,,
sessionSaveData,ReadSessionSaveData,3221.851,R,data,,,,
accounts,UpdateAccountLastActivity,3221.855,W,lastActivity,,,,
sessionSaveData,StoreSessionSaveData,3221.871,W,uuid,slot,data,timeStamp,
accounts,UpdateAccountLastActivity,3221.872,W,lastActivity,,,,
accountStats,UpdateAccountStats,3221.875,W,stats,,,,
systemSaveData,StoreSystemSaveData,3221.906,W,uuid,data,timeStamp,,
sessions,FetchUUIDFromToken,3264.101,R,uuid,,,,
activeClientSessions,IsActiveSession,3264.102,R,id,,,,
verify system,,3264.102,,,,,,
sessions,FetchUUIDFromToken,3319.343,R,uuid,,,,
activeClientSessions,IsActiveSession,3319.343,R,id,,,,
verify system,,3319.343,,,,,,
sessions,FetchUUIDFromToken,4167.944,R,uuid,,,,
updateAll,,4167.944,,,,,,
activeClientSessions,IsActiveSession,4168.751,R,id,,,,
accounts,FetchTrainerIds,4168.752,R,trainerID,secretID,,,
accountStats,RetrievePlaytime,4168.752,R,playtime,,,,
sessionSaveData,ReadSessionSaveData,4168.753,R,data,,,,
accounts,UpdateAccountLastActivity,4168.756,W,lastActivity,,,,
sessionSaveData,StoreSessionSaveData,4168.771,W,uuid,slot,data,timeStamp,
accounts,UpdateAccountLastActivity,4168.772,W,lastActivity,,,,
accountStats,UpdateAccountStats,4168.775,W,stats,,,,
systemSaveData,StoreSystemSaveData,4168.804,W,uuid,data,timeStamp,,
sessions,FetchUUIDFromToken,4213.847,R,uuid,,,,
activeClientSessions,IsActiveSession,4213.848,R,id,,,,
verify system,,4213.848,,,,,,
sessions,FetchUUIDFromToken,4263.103,R,uuid,,,,
updateAll,,4263.104,,,,,,
activeClientSessions,IsActiveSession,4263.989,R,id,,,,
accounts,FetchTrainerIds,4263.990,R,trainerID,secretID,,,
accountStats,RetrievePlaytime,4263.991,R,playtime,,,,
sessionSaveData,ReadSessionSaveData,4263.992,R,data,,,,
accounts,UpdateAccountLastActivity,4263.995,W,lastActivity,,,,
sessionSaveData,StoreSessionSaveData,4264.002,W,uuid,slot,data,timeStamp,
accounts,UpdateAccountLastActivity,4264.003,W,lastActivity,,,,
accountStats,UpdateAccountStats,4264.005,W,stats,,,,
systemSaveData,StoreSystemSaveData,4264.030,W,uuid,data,timeStamp,,
sessions,FetchUUIDFromToken,4318.238,R,uuid,,,,
activeClientSessions,IsActiveSession,4318.239,R,id,,,,
verify system,,4318.239,,,,,,
sessions,FetchUUIDFromToken,4353.389,R,uuid,,,,
activeClientSessions,IsActiveSession,4353.390,R,id,,,,
verify system,,4353.390,,,,,,
sessions,FetchUUIDFromToken,4393.347,R,uuid,,,,
activeClientSessions,IsActiveSession,4393.348,R,id,,,,
verify system,,4393.348,,,,,,
sessions,FetchUUIDFromToken,4456.857,R,uuid,,,,
activeClientSessions,IsActiveSession,4456.858,R,id,,,,
verify system,,4456.858,,,,,,
sessions,FetchUUIDFromToken,4603.522,R,uuid,,,,
updateAll,,4603.522,,,,,,
activeClientSessions,IsActiveSession,4604.337,R,id,,,,
accounts,FetchTrainerIds,4604.338,R,trainerID,secretID,,,
accountStats,RetrievePlaytime,4604.339,R,playtime,,,,
sessionSaveData,ReadSessionSaveData,4604.340,R,data,,,,
accounts,UpdateAccountLastActivity,4604.344,W,lastActivity,,,,
sessionSaveData,StoreSessionSaveData,4604.361,W,uuid,slot,data,timeStamp,
accounts,UpdateAccountLastActivity,4604.362,W,lastActivity,,,,
accountStats,UpdateAccountStats,4604.363,W,stats,,,,
systemSaveData,StoreSystemSaveData,4604.389,W,uuid,data,timeStamp,,
sessions,FetchUUIDFromToken,4647.707,R,uuid,,,,
activeClientSessions,IsActiveSession,4647.708,R,id,,,,
verify system,,4647.708,,,,,,
sessions,FetchUUIDFromToken,4672.173,R,uuid,,,,
activeClientSessions,IsActiveSession,4672.174,R,id,,,,
verify system,,4672.174,,,,,,
sessions,FetchUUIDFromToken,4707.956,R,uuid,,,,
activeClientSessions,IsActiveSession,4707.957,R,id,,,,
verify system,,4707.957,,,,,,
sessions,FetchUUIDFromToken,4733.840,R,uuid,,,,
activeClientSessions,IsActiveSession,4733.841,R,id,,,,
verify system,,4733.841,,,,,,
sessions,FetchUUIDFromToken,4877.279,R,uuid,,,,
updateAll,,4877.279,,,,,,
activeClientSessions,IsActiveSession,4878.908,R,id,,,,
accounts,FetchTrainerIds,4878.909,R,trainerID,secretID,,,
accountStats,RetrievePlaytime,4878.910,R,playtime,,,,
sessionSaveData,ReadSessionSaveData,4878.911,R,data,,,,
accounts,UpdateAccountLastActivity,4878.914,W,lastActivity,,,,
sessionSaveData,StoreSessionSaveData,4878.930,W,uuid,slot,data,timeStamp,
accounts,UpdateAccountLastActivity,4878.931,W,lastActivity,,,,
accountStats,UpdateAccountStats,4878.933,W,stats,,,,
systemSaveData,StoreSystemSaveData,4878.961,W,uuid,data,timeStamp,,
sessions,FetchUUIDFromToken,5076.275,R,uuid,,,,
activeClientSessions,IsActiveSession,5076.276,R,id,,,,
verify system,,5076.276,,,,,,
sessions,FetchUUIDFromToken,5166.576,R,uuid,,,,
activeClientSessions,IsActiveSession,5166.577,R,id,,,,
verify system,,5166.577,,,,,,
sessions,FetchUUIDFromToken,5242.777,R,uuid,,,,
updateAll,,5242.777,,,,,,
activeClientSessions,IsActiveSession,5243.305,R,id,,,,
accounts,FetchTrainerIds,5243.305,R,trainerID,secretID,,,
accountStats,RetrievePlaytime,5243.306,R,playtime,,,,
sessionSaveData,ReadSessionSaveData,5243.307,R,data,,,,
accounts,UpdateAccountLastActivity,5243.311,W,lastActivity,,,,
sessionSaveData,StoreSessionSaveData,5243.328,W,uuid,slot,data,timeStamp,
accounts,UpdateAccountLastActivity,5243.329,W,lastActivity,,,,
accountStats,UpdateAccountStats,5243.331,W,stats,,,,
systemSaveData,StoreSystemSaveData,5243.360,W,uuid,data,timeStamp,,
sessions,FetchUUIDFromToken,5336.477,R,uuid,,,,
activeClientSessions,IsActiveSession,5336.478,R,id,,,,
verify system,,5336.478,,,,,,
sessions,FetchUUIDFromToken,5402.502,R,uuid,,,,
updateAll,,5402.502,,,,,,
activeClientSessions,IsActiveSession,5403.002,R,id,,,,
accounts,FetchTrainerIds,5403.003,R,trainerID,secretID,,,
accountStats,RetrievePlaytime,5403.004,R,playtime,,,,
sessionSaveData,ReadSessionSaveData,5403.005,R,data,,,,
accounts,UpdateAccountLastActivity,5403.008,W,lastActivity,,,,
sessionSaveData,StoreSessionSaveData,5403.025,W,uuid,slot,data,timeStamp,
accounts,UpdateAccountLastActivity,5403.026,W,lastActivity,,,,
accountStats,UpdateAccountStats,5403.028,W,stats,,,,
systemSaveData,StoreSystemSaveData,5403.049,W,uuid,data,timeStamp,,
sessions,FetchUUIDFromToken,5570.504,R,uuid,,,,
activeClientSessions,IsActiveSession,5570.505,R,id,,,,
verify system,,5570.505,,,,,,
sessions,FetchUUIDFromToken,5755.979,R,uuid,,,,
activeClientSessions,IsActiveSession,5755.981,R,id,,,,
verify system,,5755.981,,,,,,
sessions,FetchUUIDFromToken,5785.771,R,uuid,,,,
activeClientSessions,IsActiveSession,5785.772,R,id,,,,
verify system,,5785.772,,,,,,
sessions,FetchUUIDFromToken,5791.135,R,uuid,,,,
updateAll,,5791.135,,,,,,
activeClientSessions,IsActiveSession,5791.642,R,id,,,,
accounts,FetchTrainerIds,5791.642,R,trainerID,secretID,,,
accountStats,RetrievePlaytime,5791.643,R,playtime,,,,
sessionSaveData,ReadSessionSaveData,5791.644,R,data,,,,
accounts,UpdateAccountLastActivity,5791.649,W,lastActivity,,,,
sessionSaveData,StoreSessionSaveData,5791.664,W,uuid,slot,data,timeStamp,
accounts,UpdateAccountLastActivity,5791.665,W,lastActivity,,,,
accountStats,UpdateAccountStats,5791.667,W,stats,,,,
systemSaveData,StoreSystemSaveData,5791.694,W,uuid,data,timeStamp,,
sessions,FetchUUIDFromToken,5798.691,R,uuid,,,,
updateAll,,5798.691,,,,,,
activeClientSessions,IsActiveSession,5799.557,R,id,,,,
accounts,FetchTrainerIds,5799.558,R,trainerID,secretID,,,
accountStats,RetrievePlaytime,5799.559,R,playtime,,,,
sessionSaveData,ReadSessionSaveData,5799.559,R,data,,,,
accounts,UpdateAccountLastActivity,5799.563,W,lastActivity,,,,
sessionSaveData,StoreSessionSaveData,5799.570,W,uuid,slot,data,timeStamp,
accounts,UpdateAccountLastActivity,5799.571,W,lastActivity,,,,
accountStats,UpdateAccountStats,5799.573,W,stats,,,,
systemSaveData,StoreSystemSaveData,5799.603,W,uuid,data,timeStamp,,
sessions,FetchUUIDFromToken,5811.519,R,uuid,,,,
updateAll,,5811.519,,,,,,
activeClientSessions,IsActiveSession,5812.387,R,id,,,,
accounts,FetchTrainerIds,5812.388,R,trainerID,secretID,,,
accountStats,RetrievePlaytime,5812.388,R,playtime,,,,
sessionSaveData,ReadSessionSaveData,5812.389,R,data,,,,
accounts,UpdateAccountLastActivity,5812.392,W,lastActivity,,,,
sessionSaveData,StoreSessionSaveData,5812.402,W,uuid,slot,data,timeStamp,
accounts,UpdateAccountLastActivity,5812.403,W,lastActivity,,,,
accountStats,UpdateAccountStats,5812.405,W,stats,,,,
systemSaveData,StoreSystemSaveData,5812.416,W,uuid,data,timeStamp,,
sessions,FetchUUIDFromToken,5971.867,R,uuid,,,,
activeClientSessions,IsActiveSession,5971.868,R,id,,,,
verify system,,5971.868,,,,,,
sessions,FetchUUIDFromToken,6003.630,R,uuid,,,,
updateAll,,6003.631,,,,,,
activeClientSessions,IsActiveSession,6004.607,R,id,,,,
accounts,FetchTrainerIds,6004.608,R,trainerID,secretID,,,
accountStats,RetrievePlaytime,6004.609,R,playtime,,,,
sessionSaveData,ReadSessionSaveData,6004.610,R,data,,,,
accounts,UpdateAccountLastActivity,6004.616,W,lastActivity,,,,
sessionSaveData,StoreSessionSaveData,6004.638,W,uuid,slot,data,timeStamp,
accounts,UpdateAccountLastActivity,6004.640,W,lastActivity,,,,
accountStats,UpdateAccountStats,6004.646,W,stats,,,,
systemSaveData,StoreSystemSaveData,6004.680,W,uuid,data,timeStamp,,
sessions,FetchUUIDFromToken,6049.967,R,uuid,,,,
activeClientSessions,IsActiveSession,6049.968,R,id,,,,
verify system,,6049.968,,,,,,
sessions,FetchUUIDFromToken,6111.649,R,uuid,,,,
activeClientSessions,IsActiveSession,6111.650,R,id,,,,
verify system,,6111.650,,,,,,
sessions,FetchUUIDFromToken,6191.820,R,uuid,,,,
activeClientSessions,IsActiveSession,6191.821,R,id,,,,
verify system,,6191.821,,,,,,
sessions,FetchUUIDFromToken,6221.746,R,uuid,,,,
activeClientSessions,IsActiveSession,6221.747,R,id,,,,
verify system,,6221.747,,,,,,
sessions,FetchUUIDFromToken,6254.594,R,uuid,,,,
updateAll,,6254.594,,,,,,
activeClientSessions,IsActiveSession,6255.437,R,id,,,,
accounts,FetchTrainerIds,6255.438,R,trainerID,secretID,,,
accountStats,RetrievePlaytime,6255.439,R,playtime,,,,
sessionSaveData,ReadSessionSaveData,6255.440,R,data,,,,
accounts,UpdateAccountLastActivity,6255.443,W,lastActivity,,,,
sessionSaveData,StoreSessionSaveData,6255.459,W,uuid,slot,data,timeStamp,
accounts,UpdateAccountLastActivity,6255.460,W,lastActivity,,,,
accountStats,UpdateAccountStats,6255.462,W,stats,,,,
systemSaveData,StoreSystemSaveData,6255.490,W,uuid,data,timeStamp,,
sessions,FetchUUIDFromToken,6432.788,R,uuid,,,,
activeClientSessions,IsActiveSession,6432.789,R,id,,,,
verify system,,6432.789,,,,,,
sessions,FetchUUIDFromToken,6463.071,R,uuid,,,,
activeClientSessions,IsActiveSession,6463.071,R,id,,,,
verify system,,6463.072,,,,,,
sessions,FetchUUIDFromToken,6578.411,R,uuid,,,,
updateAll,,6578.411,,,,,,
activeClientSessions,IsActiveSession,6579.724,R,id,,,,
accounts,FetchTrainerIds,6579.725,R,trainerID,secretID,,,
accountStats,RetrievePlaytime,6579.726,R,playtime,,,,
sessionSaveData,ReadSessionSaveData,6579.726,R,data,,,,
accounts,UpdateAccountLastActivity,6579.730,W,lastActivity,,,,
sessionSaveData,StoreSessionSaveData,6579.746,W,uuid,slot,data,timeStamp,
accounts,UpdateAccountLastActivity,6579.747,W,lastActivity,,,,
accountStats,UpdateAccountStats,6579.749,W,stats,,,,
systemSaveData,StoreSystemSaveData,6579.774,W,uuid,data,timeStamp,,
sessions,FetchUUIDFromToken,6693.683,R,uuid,,,,
activeClientSessions,IsActiveSession,6693.683,R,id,,,,
verify system,,6693.683,,,,,,
sessions,FetchUUIDFromToken,6807.940,R,uuid,,,,
updateAll,,6807.940,,,,,,
activeClientSessions,IsActiveSession,6809.170,R,id,,,,
accounts,FetchTrainerIds,6809.171,R,trainerID,secretID,,,
accountStats,RetrievePlaytime,6809.172,R,playtime,,,,
sessionSaveData,ReadSessionSaveData,6809.173,R,data,,,,
accounts,UpdateAccountLastActivity,6809.179,W,lastActivity,,,,
sessionSaveData,StoreSessionSaveData,6809.194,W,uuid,slot,data,timeStamp,
accounts,UpdateAccountLastActivity,6809.195,W,lastActivity,,,,
accountStats,UpdateAccountStats,6809.197,W,stats,,,,
systemSaveData,StoreSystemSaveData,6809.217,W,uuid,data,timeStamp,,
sessions,FetchUUIDFromToken,6959.135,R,uuid,,,,
activeClientSessions,IsActiveSession,6959.135,R,id,,,,
verify system,,6959.136,,,,,,
sessions,FetchUUIDFromToken,7320.898,R,uuid,,,,
updateAll,,7320.898,,,,,,
activeClientSessions,IsActiveSession,7321.768,R,id,,,,
accounts,FetchTrainerIds,7321.769,R,trainerID,secretID,,,
accountStats,RetrievePlaytime,7321.769,R,playtime,,,,
sessionSaveData,ReadSessionSaveData,7321.770,R,data,,,,
accounts,UpdateAccountLastActivity,7321.776,W,lastActivity,,,,
sessionSaveData,StoreSessionSaveData,7321.790,W,uuid,slot,data,timeStamp,
accounts,UpdateAccountLastActivity,7321.791,W,lastActivity,,,,
accountStats,UpdateAccountStats,7321.793,W,stats,,,,
systemSaveData,StoreSystemSaveData,7321.823,W,uuid,data,timeStamp,,
sessions,FetchUUIDFromToken,7332.011,R,uuid,,,,
updateAll,,7332.011,,,,,,
activeClientSessions,IsActiveSession,7332.722,R,id,,,,
accounts,FetchTrainerIds,7332.723,R,trainerID,secretID,,,
accountStats,RetrievePlaytime,7332.723,R,playtime,,,,
sessionSaveData,ReadSessionSaveData,7332.724,R,data,,,,
accounts,UpdateAccountLastActivity,7332.727,W,lastActivity,,,,
sessionSaveData,StoreSessionSaveData,7332.735,W,uuid,slot,data,timeStamp,
accounts,UpdateAccountLastActivity,7332.737,W,lastActivity,,,,
accountStats,UpdateAccountStats,7332.738,W,stats,,,,
systemSaveData,StoreSystemSaveData,7332.763,W,uuid,data,timeStamp,,
sessions,FetchUUIDFromToken,7334.670,R,uuid,,,,
Info,,7334.670,,,,,,
accounts,FetchUsernameFromUUID,7334.671,R,userName,,,,
accounts,FetchDiscordIdByUsername,7334.672,R,discordId,,,,
accounts,FetchGoogleIdByUsername,7334.673,R,googleId,,,,
sessionSaveData,GetLatestSessionSaveDataSlot,7334.674,R,slot,,,,
sessions,FetchUUIDFromToken,7334.881,R,uuid,,,,
activeClientSessions,IsActiveSession,7334.882,R,id,,,,
get system,,7334.882,,,,,,
systemSaveData,ReadSystemSaveData,7334.883,R,data,,,,
sessions,FetchUUIDFromToken,7335.152,R,uuid,,,,
activeClientSessions,UpdateActiveSession,7335.152,W,uuid,clientSessionId,,,
sessionSaveData,ReadSessionSaveData,7335.153,R,data,,,,
accounts,FetchAccountKeySaltFromUsername,50572.810,R,key,salt,,,
accounts,AddAccountSession,50573.907,R,uuid,token,expire,,
sessions,AddAccountSession,50573.908,W,uuid,token,expire,,
accounts,AddAccountSession,50573.911,W,lastLoggedIn,,,,
login start!,,0.000,,,,,,
login,,0.000,,,,,,
sessions,FetchUUIDFromToken,0.207,R,uuid,,,,
Info,,0.207,,,,,,
accounts,FetchUsernameFromUUID,0.207,R,userName,,,,
accounts,FetchDiscordIdByUsername,0.208,R,discordId,,,,
accounts,FetchGoogleIdByUsername,0.209,R,googleId,,,,
sessionSaveData,GetLatestSessionSaveDataSlot,0.210,R,slot,,,,
sessions,FetchUUIDFromToken,0.402,R,uuid,,,,
activeClientSessions,IsActiveSession,0.403,R,id,,,,
get system,,0.403,,,,,,
activeClientSessions,UpdateActiveSession,0.404,W,uuid,clientSessionId,,,
systemSaveData,ReadSystemSaveData,0.405,R,data,,,,
sessions,FetchUUIDFromToken,4.413,R,uuid,,,,
activeClientSessions,UpdateActiveSession,4.414,W,uuid,clientSessionId,,,
sessionSaveData,ReadSessionSaveData,4.415,R,data,,,,
sessions,FetchUUIDFromToken,157.864,R,uuid,,,,
activeClientSessions,IsActiveSession,157.865,R,id,,,,
verify system,,157.865,,,,,,
sessions,FetchUUIDFromToken,256.779,R,uuid,,,,
activeClientSessions,IsActiveSession,256.779,R,id,,,,
verify system,,256.779,,,,,,
sessions,FetchUUIDFromToken,519.169,R,uuid,,,,
updateAll,,519.169,,,,,,
activeClientSessions,IsActiveSession,519.797,R,id,,,,
accounts,FetchTrainerIds,519.797,R,trainerID,secretID,,,
accountStats,RetrievePlaytime,519.798,R,playtime,,,,
sessionSaveData,ReadSessionSaveData,519.799,R,data,,,,
accounts,UpdateAccountLastActivity,519.802,W,lastActivity,,,,
sessionSaveData,StoreSessionSaveData,519.817,W,uuid,slot,data,timeStamp,
accounts,UpdateAccountLastActivity,519.818,W,lastActivity,,,,
accountStats,UpdateAccountStats,519.820,W,stats,,,,
systemSaveData,StoreSystemSaveData,519.848,W,uuid,data,timeStamp,,
sessions,FetchUUIDFromToken,589.424,R,uuid,,,,
Info,,589.424,,,,,,
accounts,FetchUsernameFromUUID,589.425,R,userName,,,,
accounts,FetchDiscordIdByUsername,589.426,R,discordId,,,,
accounts,FetchGoogleIdByUsername,589.427,R,googleId,,,,
sessionSaveData,GetLatestSessionSaveDataSlot,589.427,R,slot,,,,
sessions,FetchUUIDFromToken,589.625,R,uuid,,,,
activeClientSessions,IsActiveSession,589.626,R,id,,,,
get system,,589.626,,,,,,
activeClientSessions,UpdateActiveSession,589.628,W,uuid,clientSessionId,,,
systemSaveData,ReadSystemSaveData,589.629,R,data,,,,
sessions,FetchUUIDFromToken,589.911,R,uuid,,,,
activeClientSessions,UpdateActiveSession,589.912,W,uuid,clientSessionId,,,
sessionSaveData,ReadSessionSaveData,589.913,R,data,,,,
sessions,FetchUUIDFromToken,1052.005,R,uuid,,,,
activeClientSessions,IsActiveSession,1052.006,R,id,,,,
verify system,,1052.006,,,,,,
sessions,FetchUUIDFromToken,1097.065,R,uuid,,,,
activeClientSessions,IsActiveSession,1097.066,R,id,,,,
verify system,,1097.066,,,,,,
sessions,FetchUUIDFromToken,1180.251,R,uuid,,,,
activeClientSessions,IsActiveSession,1180.252,R,id,,,,
verify system,,1180.252,,,,,,
sessions,FetchUUIDFromToken,1271.916,R,uuid,,,,
updateAll,,1271.916,,,,,,
activeClientSessions,IsActiveSession,1272.495,R,id,,,,
accounts,FetchTrainerIds,1272.496,R,trainerID,secretID,,,
accountStats,RetrievePlaytime,1272.496,R,playtime,,,,
sessionSaveData,ReadSessionSaveData,1272.497,R,data,,,,
accounts,UpdateAccountLastActivity,1272.501,W,lastActivity,,,,
sessionSaveData,StoreSessionSaveData,1272.517,W,uuid,slot,data,timeStamp,
accounts,UpdateAccountLastActivity,1272.518,W,lastActivity,,,,
accountStats,UpdateAccountStats,1272.519,W,stats,,,,
systemSaveData,StoreSystemSaveData,1272.544,W,uuid,data,timeStamp,,
sessions,FetchUUIDFromToken,1350.204,R,uuid,,,,
Info,,1350.204,,,,,,
accounts,FetchUsernameFromUUID,1350.205,R,userName,,,,
accounts,FetchDiscordIdByUsername,1350.206,R,discordId,,,,
accounts,FetchGoogleIdByUsername,1350.207,R,googleId,,,,
sessionSaveData,GetLatestSessionSaveDataSlot,1350.208,R,slot,,,,
sessions,FetchUUIDFromToken,1350.394,R,uuid,,,,
activeClientSessions,IsActiveSession,1350.395,R,id,,,,
get system,,1350.395,,,,,,
activeClientSessions,UpdateActiveSession,1350.397,W,uuid,clientSessionId,,,
systemSaveData,ReadSystemSaveData,1350.398,R,data,,,,
sessions,FetchUUIDFromToken,1350.666,R,uuid,,,,
activeClientSessions,UpdateActiveSession,1350.667,W,uuid,clientSessionId,,,
sessionSaveData,ReadSessionSaveData,1350.667,R,data,,,,
sessions,FetchUUIDFromToken,1374.507,R,uuid,,,,
Info,,1374.508,,,,,,
accounts,FetchUsernameFromUUID,1374.508,R,userName,,,,
accounts,FetchDiscordIdByUsername,1374.509,R,discordId,,,,
accounts,FetchGoogleIdByUsername,1374.510,R,googleId,,,,
sessionSaveData,GetLatestSessionSaveDataSlot,1374.511,R,slot,,,,
sessions,FetchUUIDFromToken,1374.696,R,uuid,,,,
activeClientSessions,IsActiveSession,1374.697,R,id,,,,
get system,,1374.697,,,,,,
activeClientSessions,UpdateActiveSession,1374.699,W,uuid,clientSessionId,,,
systemSaveData,ReadSystemSaveData,1374.700,R,data,,,,
sessions,FetchUUIDFromToken,1374.970,R,uuid,,,,
activeClientSessions,UpdateActiveSession,1374.971,W,uuid,clientSessionId,,,
sessionSaveData,ReadSessionSaveData,1374.971,R,data,,,,
sessions,FetchUUIDFromToken,1392.490,R,uuid,,,,
Info,,1392.490,,,,,,
accounts,FetchUsernameFromUUID,1392.491,R,userName,,,,
accounts,FetchDiscordIdByUsername,1392.492,R,discordId,,,,
accounts,FetchGoogleIdByUsername,1392.494,R,googleId,,,,
sessionSaveData,GetLatestSessionSaveDataSlot,1392.495,R,slot,,,,
sessions,FetchUUIDFromToken,1392.684,R,uuid,,,,
activeClientSessions,IsActiveSession,1392.685,R,id,,,,
get system,,1392.685,,,,,,
activeClientSessions,UpdateActiveSession,1392.687,W,uuid,clientSessionId,,,
systemSaveData,ReadSystemSaveData,1392.688,R,data,,,,
sessions,FetchUUIDFromToken,1392.948,R,uuid,,,,
activeClientSessions,UpdateActiveSession,1392.949,W,uuid,clientSessionId,,,
sessionSaveData,ReadSessionSaveData,1392.950,R,data,,,,
sessions,FetchUUIDFromToken,1404.232,R,uuid,,,,
Info,,1404.232,,,,,,
accounts,FetchUsernameFromUUID,1404.233,R,userName,,,,
accounts,FetchDiscordIdByUsername,1404.234,R,discordId,,,,
accounts,FetchGoogleIdByUsername,1404.235,R,googleId,,,,
sessionSaveData,GetLatestSessionSaveDataSlot,1404.236,R,slot,,,,
sessions,FetchUUIDFromToken,1404.422,R,uuid,,,,
activeClientSessions,IsActiveSession,1404.422,R,id,,,,
get system,,1404.422,,,,,,
activeClientSessions,UpdateActiveSession,1404.424,W,uuid,clientSessionId,,,
systemSaveData,ReadSystemSaveData,1404.425,R,data,,,,
sessions,FetchUUIDFromToken,1404.691,R,uuid,,,,
activeClientSessions,UpdateActiveSession,1404.692,W,uuid,clientSessionId,,,
sessionSaveData,ReadSessionSaveData,1404.693,R,data,,,,
sessions,FetchUUIDFromToken,1419.656,R,uuid,,,,
Info,,1419.656,,,,,,
accounts,FetchUsernameFromUUID,1419.656,R,userName,,,,
accounts,FetchDiscordIdByUsername,1419.658,R,discordId,,,,
accounts,FetchGoogleIdByUsername,1419.659,R,googleId,,,,
sessionSaveData,GetLatestSessionSaveDataSlot,1419.660,R,slot,,,,
sessions,FetchUUIDFromToken,1419.846,R,uuid,,,,
activeClientSessions,IsActiveSession,1419.846,R,id,,,,
get system,,1419.847,,,,,,
activeClientSessions,UpdateActiveSession,1419.848,W,uuid,clientSessionId,,,
systemSaveData,ReadSystemSaveData,1419.849,R,data,,,,
sessions,FetchUUIDFromToken,1420.108,R,uuid,,,,
activeClientSessions,UpdateActiveSession,1420.109,W,uuid,clientSessionId,,,
sessionSaveData,ReadSessionSaveData,1420.110,R,data,,,,
sessions,FetchUUIDFromToken,1464.290,R,uuid,,,,
Info,,1464.290,,,,,,
accounts,FetchUsernameFromUUID,1464.291,R,userName,,,,
accounts,FetchDiscordIdByUsername,1464.292,R,discordId,,,,
accounts,FetchGoogleIdByUsername,1464.293,R,googleId,,,,
sessionSaveData,GetLatestSessionSaveDataSlot,1464.294,R,slot,,,,
sessions,FetchUUIDFromToken,1464.480,R,uuid,,,,
activeClientSessions,IsActiveSession,1464.481,R,id,,,,
get system,,1464.481,,,,,,
activeClientSessions,UpdateActiveSession,1464.485,W,uuid,clientSessionId,,,
systemSaveData,ReadSystemSaveData,1464.486,R,data,,,,
sessions,FetchUUIDFromToken,1464.745,R,uuid,,,,
activeClientSessions,UpdateActiveSession,1464.746,W,uuid,clientSessionId,,,
sessionSaveData,ReadSessionSaveData,1464.747,R,data,,,,
sessions,FetchUUIDFromToken,1479.879,R,uuid,,,,
Info,,1479.879,,,,,,
accounts,FetchUsernameFromUUID,1479.880,R,userName,,,,
accounts,FetchDiscordIdByUsername,1479.881,R,discordId,,,,
accounts,FetchGoogleIdByUsername,1479.882,R,googleId,,,,
sessionSaveData,GetLatestSessionSaveDataSlot,1479.883,R,slot,,,,
sessions,FetchUUIDFromToken,1480.069,R,uuid,,,,
activeClientSessions,IsActiveSession,1480.070,R,id,,,,
get system,,1480.070,,,,,,
activeClientSessions,UpdateActiveSession,1480.072,W,uuid,clientSessionId,,,
systemSaveData,ReadSystemSaveData,1480.072,R,data,,,,
sessions,FetchUUIDFromToken,1480.331,R,uuid,,,,
activeClientSessions,UpdateActiveSession,1480.331,W,uuid,clientSessionId,,,
sessionSaveData,ReadSessionSaveData,1480.332,R,data,,,,
sessions,FetchUUIDFromToken,1567.187,R,uuid,,,,
activeClientSessions,UpdateActiveSession,1567.188,W,uuid,clientSessionId,,,
sessionSaveData,ReadSessionSaveData,1567.189,R,data,,,,
newclear session,,1567.192,,,,,,
sessions,FetchUUIDFromToken,1568.665,R,uuid,,,,
updateAll,,1568.665,,,,,,
activeClientSessions,IsActiveSession,1569.243,R,id,,,,
accounts,FetchTrainerIds,1569.244,R,trainerID,secretID,,,
accountStats,RetrievePlaytime,1569.245,R,playtime,,,,
sessionSaveData,ReadSessionSaveData,1569.246,R,data,,,,
accounts,UpdateAccountLastActivity,1569.251,W,lastActivity,,,,
sessionSaveData,StoreSessionSaveData,1569.268,W,uuid,slot,data,timeStamp,
accounts,UpdateAccountLastActivity,1569.269,W,lastActivity,,,,
accountStats,UpdateAccountStats,1569.273,W,stats,,,,
systemSaveData,StoreSystemSaveData,1569.290,W,uuid,data,timeStamp,,
sessions,FetchUUIDFromToken,1569.476,R,uuid,,,,
activeClientSessions,UpdateActiveSession,1569.477,W,uuid,clientSessionId,,,
clear session,,1569.482,,,,,,
accounts,UpdateAccountLastActivity,1569.483,W,lastActivity,,,,
sessionSaveData,DeleteSessionSaveData,1569.485,W,sessionSaveData,,,,
sessions,FetchUUIDFromToken,1569.670,R,uuid,,,,
Info,,1569.670,,,,,,
accounts,FetchUsernameFromUUID,1569.671,R,userName,,,,
accounts,FetchDiscordIdByUsername,1569.672,R,discordId,,,,
accounts,FetchGoogleIdByUsername,1569.673,R,googleId,,,,
sessionSaveData,GetLatestSessionSaveDataSlot,1569.674,R,slot,,,,
sessions,FetchUUIDFromToken,1573.859,R,uuid,,,,
activeClientSessions,UpdateActiveSession,1573.860,W,uuid,clientSessionId,,,
sessionSaveData,ReadSessionSaveData,1573.861,R,data,,,,
sessions,FetchUUIDFromToken,1573.863,R,uuid,,,,
sessions,FetchUUIDFromToken,1573.863,R,uuid,,,,
sessions,FetchUUIDFromToken,1573.864,R,uuid,,,,
activeClientSessions,UpdateActiveSession,1573.864,W,uuid,clientSessionId,,,
sessionSaveData,ReadSessionSaveData,1573.866,R,data,,,,
sessions,FetchUUIDFromToken,1573.866,R,uuid,,,,
activeClientSessions,UpdateActiveSession,1573.866,W,uuid,clientSessionId,,,
activeClientSessions,UpdateActiveSession,1573.867,W,uuid,clientSessionId,,,
activeClientSessions,UpdateActiveSession,1573.867,W,uuid,clientSessionId,,,
sessionSaveData,ReadSessionSaveData,1573.867,R,data,,,,
sessionSaveData,ReadSessionSaveData,1573.867,R,data,,,,
sessionSaveData,ReadSessionSaveData,1573.868,R,data,,,,
sessions,FetchUUIDFromToken,1578.490,R,uuid,,,,
Info,,1578.490,,,,,,
accounts,FetchUsernameFromUUID,1578.490,R,userName,,,,
accounts,FetchDiscordIdByUsername,1578.491,R,discordId,,,,
accounts,FetchGoogleIdByUsername,1578.492,R,googleId,,,,
sessionSaveData,GetLatestSessionSaveDataSlot,1578.493,R,slot,,,,
sessions,FetchUUIDFromToken,1578.679,R,uuid,,,,
activeClientSessions,IsActiveSession,1578.680,R,id,,,,
get system,,1578.680,,,,,,
activeClientSessions,UpdateActiveSession,1578.682,W,uuid,clientSessionId,,,
systemSaveData,ReadSystemSaveData,1578.682,R,data,,,,
sessions,FetchUUIDFromToken,1583.109,R,uuid,,,,
sessions,FetchUUIDFromToken,1583.110,R,uuid,,,,
activeClientSessions,UpdateActiveSession,1583.110,W,uuid,clientSessionId,,,
activeClientSessions,UpdateActiveSession,1583.110,W,uuid,clientSessionId,,,
sessionSaveData,ReadSessionSaveData,1583.111,R,data,,,,
sessionSaveData,ReadSessionSaveData,1583.112,R,data,,,,
sessions,FetchUUIDFromToken,1583.113,R,uuid,,,,
sessions,FetchUUIDFromToken,1583.113,R,uuid,,,,
sessions,FetchUUIDFromToken,1583.113,R,uuid,,,,
activeClientSessions,UpdateActiveSession,1583.113,W,uuid,clientSessionId,,,
activeClientSessions,UpdateActiveSession,1583.114,W,uuid,clientSessionId,,,
activeClientSessions,UpdateActiveSession,1583.114,W,uuid,clientSessionId,,,
sessionSaveData,ReadSessionSaveData,1583.114,R,data,,,,
sessionSaveData,ReadSessionSaveData,1583.115,R,data,,,,
sessionSaveData,ReadSessionSaveData,1583.115,R,data,,,,
sessions,FetchUUIDFromToken,1784.037,R,uuid,,,,
activeClientSessions,UpdateActiveSession,1784.039,W,uuid,clientSessionId,,,
sessions,FetchUUIDFromToken,1784.039,R,uuid,,,,
sessionSaveData,ReadSessionSaveData,1784.039,R,data,,,,
sessions,FetchUUIDFromToken,1784.039,R,uuid,,,,
activeClientSessions,UpdateActiveSession,1784.040,W,uuid,clientSessionId,,,
activeClientSessions,UpdateActiveSession,1784.041,W,uuid,clientSessionId,,,
sessionSaveData,ReadSessionSaveData,1784.041,R,data,,,,
sessionSaveData,ReadSessionSaveData,1784.041,R,data,,,,
sessions,FetchUUIDFromToken,1784.213,R,uuid,,,,
activeClientSessions,UpdateActiveSession,1784.214,W,uuid,clientSessionId,,,
sessionSaveData,ReadSessionSaveData,1784.215,R,data,,,,
sessions,FetchUUIDFromToken,1784.216,R,uuid,,,,
activeClientSessions,UpdateActiveSession,1784.217,W,uuid,clientSessionId,,,
sessionSaveData,ReadSessionSaveData,1784.218,R,data,,,,
sessions,FetchUUIDFromToken,1789.843,R,uuid,,,,
updateAll,,1789.843,,,,,,
activeClientSessions,IsActiveSession,1790.420,R,id,,,,
accounts,FetchTrainerIds,1790.421,R,trainerID,secretID,,,
accountStats,RetrievePlaytime,1790.421,R,playtime,,,,
sessionSaveData,ReadSessionSaveData,1790.422,R,data,,,,
accounts,UpdateAccountLastActivity,1790.424,W,lastActivity,,,,
sessionSaveData,StoreSessionSaveData,1790.440,W,uuid,slot,data,timeStamp,
accounts,UpdateAccountLastActivity,1790.441,W,lastActivity,,,,
accountStats,UpdateAccountStats,1790.443,W,stats,,,,
systemSaveData,StoreSystemSaveData,1790.476,W,uuid,data,timeStamp,,
sessions,FetchUUIDFromToken,1839.889,R,uuid,,,,
activeClientSessions,IsActiveSession,1839.890,R,id,,,,
verify system,,1839.890,,,,,,
sessions,FetchUUIDFromToken,1875.473,R,uuid,,,,
activeClientSessions,IsActiveSession,1875.474,R,id,,,,
verify system,,1875.474,,,,,,
sessions,FetchUUIDFromToken,1903.336,R,uuid,,,,
activeClientSessions,IsActiveSession,1903.337,R,id,,,,
verify system,,1903.337,,,,,,
sessions,FetchUUIDFromToken,1983.331,R,uuid,,,,
activeClientSessions,IsActiveSession,1983.332,R,id,,,,
verify system,,1983.332,,,,,,
sessions,FetchUUIDFromToken,2033.994,R,uuid,,,,
updateAll,,2033.994,,,,,,
activeClientSessions,IsActiveSession,2034.595,R,id,,,,
accounts,FetchTrainerIds,2034.596,R,trainerID,secretID,,,
accountStats,RetrievePlaytime,2034.597,R,playtime,,,,
sessionSaveData,ReadSessionSaveData,2034.598,R,data,,,,
accounts,UpdateAccountLastActivity,2034.600,W,lastActivity,,,,
sessionSaveData,StoreSessionSaveData,2034.618,W,uuid,slot,data,timeStamp,
accounts,UpdateAccountLastActivity,2034.619,W,lastActivity,,,,
accountStats,UpdateAccountStats,2034.621,W,stats,,,,
systemSaveData,StoreSystemSaveData,2034.648,W,uuid,data,timeStamp,,
sessions,FetchUUIDFromToken,2050.915,R,uuid,,,,
activeClientSessions,IsActiveSession,2050.916,R,id,,,,
verify system,,2050.916,,,,,,
sessions,FetchUUIDFromToken,2110.571,R,uuid,,,,
activeClientSessions,IsActiveSession,2110.572,R,id,,,,
verify system,,2110.572,,,,,,
sessions,FetchUUIDFromToken,2248.636,R,uuid,,,,
activeClientSessions,IsActiveSession,2248.637,R,id,,,,
verify system,,2248.637,,,,,,
sessions,FetchUUIDFromToken,2268.285,R,uuid,,,,
activeClientSessions,IsActiveSession,2268.286,R,id,,,,
verify system,,2268.286,,,,,,
sessions,FetchUUIDFromToken,2294.412,R,uuid,,,,
updateAll,,2294.412,,,,,,
activeClientSessions,IsActiveSession,2294.815,R,id,,,,
accounts,FetchTrainerIds,2294.815,R,trainerID,secretID,,,
accountStats,RetrievePlaytime,2294.816,R,playtime,,,,
sessionSaveData,ReadSessionSaveData,2294.816,R,data,,,,
accounts,UpdateAccountLastActivity,2294.819,W,lastActivity,,,,
sessionSaveData,StoreSessionSaveData,2294.835,W,uuid,slot,data,timeStamp,
accounts,UpdateAccountLastActivity,2294.836,W,lastActivity,,,,
accountStats,UpdateAccountStats,2294.837,W,stats,,,,
systemSaveData,StoreSystemSaveData,2294.867,W,uuid,data,timeStamp,,
sessions,FetchUUIDFromToken,2421.127,R,uuid,,,,
activeClientSessions,IsActiveSession,2421.127,R,id,,,,
verify system,,2421.127,,,,,,
sessions,FetchUUIDFromToken,2484.981,R,uuid,,,,
Info,,2484.981,,,,,,
accounts,FetchUsernameFromUUID,2484.982,R,userName,,,,
accounts,FetchDiscordIdByUsername,2484.984,R,discordId,,,,
accounts,FetchGoogleIdByUsername,2484.985,R,googleId,,,,
sessionSaveData,GetLatestSessionSaveDataSlot,2484.986,R,slot,,,,
sessions,FetchUUIDFromToken,2485.174,R,uuid,,,,
activeClientSessions,IsActiveSession,2485.175,R,id,,,,
get system,,2485.175,,,,,,
activeClientSessions,UpdateActiveSession,2485.177,W,uuid,clientSessionId,,,
systemSaveData,ReadSystemSaveData,2485.178,R,data,,,,
sessions,FetchUUIDFromToken,2524.568,R,uuid,,,,
Info,,2524.568,,,,,,
accounts,FetchUsernameFromUUID,2524.569,R,userName,,,,
accounts,FetchDiscordIdByUsername,2524.570,R,discordId,,,,
accounts,FetchGoogleIdByUsername,2524.571,R,googleId,,,,
sessionSaveData,GetLatestSessionSaveDataSlot,2524.572,R,slot,,,,
sessions,FetchUUIDFromToken,2524.760,R,uuid,,,,
activeClientSessions,IsActiveSession,2524.761,R,id,,,,
get system,,2524.761,,,,,,
activeClientSessions,UpdateActiveSession,2524.763,W,uuid,clientSessionId,,,
systemSaveData,ReadSystemSaveData,2524.764,R,data,,,,
sessions,FetchUUIDFromToken,2542.132,R,uuid,,,,
Info,,2542.132,,,,,,
accounts,FetchUsernameFromUUID,2542.133,R,userName,,,,
accounts,FetchDiscordIdByUsername,2542.134,R,discordId,,,,
accounts,FetchGoogleIdByUsername,2542.135,R,googleId,,,,
sessionSaveData,GetLatestSessionSaveDataSlot,2542.136,R,slot,,,,
sessions,FetchUUIDFromToken,2542.327,R,uuid,,,,
activeClientSessions,IsActiveSession,2542.327,R,id,,,,
get system,,2542.327,,,,,,
activeClientSessions,UpdateActiveSession,2542.329,W,uuid,clientSessionId,,,
systemSaveData,ReadSystemSaveData,2542.330,R,data,,,,
sessions,FetchUUIDFromToken,2617.179,R,uuid,,,,
activeClientSessions,IsActiveSession,2617.180,R,id,,,,
verify system,,2617.180,,,,,,
sessions,FetchUUIDFromToken,2632.534,R,uuid,,,,
updateAll,,2632.534,,,,,,
activeClientSessions,IsActiveSession,2632.655,R,id,,,,
accounts,FetchTrainerIds,2632.656,R,trainerID,secretID,,,
accountStats,RetrievePlaytime,2632.656,R,playtime,,,,
sessionSaveData,ReadSessionSaveData,2632.657,R,data,,,,
accounts,UpdateAccountLastActivity,2632.661,W,lastActivity,,,,
sessionSaveData,StoreSessionSaveData,2632.675,W,uuid,slot,data,timeStamp,
accounts,UpdateAccountLastActivity,2632.676,W,lastActivity,,,,
accountStats,UpdateAccountStats,2632.679,W,stats,,,,
systemSaveData,StoreSystemSaveData,2632.697,W,uuid,data,timeStamp,,
sessions,FetchUUIDFromToken,2725.130,R,uuid,,,,
activeClientSessions,IsActiveSession,2725.131,R,id,,,,
verify system,,2725.131,,,,,,
sessions,FetchUUIDFromToken,2791.873,R,uuid,,,,
activeClientSessions,IsActiveSession,2791.874,R,id,,,,
verify system,,2791.874,,,,,,
accounts,FetchAccountKeySaltFromUsername,3171.660,R,key,salt,,,
accounts,AddAccountSession,3172.102,R,uuid,token,expire,,
sessions,AddAccountSession,3172.102,W,uuid,token,expire,,
accounts,AddAccountSession,3172.105,W,lastLoggedIn,,,,
login start!,,0.000,,,,,,
login,,0.000,,,,,,
sessions,FetchUUIDFromToken,0.248,R,uuid,,,,
Info,,0.248,,,,,,
accounts,FetchUsernameFromUUID,0.249,R,userName,,,,
accounts,FetchDiscordIdByUsername,0.250,R,discordId,,,,
accounts,FetchGoogleIdByUsername,0.251,R,googleId,,,,
sessionSaveData,GetLatestSessionSaveDataSlot,0.252,R,slot,,,,
sessions,FetchUUIDFromToken,0.437,R,uuid,,,,
activeClientSessions,IsActiveSession,0.438,R,id,,,,
get system,,0.438,,,,,,
activeClientSessions,UpdateActiveSession,0.440,W,uuid,clientSessionId,,,
systemSaveData,ReadSystemSaveData,0.441,R,data,,,,
sessions,FetchUUIDFromToken,7.486,R,uuid,,,,
activeClientSessions,UpdateActiveSession,7.487,W,uuid,clientSessionId,,,
sessionSaveData,ReadSessionSaveData,7.487,R,data,,,,
sessions,FetchUUIDFromToken,62.485,R,uuid,,,,
Info,,62.485,,,,,,
accounts,FetchUsernameFromUUID,62.486,R,userName,,,,
accounts,FetchDiscordIdByUsername,62.487,R,discordId,,,,
accounts,FetchGoogleIdByUsername,62.487,R,googleId,,,,
sessionSaveData,GetLatestSessionSaveDataSlot,62.488,R,slot,,,,
sessions,FetchUUIDFromToken,62.682,R,uuid,,,,
activeClientSessions,IsActiveSession,62.683,R,id,,,,
get system,,62.683,,,,,,
activeClientSessions,UpdateActiveSession,62.685,W,uuid,clientSessionId,,,
systemSaveData,ReadSystemSaveData,62.686,R,data,,,,
sessions,FetchUUIDFromToken,62.955,R,uuid,,,,
activeClientSessions,UpdateActiveSession,62.956,W,uuid,clientSessionId,,,
sessionSaveData,ReadSessionSaveData,62.956,R,data,,,,
sessions,FetchUUIDFromToken,172.849,R,uuid,,,,
activeClientSessions,IsActiveSession,172.850,R,id,,,,
verify system,,172.850,,,,,,
sessions,FetchUUIDFromToken,210.827,R,uuid,,,,
activeClientSessions,IsActiveSession,210.828,R,id,,,,
verify system,,210.828,,,,,,
sessions,FetchUUIDFromToken,231.042,R,uuid,,,,
Info,,231.042,,,,,,
accounts,FetchUsernameFromUUID,231.043,R,userName,,,,
accounts,FetchDiscordIdByUsername,231.044,R,discordId,,,,
accounts,FetchGoogleIdByUsername,231.045,R,googleId,,,,
sessionSaveData,GetLatestSessionSaveDataSlot,231.046,R,slot,,,,
sessions,FetchUUIDFromToken,231.238,R,uuid,,,,
activeClientSessions,IsActiveSession,231.239,R,id,,,,
get system,,231.239,,,,,,
activeClientSessions,UpdateActiveSession,231.241,W,uuid,clientSessionId,,,
systemSaveData,ReadSystemSaveData,231.241,R,data,,,,
sessions,FetchUUIDFromToken,295.204,R,uuid,,,,
Info,,295.204,,,,,,
accounts,FetchUsernameFromUUID,295.205,R,userName,,,,
accounts,FetchDiscordIdByUsername,295.206,R,discordId,,,,
accounts,FetchGoogleIdByUsername,295.207,R,googleId,,,,
sessionSaveData,GetLatestSessionSaveDataSlot,295.208,R,slot,,,,
sessions,FetchUUIDFromToken,295.405,R,uuid,,,,
activeClientSessions,IsActiveSession,295.406,R,id,,,,
get system,,295.406,,,,,,
activeClientSessions,UpdateActiveSession,295.408,W,uuid,clientSessionId,,,
systemSaveData,ReadSystemSaveData,295.409,R,data,,,,
sessions,FetchUUIDFromToken,630.554,R,uuid,,,,
Info,,630.554,,,,,,
accounts,FetchUsernameFromUUID,630.555,R,userName,,,,
accounts,FetchDiscordIdByUsername,630.556,R,discordId,,,,
accounts,FetchGoogleIdByUsername,630.557,R,googleId,,,,
sessionSaveData,GetLatestSessionSaveDataSlot,630.558,R,slot,,,,
sessions,FetchUUIDFromToken,630.751,R,uuid,,,,
activeClientSessions,IsActiveSession,630.752,R,id,,,,
get system,,630.752,,,,,,
activeClientSessions,UpdateActiveSession,630.754,W,uuid,clientSessionId,,,
systemSaveData,ReadSystemSaveData,630.754,R,data,,,,
sessions,FetchUUIDFromToken,631.076,R,uuid,,,,
activeClientSessions,UpdateActiveSession,631.077,W,uuid,clientSessionId,,,
sessionSaveData,ReadSessionSaveData,631.078,R,data,,,,
sessions,FetchUUIDFromToken,708.338,R,uuid,,,,
activeClientSessions,IsActiveSession,708.339,R,id,,,,
verify system,,708.339,,,,,,
sessions,FetchUUIDFromToken,756.043,R,uuid,,,,
activeClientSessions,IsActiveSession,756.044,R,id,,,,
verify system,,756.044,,,,,,
sessions,FetchUUIDFromToken,778.496,R,uuid,,,,
Info,,778.496,,,,,,
accounts,FetchUsernameFromUUID,778.497,R,userName,,,,
accounts,FetchDiscordIdByUsername,778.498,R,discordId,,,,
accounts,FetchGoogleIdByUsername,778.499,R,googleId,,,,
sessionSaveData,GetLatestSessionSaveDataSlot,778.500,R,slot,,,,
sessions,FetchUUIDFromToken,778.697,R,uuid,,,,
activeClientSessions,IsActiveSession,778.698,R,id,,,,
get system,,778.698,,,,,,
activeClientSessions,UpdateActiveSession,778.702,W,uuid,clientSessionId,,,
systemSaveData,ReadSystemSaveData,778.704,R,data,,,,
sessions,FetchUUIDFromToken,827.282,R,uuid,,,,
updateAll,,827.282,,,,,,
activeClientSessions,IsActiveSession,827.666,R,id,,,,
accounts,FetchTrainerIds,827.667,R,trainerID,secretID,,,
accountStats,RetrievePlaytime,827.668,R,playtime,,,,
sessionSaveData,ReadSessionSaveData,827.669,R,data,,,,
accounts,UpdateAccountLastActivity,827.672,W,lastActivity,,,,
sessionSaveData,StoreSessionSaveData,827.686,W,uuid,slot,data,timeStamp,
accounts,UpdateAccountLastActivity,827.687,W,lastActivity,,,,
accountStats,UpdateAccountStats,827.689,W,stats,,,,
systemSaveData,StoreSystemSaveData,827.708,W,uuid,data,timeStamp,,
sessions,FetchUUIDFromToken,840.383,R,uuid,,,,
updateAll,,840.383,,,,,,
activeClientSessions,IsActiveSession,840.577,R,id,,,,
accounts,FetchTrainerIds,840.577,R,trainerID,secretID,,,
accountStats,RetrievePlaytime,840.578,R,playtime,,,,
sessionSaveData,ReadSessionSaveData,840.579,R,data,,,,
accounts,UpdateAccountLastActivity,840.583,W,lastActivity,,,,
sessionSaveData,StoreSessionSaveData,840.591,W,uuid,slot,data,timeStamp,
accounts,UpdateAccountLastActivity,840.592,W,lastActivity,,,,
accountStats,UpdateAccountStats,840.593,W,stats,,,,
systemSaveData,StoreSystemSaveData,840.623,W,uuid,data,timeStamp,,
sessions,FetchUUIDFromToken,906.223,R,uuid,,,,
activeClientSessions,IsActiveSession,906.224,R,id,,,,
verify system,,906.224,,,,,,
sessions,FetchUUIDFromToken,1026.857,R,uuid,,,,
activeClientSessions,IsActiveSession,1026.858,R,id,,,,
verify system,,1026.858,,,,,,
sessions,FetchUUIDFromToken,1089.315,R,uuid,,,,
activeClientSessions,IsActiveSession,1089.316,R,id,,,,
verify system,,1089.316,,,,,,
sessions,FetchUUIDFromToken,1181.131,R,uuid,,,,
updateAll,,1181.131,,,,,,
activeClientSessions,IsActiveSession,1182.226,R,id,,,,
accounts,FetchTrainerIds,1182.227,R,trainerID,secretID,,,
accountStats,RetrievePlaytime,1182.227,R,playtime,,,,
sessionSaveData,ReadSessionSaveData,1182.228,R,data,,,,
accounts,UpdateAccountLastActivity,1182.232,W,lastActivity,,,,
sessionSaveData,StoreSessionSaveData,1182.249,W,uuid,slot,data,timeStamp,
accounts,UpdateAccountLastActivity,1182.250,W,lastActivity,,,,
accountStats,UpdateAccountStats,1182.252,W,stats,,,,
systemSaveData,StoreSystemSaveData,1182.279,W,uuid,data,timeStamp,,
sessions,FetchUUIDFromToken,1214.221,R,uuid,,,,
Info,,1214.221,,,,,,
accounts,FetchUsernameFromUUID,1214.222,R,userName,,,,
accounts,FetchDiscordIdByUsername,1214.223,R,discordId,,,,
accounts,FetchGoogleIdByUsername,1214.224,R,googleId,,,,
sessionSaveData,GetLatestSessionSaveDataSlot,1214.225,R,slot,,,,
sessions,FetchUUIDFromToken,1214.408,R,uuid,,,,
activeClientSessions,IsActiveSession,1214.409,R,id,,,,
get system,,1214.409,,,,,,
activeClientSessions,UpdateActiveSession,1214.411,W,uuid,clientSessionId,,,
systemSaveData,ReadSystemSaveData,1214.412,R,data,,,,
sessions,FetchUUIDFromToken,1214.670,R,uuid,,,,
activeClientSessions,UpdateActiveSession,1214.671,W,uuid,clientSessionId,,,
sessionSaveData,ReadSessionSaveData,1214.672,R,data,,,,
sessions,FetchUUIDFromToken,1256.330,R,uuid,,,,
activeClientSessions,UpdateActiveSession,1256.331,W,uuid,clientSessionId,,,
sessionSaveData,ReadSessionSaveData,1256.332,R,data,,,,
newclear session,,1256.335,,,,,,
sessions,FetchUUIDFromToken,1259.583,R,uuid,,,,
updateAll,,1259.583,,,,,,
activeClientSessions,IsActiveSession,1259.773,R,id,,,,
accounts,FetchTrainerIds,1259.774,R,trainerID,secretID,,,
accountStats,RetrievePlaytime,1259.775,R,playtime,,,,
sessionSaveData,ReadSessionSaveData,1259.775,R,data,,,,
accounts,UpdateAccountLastActivity,1259.778,W,lastActivity,,,,
sessionSaveData,StoreSessionSaveData,1259.789,W,uuid,slot,data,timeStamp,
accounts,UpdateAccountLastActivity,1259.790,W,lastActivity,,,,
accountStats,UpdateAccountStats,1259.792,W,stats,,,,
systemSaveData,StoreSystemSaveData,1259.808,W,uuid,data,timeStamp,,
sessions,FetchUUIDFromToken,1259.996,R,uuid,,,,
activeClientSessions,UpdateActiveSession,1259.997,W,uuid,clientSessionId,,,
clear session,,1259.998,,,,,,
accounts,UpdateAccountLastActivity,1260.000,W,lastActivity,,,,
sessionSaveData,DeleteSessionSaveData,1260.002,W,sessionSaveData,,,,
sessions,FetchUUIDFromToken,1260.188,R,uuid,,,,
Info,,1260.188,,,,,,
accounts,FetchUsernameFromUUID,1260.189,R,userName,,,,
accounts,FetchDiscordIdByUsername,1260.190,R,discordId,,,,
accounts,FetchGoogleIdByUsername,1260.191,R,googleId,,,,
sessionSaveData,GetLatestSessionSaveDataSlot,1260.192,R,slot,,,,
sessions,FetchUUIDFromToken,1264.776,R,uuid,,,,
Info,,1264.776,,,,,,
accounts,FetchUsernameFromUUID,1264.776,R,userName,,,,
accounts,FetchDiscordIdByUsername,1264.777,R,discordId,,,,
accounts,FetchGoogleIdByUsername,1264.778,R,googleId,,,,
sessionSaveData,GetLatestSessionSaveDataSlot,1264.779,R,slot,,,,
sessions,FetchUUIDFromToken,1264.963,R,uuid,,,,
activeClientSessions,IsActiveSession,1264.963,R,id,,,,
get system,,1264.964,,,,,,
activeClientSessions,UpdateActiveSession,1264.965,W,uuid,clientSessionId,,,
systemSaveData,ReadSystemSaveData,1264.966,R,data,,,,
sessions,FetchUUIDFromToken,1364.192,R,uuid,,,,
activeClientSessions,UpdateActiveSession,1364.195,W,uuid,clientSessionId,,,
sessions,FetchUUIDFromToken,1364.195,R,uuid,,,,
sessions,FetchUUIDFromToken,1364.195,R,uuid,,,,
sessions,FetchUUIDFromToken,1364.196,R,uuid,,,,
sessionSaveData,ReadSessionSaveData,1364.196,R,data,,,,
sessions,FetchUUIDFromToken,1364.196,R,uuid,,,,
activeClientSessions,UpdateActiveSession,1364.197,W,uuid,clientSessionId,,,
activeClientSessions,UpdateActiveSession,1364.197,W,uuid,clientSessionId,,,
activeClientSessions,UpdateActiveSession,1364.197,W,uuid,clientSessionId,,,
sessionSaveData,ReadSessionSaveData,1364.198,R,data,,,,
activeClientSessions,UpdateActiveSession,1364.198,W,uuid,clientSessionId,,,
sessionSaveData,ReadSessionSaveData,1364.198,R,data,,,,
sessionSaveData,ReadSessionSaveData,1364.199,R,data,,,,
sessionSaveData,ReadSessionSaveData,1364.199,R,data,,,,
sessions,FetchUUIDFromToken,1366.140,R,uuid,,,,
updateAll,,1366.140,,,,,,
activeClientSessions,IsActiveSession,1366.507,R,id,,,,
accounts,FetchTrainerIds,1366.508,R,trainerID,secretID,,,
accountStats,RetrievePlaytime,1366.509,R,playtime,,,,
sessionSaveData,ReadSessionSaveData,1366.510,R,data,,,,
accounts,UpdateAccountLastActivity,1366.512,W,lastActivity,,,,
sessionSaveData,StoreSessionSaveData,1366.519,W,uuid,slot,data,timeStamp,
accounts,UpdateAccountLastActivity,1366.520,W,lastActivity,,,,
accountStats,UpdateAccountStats,1366.523,W,stats,,,,
systemSaveData,StoreSystemSaveData,1366.537,W,uuid,data,timeStamp,,
sessions,FetchUUIDFromToken,1407.162,R,uuid,,,,
activeClientSessions,IsActiveSession,1407.163,R,id,,,,
verify system,,1407.163,,,,,,
sessions,FetchUUIDFromToken,1440.926,R,uuid,,,,
activeClientSessions,IsActiveSession,1440.927,R,id,,,,
verify system,,1440.927,,,,,,
sessions,FetchUUIDFromToken,1472.442,R,uuid,,,,
activeClientSessions,IsActiveSession,1472.443,R,id,,,,
verify system,,1472.443,,,,,,
sessions,FetchUUIDFromToken,1502.278,R,uuid,,,,
activeClientSessions,IsActiveSession,1502.278,R,id,,,,
verify system,,1502.279,,,,,,
sessions,FetchUUIDFromToken,1523.846,R,uuid,,,,
updateAll,,1523.846,,,,,,
activeClientSessions,IsActiveSession,1524.402,R,id,,,,
accounts,FetchTrainerIds,1524.403,R,trainerID,secretID,,,
accountStats,RetrievePlaytime,1524.403,R,playtime,,,,
sessionSaveData,ReadSessionSaveData,1524.404,R,data,,,,
accounts,UpdateAccountLastActivity,1524.408,W,lastActivity,,,,
sessionSaveData,StoreSessionSaveData,1524.424,W,uuid,slot,data,timeStamp,
accounts,UpdateAccountLastActivity,1524.425,W,lastActivity,,,,
accountStats,UpdateAccountStats,1524.427,W,stats,,,,
systemSaveData,StoreSystemSaveData,1524.451,W,uuid,data,timeStamp,,
sessions,FetchUUIDFromToken,1547.772,R,uuid,,,,
activeClientSessions,IsActiveSession,1547.773,R,id,,,,
verify system,,1547.773,,,,,,
sessions,FetchUUIDFromToken,1564.223,R,uuid,,,,
activeClientSessions,IsActiveSession,1564.223,R,id,,,,
verify system,,1564.223,,,,,,
sessions,FetchUUIDFromToken,1601.283,R,uuid,,,,
activeClientSessions,IsActiveSession,1601.284,R,id,,,,
verify system,,1601.284,,,,,,
sessions,FetchUUIDFromToken,1618.634,R,uuid,,,,
activeClientSessions,IsActiveSession,1618.635,R,id,,,,
verify system,,1618.635,,,,,,
sessions,FetchUUIDFromToken,1641.992,R,uuid,,,,
updateAll,,1641.992,,,,,,
activeClientSessions,IsActiveSession,1642.545,R,id,,,,
accounts,FetchTrainerIds,1642.546,R,trainerID,secretID,,,
accountStats,RetrievePlaytime,1642.547,R,playtime,,,,
sessionSaveData,ReadSessionSaveData,1642.548,R,data,,,,
accounts,UpdateAccountLastActivity,1642.551,W,lastActivity,,,,
sessionSaveData,StoreSessionSaveData,1642.560,W,uuid,slot,data,timeStamp,
accounts,UpdateAccountLastActivity,1642.561,W,lastActivity,,,,
accountStats,UpdateAccountStats,1642.563,W,stats,,,,
systemSaveData,StoreSystemSaveData,1642.593,W,uuid,data,timeStamp,,
sessions,FetchUUIDFromToken,1662.994,R,uuid,,,,
activeClientSessions,IsActiveSession,1662.995,R,id,,,,
verify system,,1662.995,,,,,,
sessions,FetchUUIDFromToken,1691.178,R,uuid,,,,
activeClientSessions,IsActiveSession,1691.179,R,id,,,,
verify system,,1691.179,,,,,,
sessions,FetchUUIDFromToken,1761.908,R,uuid,,,,
activeClientSessions,IsActiveSession,1761.909,R,id,,,,
verify system,,1761.909,,,,,,
sessions,FetchUUIDFromToken,1782.017,R,uuid,,,,
activeClientSessions,IsActiveSession,1782.018,R,id,,,,
verify system,,1782.018,,,,,,
sessions,FetchUUIDFromToken,1811.667,R,uuid,,,,
Info,,1811.667,,,,,,
accounts,FetchUsernameFromUUID,1811.668,R,userName,,,,
accounts,FetchDiscordIdByUsername,1811.669,R,discordId,,,,
accounts,FetchGoogleIdByUsername,1811.670,R,googleId,,,,
sessionSaveData,GetLatestSessionSaveDataSlot,1811.671,R,slot,,,,
sessions,FetchUUIDFromToken,1811.854,R,uuid,,,,
activeClientSessions,IsActiveSession,1811.855,R,id,,,,
get system,,1811.855,,,,,,
activeClientSessions,UpdateActiveSession,1811.856,W,uuid,clientSessionId,,,
systemSaveData,ReadSystemSaveData,1811.857,R,data,,,,
sessions,FetchUUIDFromToken,1868.627,R,uuid,,,,
updateAll,,1868.627,,,,,,
activeClientSessions,IsActiveSession,1869.353,R,id,,,,
accounts,FetchTrainerIds,1869.354,R,trainerID,secretID,,,
accountStats,RetrievePlaytime,1869.354,R,playtime,,,,
sessionSaveData,ReadSessionSaveData,1869.355,R,data,,,,
accounts,UpdateAccountLastActivity,1869.358,W,lastActivity,,,,
sessionSaveData,StoreSessionSaveData,1869.374,W,uuid,slot,data,timeStamp,
accounts,UpdateAccountLastActivity,1869.375,W,lastActivity,,,,
accountStats,UpdateAccountStats,1869.377,W,stats,,,,
systemSaveData,StoreSystemSaveData,1869.394,W,uuid,data,timeStamp,,
sessions,FetchUUIDFromToken,1917.107,R,uuid,,,,
activeClientSessions,IsActiveSession,1917.108,R,id,,,,
verify system,,1917.108,,,,,,
sessions,FetchUUIDFromToken,1944.674,R,uuid,,,,
activeClientSessions,IsActiveSession,1944.675,R,id,,,,
verify system,,1944.675,,,,,,
sessions,FetchUUIDFromToken,1959.418,R,uuid,,,,
activeClientSessions,IsActiveSession,1959.419,R,id,,,,
verify system,,1959.419,,,,,,
sessions,FetchUUIDFromToken,1998.026,R,uuid,,,,
activeClientSessions,IsActiveSession,1998.027,R,id,,,,
verify system,,1998.027,,,,,,
sessions,FetchUUIDFromToken,2042.184,R,uuid,,,,
updateAll,,2042.184,,,,,,
activeClientSessions,IsActiveSession,2042.932,R,id,,,,
accounts,FetchTrainerIds,2042.933,R,trainerID,secretID,,,
accountStats,RetrievePlaytime,2042.933,R,playtime,,,,
sessionSaveData,ReadSessionSaveData,2042.934,R,data,,,,
accounts,UpdateAccountLastActivity,2042.940,W,lastActivity,,,,
sessionSaveData,StoreSessionSaveData,2042.956,W,uuid,slot,data,timeStamp,
accounts,UpdateAccountLastActivity,2042.957,W,lastActivity,,,,
accountStats,UpdateAccountStats,2042.959,W,stats,,,,
systemSaveData,StoreSystemSaveData,2042.988,W,uuid,data,timeStamp,,
sessions,FetchUUIDFromToken,2062.544,R,uuid,,,,
activeClientSessions,IsActiveSession,2062.545,R,id,,,,
verify system,,2062.545,,,,,,
sessions,FetchUUIDFromToken,2074.007,R,uuid,,,,
activeClientSessions,IsActiveSession,2074.008,R,id,,,,
verify system,,2074.008,,,,,,
sessions,FetchUUIDFromToken,2088.503,R,uuid,,,,
activeClientSessions,IsActiveSession,2088.504,R,id,,,,
verify system,,2088.504,,,,,,
sessions,FetchUUIDFromToken,2152.534,R,uuid,,,,
activeClientSessions,IsActiveSession,2152.535,R,id,,,,
verify system,,2152.535,,,,,,
sessions,FetchUUIDFromToken,2182.586,R,uuid,,,,
Info,,2182.586,,,,,,
accounts,FetchUsernameFromUUID,2182.587,R,userName,,,,
accounts,FetchDiscordIdByUsername,2182.588,R,discordId,,,,
accounts,FetchGoogleIdByUsername,2182.589,R,googleId,,,,
sessionSaveData,GetLatestSessionSaveDataSlot,2182.590,R,slot,,,,
sessions,FetchUUIDFromToken,2182.774,R,uuid,,,,
activeClientSessions,IsActiveSession,2182.775,R,id,,,,
get system,,2182.775,,,,,,
activeClientSessions,UpdateActiveSession,2182.776,W,uuid,clientSessionId,,,
systemSaveData,ReadSystemSaveData,2182.777,R,data,,,,
sessions,FetchUUIDFromToken,2274.009,R,uuid,,,,
Info,,2274.009,,,,,,
accounts,FetchUsernameFromUUID,2274.009,R,userName,,,,
accounts,FetchDiscordIdByUsername,2274.011,R,discordId,,,,
accounts,FetchGoogleIdByUsername,2274.012,R,googleId,,,,
sessionSaveData,GetLatestSessionSaveDataSlot,2274.013,R,slot,,,,
sessions,FetchUUIDFromToken,2274.197,R,uuid,,,,
activeClientSessions,IsActiveSession,2274.198,R,id,,,,
get system,,2274.198,,,,,,
activeClientSessions,UpdateActiveSession,2274.200,W,uuid,clientSessionId,,,
systemSaveData,ReadSystemSaveData,2274.201,R,data,,,,
sessions,FetchUUIDFromToken,2375.029,R,uuid,,,,
Info,,2375.029,,,,,,
accounts,FetchUsernameFromUUID,2375.030,R,userName,,,,
accounts,FetchDiscordIdByUsername,2375.031,R,discordId,,,,
accounts,FetchGoogleIdByUsername,2375.032,R,googleId,,,,
sessionSaveData,GetLatestSessionSaveDataSlot,2375.033,R,slot,,,,
sessions,FetchUUIDFromToken,2375.216,R,uuid,,,,
activeClientSessions,IsActiveSession,2375.217,R,id,,,,
get system,,2375.217,,,,,,
activeClientSessions,UpdateActiveSession,2375.219,W,uuid,clientSessionId,,,
systemSaveData,ReadSystemSaveData,2375.220,R,data,,,,
sessions,FetchUUIDFromToken,2404.881,R,uuid,,,,
Info,,2404.881,,,,,,
accounts,FetchUsernameFromUUID,2404.882,R,userName,,,,
accounts,FetchDiscordIdByUsername,2404.883,R,discordId,,,,
accounts,FetchGoogleIdByUsername,2404.884,R,googleId,,,,
sessionSaveData,GetLatestSessionSaveDataSlot,2404.885,R,slot,,,,
sessions,FetchUUIDFromToken,2405.069,R,uuid,,,,
activeClientSessions,IsActiveSession,2405.069,R,id,,,,
get system,,2405.069,,,,,,
activeClientSessions,UpdateActiveSession,2405.078,W,uuid,clientSessionId,,,
systemSaveData,ReadSystemSaveData,2405.079,R,data,,,,
sessions,FetchUUIDFromToken,2431.791,R,uuid,,,,
Info,,2431.791,,,,,,
accounts,FetchUsernameFromUUID,2431.792,R,userName,,,,
accounts,FetchDiscordIdByUsername,2431.793,R,discordId,,,,
accounts,FetchGoogleIdByUsername,2431.794,R,googleId,,,,
sessionSaveData,GetLatestSessionSaveDataSlot,2431.795,R,slot,,,,
sessions,FetchUUIDFromToken,2431.979,R,uuid,,,,
activeClientSessions,IsActiveSession,2431.980,R,id,,,,
get system,,2431.980,,,,,,
activeClientSessions,UpdateActiveSession,2431.982,W,uuid,clientSessionId,,,
systemSaveData,ReadSystemSaveData,2431.983,R,data,,,,
sessions,FetchUUIDFromToken,2540.460,R,uuid,,,,
Info,,2540.460,,,,,,
accounts,FetchUsernameFromUUID,2540.461,R,userName,,,,
accounts,FetchDiscordIdByUsername,2540.463,R,discordId,,,,
accounts,FetchGoogleIdByUsername,2540.464,R,googleId,,,,
sessionSaveData,GetLatestSessionSaveDataSlot,2540.465,R,slot,,,,
sessions,FetchUUIDFromToken,2540.656,R,uuid,,,,
activeClientSessions,IsActiveSession,2540.657,R,id,,,,
get system,,2540.657,,,,,,
activeClientSessions,UpdateActiveSession,2540.659,W,uuid,clientSessionId,,,
systemSaveData,ReadSystemSaveData,2540.659,R,data,,,,
sessions,FetchUUIDFromToken,2540.927,R,uuid,,,,
activeClientSessions,UpdateActiveSession,2540.928,W,uuid,clientSessionId,,,
sessionSaveData,ReadSessionSaveData,2540.929,R,data,,,,
sessions,FetchUUIDFromToken,2590.726,R,uuid,,,,
activeClientSessions,IsActiveSession,2590.726,R,id,,,,
verify system,,2590.726,,,,,,
sessions,FetchUUIDFromToken,2607.033,R,uuid,,,,
activeClientSessions,IsActiveSession,2607.034,R,id,,,,
verify system,,2607.034,,,,,,
sessions,FetchUUIDFromToken,2628.908,R,uuid,,,,
activeClientSessions,IsActiveSession,2628.909,R,id,,,,
verify system,,2628.909,,,,,,
sessions,FetchUUIDFromToken,2664.651,R,uuid,,,,
activeClientSessions,IsActiveSession,2664.652,R,id,,,,
verify system,,2664.652,,,,,,
sessions,FetchUUIDFromToken,2813.541,R,uuid,,,,
Info,,2813.541,,,,,,
accounts,FetchUsernameFromUUID,2813.542,R,userName,,,,
accounts,FetchDiscordIdByUsername,2813.543,R,discordId,,,,
accounts,FetchGoogleIdByUsername,2813.545,R,googleId,,,,
sessionSaveData,GetLatestSessionSaveDataSlot,2813.546,R,slot,,,,
sessions,FetchUUIDFromToken,2813.732,R,uuid,,,,
activeClientSessions,IsActiveSession,2813.733,R,id,,,,
get system,,2813.733,,,,,,
activeClientSessions,UpdateActiveSession,2813.736,W,uuid,clientSessionId,,,
systemSaveData,ReadSystemSaveData,2813.737,R,data,,,,
sessions,FetchUUIDFromToken,2951.852,R,uuid,,,,
Info,,2951.852,,,,,,
accounts,FetchUsernameFromUUID,2951.853,R,userName,,,,
accounts,FetchDiscordIdByUsername,2951.855,R,discordId,,,,
accounts,FetchGoogleIdByUsername,2951.856,R,googleId,,,,
sessionSaveData,GetLatestSessionSaveDataSlot,2951.856,R,slot,,,,
sessions,FetchUUIDFromToken,2952.041,R,uuid,,,,
activeClientSessions,IsActiveSession,2952.042,R,id,,,,
get system,,2952.042,,,,,,
activeClientSessions,UpdateActiveSession,2952.044,W,uuid,clientSessionId,,,
systemSaveData,ReadSystemSaveData,2952.044,R,data,,,,
sessions,FetchUUIDFromToken,3127.407,R,uuid,,,,
Info,,3127.407,,,,,,
accounts,FetchUsernameFromUUID,3127.408,R,userName,,,,
accounts,FetchDiscordIdByUsername,3127.409,R,discordId,,,,
accounts,FetchGoogleIdByUsername,3127.410,R,googleId,,,,
sessionSaveData,GetLatestSessionSaveDataSlot,3127.411,R,slot,,,,
sessions,FetchUUIDFromToken,3127.600,R,uuid,,,,
activeClientSessions,IsActiveSession,3127.601,R,id,,,,
get system,,3127.601,,,,,,
activeClientSessions,UpdateActiveSession,3127.602,W,uuid,clientSessionId,,,
systemSaveData,ReadSystemSaveData,3127.603,R,data,,,,
sessions,FetchUUIDFromToken,3206.375,R,uuid,,,,
Info,,3206.375,,,,,,
accounts,FetchUsernameFromUUID,3206.376,R,userName,,,,
accounts,FetchDiscordIdByUsername,3206.377,R,discordId,,,,
accounts,FetchGoogleIdByUsername,3206.379,R,googleId,,,,
sessionSaveData,GetLatestSessionSaveDataSlot,3206.380,R,slot,,,,
sessions,FetchUUIDFromToken,3206.568,R,uuid,,,,
activeClientSessions,IsActiveSession,3206.568,R,id,,,,
get system,,3206.568,,,,,,
activeClientSessions,UpdateActiveSession,3206.570,W,uuid,clientSessionId,,,
systemSaveData,ReadSystemSaveData,3206.570,R,data,,,,
sessions,FetchUUIDFromToken,3238.277,R,uuid,,,,
Info,,3238.277,,,,,,
accounts,FetchUsernameFromUUID,3238.278,R,userName,,,,
accounts,FetchDiscordIdByUsername,3238.279,R,discordId,,,,
accounts,FetchGoogleIdByUsername,3238.279,R,googleId,,,,
sessionSaveData,GetLatestSessionSaveDataSlot,3238.280,R,slot,,,,
sessions,FetchUUIDFromToken,3238.467,R,uuid,,,,
activeClientSessions,IsActiveSession,3238.467,R,id,,,,
get system,,3238.467,,,,,,
activeClientSessions,UpdateActiveSession,3238.469,W,uuid,clientSessionId,,,
systemSaveData,ReadSystemSaveData,3238.470,R,data,,,,
sessions,FetchUUIDFromToken,3363.849,R,uuid,,,,
updateAll,,3363.849,,,,,,
activeClientSessions,IsActiveSession,3364.611,R,id,,,,
accounts,FetchTrainerIds,3364.612,R,trainerID,secretID,,,
accountStats,RetrievePlaytime,3364.613,R,playtime,,,,
sessionSaveData,ReadSessionSaveData,3364.613,R,data,,,,
accounts,UpdateAccountLastActivity,3364.617,W,lastActivity,,,,
sessionSaveData,StoreSessionSaveData,3364.633,W,uuid,slot,data,timeStamp,
accounts,UpdateAccountLastActivity,3364.634,W,lastActivity,,,,
accountStats,UpdateAccountStats,3364.636,W,stats,,,,
systemSaveData,StoreSystemSaveData,3364.659,W,uuid,data,timeStamp,,
sessions,FetchUUIDFromToken,3383.602,R,uuid,,,,
activeClientSessions,IsActiveSession,3383.603,R,id,,,,
verify system,,3383.603,,,,,,
sessions,FetchUUIDFromToken,3422.863,R,uuid,,,,
activeClientSessions,IsActiveSession,3422.864,R,id,,,,
verify system,,3422.864,,,,,,
sessions,FetchUUIDFromToken,3442.612,R,uuid,,,,
activeClientSessions,IsActiveSession,3442.613,R,id,,,,
verify system,,3442.613,,,,,,
sessions,FetchUUIDFromToken,3474.883,R,uuid,,,,
Info,,3474.884,,,,,,
accounts,FetchUsernameFromUUID,3474.884,R,userName,,,,
accounts,FetchDiscordIdByUsername,3474.885,R,discordId,,,,
accounts,FetchGoogleIdByUsername,3474.886,R,googleId,,,,
sessionSaveData,GetLatestSessionSaveDataSlot,3474.887,R,slot,,,,
sessions,FetchUUIDFromToken,3475.076,R,uuid,,,,
activeClientSessions,IsActiveSession,3475.077,R,id,,,,
get system,,3475.077,,,,,,
activeClientSessions,UpdateActiveSession,3475.079,W,uuid,clientSessionId,,,
systemSaveData,ReadSystemSaveData,3475.080,R,data,,,,
sessions,FetchUUIDFromToken,3510.261,R,uuid,,,,
Info,,3510.261,,,,,,
accounts,FetchUsernameFromUUID,3510.262,R,userName,,,,
accounts,FetchDiscordIdByUsername,3510.263,R,discordId,,,,
accounts,FetchGoogleIdByUsername,3510.264,R,googleId,,,,
sessionSaveData,GetLatestSessionSaveDataSlot,3510.265,R,slot,,,,
sessions,FetchUUIDFromToken,3510.451,R,uuid,,,,
activeClientSessions,IsActiveSession,3510.452,R,id,,,,
get system,,3510.452,,,,,,
activeClientSessions,UpdateActiveSession,3510.454,W,uuid,clientSessionId,,,
systemSaveData,ReadSystemSaveData,3510.454,R,data,,,,
sessions,FetchUUIDFromToken,3708.740,R,uuid,,,,
activeClientSessions,IsActiveSession,3708.740,R,id,,,,
verify system,,3708.740,,,,,,
sessions,FetchUUIDFromToken,3751.850,R,uuid,,,,
updateAll,,3751.850,,,,,,
activeClientSessions,IsActiveSession,3752.431,R,id,,,,
accounts,FetchTrainerIds,3752.432,R,trainerID,secretID,,,
accountStats,RetrievePlaytime,3752.432,R,playtime,,,,
sessionSaveData,ReadSessionSaveData,3752.433,R,data,,,,
accounts,UpdateAccountLastActivity,3752.436,W,lastActivity,,,,
sessionSaveData,StoreSessionSaveData,3752.451,W,uuid,slot,data,timeStamp,
accounts,UpdateAccountLastActivity,3752.452,W,lastActivity,,,,
accountStats,UpdateAccountStats,3752.454,W,stats,,,,
systemSaveData,StoreSystemSaveData,3752.482,W,uuid,data,timeStamp,,
sessions,FetchUUIDFromToken,3798.069,R,uuid,,,,
activeClientSessions,IsActiveSession,3798.070,R,id,,,,
verify system,,3798.070,,,,,,
sessions,FetchUUIDFromToken,3822.217,R,uuid,,,,
activeClientSessions,IsActiveSession,3822.218,R,id,,,,
verify system,,3822.218,,,,,,
sessions,FetchUUIDFromToken,3838.911,R,uuid,,,,
activeClientSessions,IsActiveSession,3838.912,R,id,,,,
verify system,,3838.912,,,,,,
sessions,FetchUUIDFromToken,3855.905,R,uuid,,,,
activeClientSessions,IsActiveSession,3855.906,R,id,,,,
verify system,,3855.906,,,,,,
sessions,FetchUUIDFromToken,3907.934,R,uuid,,,,
updateAll,,3907.934,,,,,,
activeClientSessions,IsActiveSession,3908.529,R,id,,,,
accounts,FetchTrainerIds,3908.530,R,trainerID,secretID,,,
accountStats,RetrievePlaytime,3908.530,R,playtime,,,,
sessionSaveData,ReadSessionSaveData,3908.531,R,data,,,,
accounts,UpdateAccountLastActivity,3908.534,W,lastActivity,,,,
sessionSaveData,StoreSessionSaveData,3908.550,W,uuid,slot,data,timeStamp,
accounts,UpdateAccountLastActivity,3908.551,W,lastActivity,,,,
accountStats,UpdateAccountStats,3908.553,W,stats,,,,
systemSaveData,StoreSystemSaveData,3908.579,W,uuid,data,timeStamp,,
sessions,FetchUUIDFromToken,3945.305,R,uuid,,,,
activeClientSessions,IsActiveSession,3945.306,R,id,,,,
verify system,,3945.306,,,,,,
sessions,FetchUUIDFromToken,3965.353,R,uuid,,,,
activeClientSessions,IsActiveSession,3965.354,R,id,,,,
verify system,,3965.354,,,,,,
sessions,FetchUUIDFromToken,4006.461,R,uuid,,,,
activeClientSessions,IsActiveSession,4006.462,R,id,,,,
verify system,,4006.462,,,,,,
sessions,FetchUUIDFromToken,4045.160,R,uuid,,,,
activeClientSessions,IsActiveSession,4045.160,R,id,,,,
verify system,,4045.160,,,,,,
sessions,FetchUUIDFromToken,4071.891,R,uuid,,,,
updateAll,,4071.891,,,,,,
activeClientSessions,IsActiveSession,4071.986,R,id,,,,
accounts,FetchTrainerIds,4071.987,R,trainerID,secretID,,,
accountStats,RetrievePlaytime,4071.987,R,playtime,,,,
sessionSaveData,ReadSessionSaveData,4071.988,R,data,,,,
accounts,UpdateAccountLastActivity,4071.992,W,lastActivity,,,,
sessionSaveData,StoreSessionSaveData,4072.011,W,uuid,slot,data,timeStamp,
accounts,UpdateAccountLastActivity,4072.012,W,lastActivity,,,,
accountStats,UpdateAccountStats,4072.014,W,stats,,,,
systemSaveData,StoreSystemSaveData,4072.038,W,uuid,data,timeStamp,,
sessions,FetchUUIDFromToken,4097.078,R,uuid,,,,
activeClientSessions,IsActiveSession,4097.079,R,id,,,,
verify system,,4097.079,,,,,,
sessions,FetchUUIDFromToken,4142.426,R,uuid,,,,
activeClientSessions,IsActiveSession,4142.427,R,id,,,,
verify system,,4142.427,,,,,,
sessions,FetchUUIDFromToken,4182.624,R,uuid,,,,
activeClientSessions,IsActiveSession,4182.624,R,id,,,,
verify system,,4182.625,,,,,,
sessions,FetchUUIDFromToken,4247.133,R,uuid,,,,
activeClientSessions,IsActiveSession,4247.134,R,id,,,,
verify system,,4247.134,,,,,,
sessions,FetchUUIDFromToken,4307.048,R,uuid,,,,
updateAll,,4307.048,,,,,,
activeClientSessions,IsActiveSession,4308.834,R,id,,,,
accounts,FetchTrainerIds,4308.835,R,trainerID,secretID,,,
accountStats,RetrievePlaytime,4308.836,R,playtime,,,,
sessionSaveData,ReadSessionSaveData,4308.836,R,data,,,,
accounts,UpdateAccountLastActivity,4308.840,W,lastActivity,,,,
sessionSaveData,StoreSessionSaveData,4308.857,W,uuid,slot,data,timeStamp,
accounts,UpdateAccountLastActivity,4308.858,W,lastActivity,,,,
accountStats,UpdateAccountStats,4308.860,W,stats,,,,
systemSaveData,StoreSystemSaveData,4308.889,W,uuid,data,timeStamp,,
sessions,FetchUUIDFromToken,4343.728,R,uuid,,,,
activeClientSessions,IsActiveSession,4343.729,R,id,,,,
verify system,,4343.729,,,,,,
sessions,FetchUUIDFromToken,4385.622,R,uuid,,,,
activeClientSessions,IsActiveSession,4385.623,R,id,,,,
verify system,,4385.623,,,,,,
sessions,FetchUUIDFromToken,4433.344,R,uuid,,,,
activeClientSessions,IsActiveSession,4433.345,R,id,,,,
verify system,,4433.345,,,,,,
sessions,FetchUUIDFromToken,4493.891,R,uuid,,,,
activeClientSessions,IsActiveSession,4493.892,R,id,,,,
verify system,,4493.892,,,,,,
sessions,FetchUUIDFromToken,4564.512,R,uuid,,,,
Info,,4564.512,,,,,,
accounts,FetchUsernameFromUUID,4564.513,R,userName,,,,
accounts,FetchDiscordIdByUsername,4564.514,R,discordId,,,,
accounts,FetchGoogleIdByUsername,4564.515,R,googleId,,,,
sessionSaveData,GetLatestSessionSaveDataSlot,4564.516,R,slot,,,,
sessions,FetchUUIDFromToken,4564.703,R,uuid,,,,
activeClientSessions,IsActiveSession,4564.704,R,id,,,,
get system,,4564.704,,,,,,
activeClientSessions,UpdateActiveSession,4564.706,W,uuid,clientSessionId,,,
systemSaveData,ReadSystemSaveData,4564.706,R,data,,,,
sessions,FetchUUIDFromToken,4676.710,R,uuid,,,,
updateAll,,4676.710,,,,,,
activeClientSessions,IsActiveSession,4677.314,R,id,,,,
accounts,FetchTrainerIds,4677.315,R,trainerID,secretID,,,
accountStats,RetrievePlaytime,4677.316,R,playtime,,,,
sessionSaveData,ReadSessionSaveData,4677.317,R,data,,,,
accounts,UpdateAccountLastActivity,4677.321,W,lastActivity,,,,
sessionSaveData,StoreSessionSaveData,4677.335,W,uuid,slot,data,timeStamp,
accounts,UpdateAccountLastActivity,4677.336,W,lastActivity,,,,
accountStats,UpdateAccountStats,4677.338,W,stats,,,,
systemSaveData,StoreSystemSaveData,4677.358,W,uuid,data,timeStamp,,
sessions,FetchUUIDFromToken,4810.735,R,uuid,,,,
activeClientSessions,IsActiveSession,4810.736,R,id,,,,
verify system,,4810.736,,,,,,
sessions,FetchUUIDFromToken,4884.017,R,uuid,,,,
activeClientSessions,IsActiveSession,4884.018,R,id,,,,
verify system,,4884.018,,,,,,
sessions,FetchUUIDFromToken,4959.431,R,uuid,,,,
activeClientSessions,IsActiveSession,4959.431,R,id,,,,
verify system,,4959.432,,,,,,
sessions,FetchUUIDFromToken,5157.247,R,uuid,,,,
updateAll,,5157.247,,,,,,
activeClientSessions,IsActiveSession,5159.960,R,id,,,,
accounts,FetchTrainerIds,5159.961,R,trainerID,secretID,,,
accountStats,RetrievePlaytime,5159.961,R,playtime,,,,
sessionSaveData,ReadSessionSaveData,5159.962,R,data,,,,
accounts,UpdateAccountLastActivity,5159.965,W,lastActivity,,,,
sessionSaveData,StoreSessionSaveData,5159.985,W,uuid,slot,data,timeStamp,
accounts,UpdateAccountLastActivity,5159.986,W,lastActivity,,,,
accountStats,UpdateAccountStats,5159.988,W,stats,,,,
systemSaveData,StoreSystemSaveData,5160.022,W,uuid,data,timeStamp,,
sessions,FetchUUIDFromToken,5188.676,R,uuid,,,,
Info,,5188.676,,,,,,
accounts,FetchUsernameFromUUID,5188.677,R,userName,,,,
accounts,FetchDiscordIdByUsername,5188.678,R,discordId,,,,
accounts,FetchGoogleIdByUsername,5188.679,R,googleId,,,,
sessionSaveData,GetLatestSessionSaveDataSlot,5188.679,R,slot,,,,
sessions,FetchUUIDFromToken,5188.864,R,uuid,,,,
activeClientSessions,IsActiveSession,5188.865,R,id,,,,
get system,,5188.865,,,,,,
activeClientSessions,UpdateActiveSession,5188.867,W,uuid,clientSessionId,,,
systemSaveData,ReadSystemSaveData,5188.868,R,data,,,,
sessions,FetchUUIDFromToken,5189.129,R,uuid,,,,
activeClientSessions,UpdateActiveSession,5189.130,W,uuid,clientSessionId,,,
sessionSaveData,ReadSessionSaveData,5189.131,R,data,,,,
sessions,FetchUUIDFromToken,5205.082,R,uuid,,,,
Info,,5205.082,,,,,,
accounts,FetchUsernameFromUUID,5205.083,R,userName,,,,
accounts,FetchDiscordIdByUsername,5205.084,R,discordId,,,,
accounts,FetchGoogleIdByUsername,5205.085,R,googleId,,,,
sessionSaveData,GetLatestSessionSaveDataSlot,5205.086,R,slot,,,,
sessions,FetchUUIDFromToken,5205.270,R,uuid,,,,
activeClientSessions,IsActiveSession,5205.271,R,id,,,,
get system,,5205.271,,,,,,
activeClientSessions,UpdateActiveSession,5205.273,W,uuid,clientSessionId,,,
systemSaveData,ReadSystemSaveData,5205.273,R,data,,,,
sessions,FetchUUIDFromToken,5205.550,R,uuid,,,,
activeClientSessions,UpdateActiveSession,5205.551,W,uuid,clientSessionId,,,
sessionSaveData,ReadSessionSaveData,5205.552,R,data,,,,
sessions,FetchUUIDFromToken,5302.216,R,uuid,,,,
Info,,5302.216,,,,,,
accounts,FetchUsernameFromUUID,5302.217,R,userName,,,,
accounts,FetchDiscordIdByUsername,5302.218,R,discordId,,,,
accounts,FetchGoogleIdByUsername,5302.219,R,googleId,,,,
sessionSaveData,GetLatestSessionSaveDataSlot,5302.220,R,slot,,,,
sessions,FetchUUIDFromToken,5302.407,R,uuid,,,,
activeClientSessions,IsActiveSession,5302.408,R,id,,,,
get system,,5302.408,,,,,,
activeClientSessions,UpdateActiveSession,5302.410,W,uuid,clientSessionId,,,
systemSaveData,ReadSystemSaveData,5302.410,R,data,,,,
sessions,FetchUUIDFromToken,5302.668,R,uuid,,,,
activeClientSessions,UpdateActiveSession,5302.669,W,uuid,clientSessionId,,,
sessionSaveData,ReadSessionSaveData,5302.670,R,data,,,,
sessions,FetchUUIDFromToken,5422.149,R,uuid,,,,
Info,,5422.149,,,,,,
accounts,FetchUsernameFromUUID,5422.150,R,userName,,,,
accounts,FetchDiscordIdByUsername,5422.151,R,discordId,,,,
accounts,FetchGoogleIdByUsername,5422.152,R,googleId,,,,
sessionSaveData,GetLatestSessionSaveDataSlot,5422.153,R,slot,,,,
sessions,FetchUUIDFromToken,5422.340,R,uuid,,,,
activeClientSessions,IsActiveSession,5422.340,R,id,,,,
get system,,5422.340,,,,,,
activeClientSessions,UpdateActiveSession,5422.342,W,uuid,clientSessionId,,,
systemSaveData,ReadSystemSaveData,5422.343,R,data,,,,
sessions,FetchUUIDFromToken,5422.610,R,uuid,,,,
activeClientSessions,UpdateActiveSession,5422.611,W,uuid,clientSessionId,,,
sessionSaveData,ReadSessionSaveData,5422.612,R,data,,,,
sessions,FetchUUIDFromToken,6208.328,R,uuid,,,,
Info,,6208.328,,,,,,
accounts,FetchUsernameFromUUID,6208.329,R,userName,,,,
accounts,FetchDiscordIdByUsername,6208.330,R,discordId,,,,
accounts,FetchGoogleIdByUsername,6208.331,R,googleId,,,,
sessionSaveData,GetLatestSessionSaveDataSlot,6208.331,R,slot,,,,
sessions,FetchUUIDFromToken,6208.522,R,uuid,,,,
activeClientSessions,IsActiveSession,6208.522,R,id,,,,
get system,,6208.523,,,,,,
activeClientSessions,UpdateActiveSession,6208.525,W,uuid,clientSessionId,,,
systemSaveData,ReadSystemSaveData,6208.525,R,data,,,,
sessions,FetchUUIDFromToken,6208.795,R,uuid,,,,
activeClientSessions,UpdateActiveSession,6208.796,W,uuid,clientSessionId,,,
sessionSaveData,ReadSessionSaveData,6208.797,R,data,,,,
sessions,FetchUUIDFromToken,6233.160,R,uuid,,,,
Info,,6233.160,,,,,,
accounts,FetchUsernameFromUUID,6233.161,R,userName,,,,
accounts,FetchDiscordIdByUsername,6233.162,R,discordId,,,,
accounts,FetchGoogleIdByUsername,6233.163,R,googleId,,,,
sessionSaveData,GetLatestSessionSaveDataSlot,6233.164,R,slot,,,,
sessions,FetchUUIDFromToken,6233.347,R,uuid,,,,
activeClientSessions,IsActiveSession,6233.348,R,id,,,,
get system,,6233.348,,,,,,
activeClientSessions,UpdateActiveSession,6233.350,W,uuid,clientSessionId,,,
systemSaveData,ReadSystemSaveData,6233.351,R,data,,,,
sessions,FetchUUIDFromToken,6233.610,R,uuid,,,,
activeClientSessions,UpdateActiveSession,6233.611,W,uuid,clientSessionId,,,
sessionSaveData,ReadSessionSaveData,6233.612,R,data,,,,
sessions,FetchUUIDFromToken,6280.552,R,uuid,,,,
Info,,6280.552,,,,,,
accounts,FetchUsernameFromUUID,6280.553,R,userName,,,,
accounts,FetchDiscordIdByUsername,6280.554,R,discordId,,,,
accounts,FetchGoogleIdByUsername,6280.555,R,googleId,,,,
sessionSaveData,GetLatestSessionSaveDataSlot,6280.556,R,slot,,,,
sessions,FetchUUIDFromToken,6280.740,R,uuid,,,,
activeClientSessions,IsActiveSession,6280.740,R,id,,,,
get system,,6280.740,,,,,,
activeClientSessions,UpdateActiveSession,6280.742,W,uuid,clientSessionId,,,
systemSaveData,ReadSystemSaveData,6280.743,R,data,,,,
sessions,FetchUUIDFromToken,6281.001,R,uuid,,,,
activeClientSessions,UpdateActiveSession,6281.001,W,uuid,clientSessionId,,,
sessionSaveData,ReadSessionSaveData,6281.002,R,data,,,,
sessions,FetchUUIDFromToken,6476.249,R,uuid,,,,
Info,,6476.249,,,,,,
accounts,FetchUsernameFromUUID,6476.250,R,userName,,,,
accounts,FetchDiscordIdByUsername,6476.252,R,discordId,,,,
accounts,FetchGoogleIdByUsername,6476.253,R,googleId,,,,
sessionSaveData,GetLatestSessionSaveDataSlot,6476.254,R,slot,,,,
sessions,FetchUUIDFromToken,6476.437,R,uuid,,,,
activeClientSessions,IsActiveSession,6476.437,R,id,,,,
get system,,6476.438,,,,,,
activeClientSessions,UpdateActiveSession,6476.442,W,uuid,clientSessionId,,,
systemSaveData,ReadSystemSaveData,6476.444,R,data,,,,
sessions,FetchUUIDFromToken,6476.710,R,uuid,,,,
activeClientSessions,UpdateActiveSession,6476.711,W,uuid,clientSessionId,,,
sessionSaveData,ReadSessionSaveData,6476.712,R,data,,,,
sessions,FetchUUIDFromToken,6659.834,R,uuid,,,,
updateAll,,6659.834,,,,,,
activeClientSessions,IsActiveSession,6660.385,R,id,,,,
accounts,FetchTrainerIds,6660.386,R,trainerID,secretID,,,
accountStats,RetrievePlaytime,6660.386,R,playtime,,,,
sessionSaveData,ReadSessionSaveData,6660.387,R,data,,,,
accounts,UpdateAccountLastActivity,6660.392,W,lastActivity,,,,
sessionSaveData,StoreSessionSaveData,6660.399,W,uuid,slot,data,timeStamp,
accounts,UpdateAccountLastActivity,6660.400,W,lastActivity,,,,
accountStats,UpdateAccountStats,6660.401,W,stats,,,,
systemSaveData,StoreSystemSaveData,6660.448,W,uuid,data,timeStamp,,
sessions,FetchUUIDFromToken,6747.537,R,uuid,,,,
activeClientSessions,IsActiveSession,6747.538,R,id,,,,
verify system,,6747.538,,,,,,
sessions,FetchUUIDFromToken,6829.563,R,uuid,,,,
activeClientSessions,IsActiveSession,6829.564,R,id,,,,
verify system,,6829.565,,,,,,
sessions,FetchUUIDFromToken,6881.895,R,uuid,,,,
activeClientSessions,IsActiveSession,6881.896,R,id,,,,
verify system,,6881.896,,,,,,
sessions,FetchUUIDFromToken,6914.988,R,uuid,,,,
activeClientSessions,IsActiveSession,6914.989,R,id,,,,
verify system,,6914.989,,,,,,
sessions,FetchUUIDFromToken,6949.963,R,uuid,,,,
Info,,6949.963,,,,,,
accounts,FetchUsernameFromUUID,6949.964,R,userName,,,,
accounts,FetchDiscordIdByUsername,6949.965,R,discordId,,,,
accounts,FetchGoogleIdByUsername,6949.966,R,googleId,,,,
sessionSaveData,GetLatestSessionSaveDataSlot,6949.967,R,slot,,,,
sessions,FetchUUIDFromToken,6950.153,R,uuid,,,,
activeClientSessions,IsActiveSession,6950.154,R,id,,,,
get system,,6950.154,,,,,,
activeClientSessions,UpdateActiveSession,6950.156,W,uuid,clientSessionId,,,
systemSaveData,ReadSystemSaveData,6950.157,R,data,,,,
sessions,FetchUUIDFromToken,6991.064,R,uuid,,,,
Info,,6991.064,,,,,,
accounts,FetchUsernameFromUUID,6991.065,R,userName,,,,
accounts,FetchDiscordIdByUsername,6991.067,R,discordId,,,,
accounts,FetchGoogleIdByUsername,6991.068,R,googleId,,,,
sessionSaveData,GetLatestSessionSaveDataSlot,6991.068,R,slot,,,,
sessions,FetchUUIDFromToken,6991.253,R,uuid,,,,
activeClientSessions,IsActiveSession,6991.254,R,id,,,,
get system,,6991.254,,,,,,
activeClientSessions,UpdateActiveSession,6991.256,W,uuid,clientSessionId,,,
systemSaveData,ReadSystemSaveData,6991.257,R,data,,,,
sessions,FetchUUIDFromToken,7110.702,R,uuid,,,,
Info,,7110.702,,,,,,
accounts,FetchUsernameFromUUID,7110.703,R,userName,,,,
accounts,FetchDiscordIdByUsername,7110.704,R,discordId,,,,
accounts,FetchGoogleIdByUsername,7110.705,R,googleId,,,,
sessionSaveData,GetLatestSessionSaveDataSlot,7110.705,R,slot,,,,
sessions,FetchUUIDFromToken,7110.895,R,uuid,,,,
activeClientSessions,IsActiveSession,7110.895,R,id,,,,
get system,,7110.895,,,,,,
activeClientSessions,UpdateActiveSession,7110.897,W,uuid,clientSessionId,,,
systemSaveData,ReadSystemSaveData,7110.898,R,data,,,,
sessions,FetchUUIDFromToken,7112.750,R,uuid,,,,
activeClientSessions,UpdateActiveSession,7112.752,W,uuid,clientSessionId,,,
sessionSaveData,ReadSessionSaveData,7112.753,R,data,,,,
sessions,FetchUUIDFromToken,7112.754,R,uuid,,,,
sessions,FetchUUIDFromToken,7112.754,R,uuid,,,,
sessions,FetchUUIDFromToken,7112.754,R,uuid,,,,
activeClientSessions,UpdateActiveSession,7112.755,W,uuid,clientSessionId,,,
activeClientSessions,UpdateActiveSession,7112.755,W,uuid,clientSessionId,,,
activeClientSessions,UpdateActiveSession,7112.755,W,uuid,clientSessionId,,,
sessionSaveData,ReadSessionSaveData,7112.756,R,data,,,,
sessionSaveData,ReadSessionSaveData,7112.756,R,data,,,,
sessionSaveData,ReadSessionSaveData,7112.756,R,data,,,,
accounts,FetchAccountKeySaltFromUsername,7216.708,R,key,salt,,,
accounts,AddAccountSession,7217.279,R,uuid,token,expire,,
sessions,AddAccountSession,7217.279,W,uuid,token,expire,,
accounts,AddAccountSession,7217.281,W,lastLoggedIn,,,,
login start!,,0.000,,,,,,
login,,0.000,,,,,,
sessions,FetchUUIDFromToken,0.199,R,uuid,,,,
Info,,0.199,,,,,,
accounts,FetchUsernameFromUUID,0.200,R,userName,,,,
accounts,FetchDiscordIdByUsername,0.201,R,discordId,,,,
accounts,FetchGoogleIdByUsername,0.202,R,googleId,,,,
sessionSaveData,GetLatestSessionSaveDataSlot,0.203,R,slot,,,,
sessions,FetchUUIDFromToken,0.386,R,uuid,,,,
activeClientSessions,IsActiveSession,0.386,R,id,,,,
get system,,0.386,,,,,,
activeClientSessions,UpdateActiveSession,0.390,W,uuid,clientSessionId,,,
systemSaveData,ReadSystemSaveData,0.390,R,data,,,,
sessions,FetchUUIDFromToken,4.898,R,uuid,,,,
activeClientSessions,UpdateActiveSession,4.899,W,uuid,clientSessionId,,,
sessionSaveData,ReadSessionSaveData,4.900,R,data,,,,
sessions,FetchUUIDFromToken,103.538,R,uuid,,,,
activeClientSessions,IsActiveSession,103.539,R,id,,,,
verify system,,103.539,,,,,,
sessions,FetchUUIDFromToken,141.823,R,uuid,,,,
activeClientSessions,IsActiveSession,141.824,R,id,,,,
verify system,,141.824,,,,,,
sessions,FetchUUIDFromToken,208.551,R,uuid,,,,
activeClientSessions,IsActiveSession,208.552,R,id,,,,
verify system,,208.552,,,,,,
sessions,FetchUUIDFromToken,281.369,R,uuid,,,,
Info,,281.369,,,,,,
accounts,FetchUsernameFromUUID,281.370,R,userName,,,,
accounts,FetchDiscordIdByUsername,281.371,R,discordId,,,,
accounts,FetchGoogleIdByUsername,281.372,R,googleId,,,,
sessionSaveData,GetLatestSessionSaveDataSlot,281.372,R,slot,,,,
sessions,FetchUUIDFromToken,281.556,R,uuid,,,,
activeClientSessions,IsActiveSession,281.557,R,id,,,,
get system,,281.557,,,,,,
activeClientSessions,UpdateActiveSession,281.559,W,uuid,clientSessionId,,,
systemSaveData,ReadSystemSaveData,281.560,R,data,,,,
sessions,FetchUUIDFromToken,331.066,R,uuid,,,,
Info,,331.066,,,,,,
accounts,FetchUsernameFromUUID,331.067,R,userName,,,,
accounts,FetchDiscordIdByUsername,331.068,R,discordId,,,,
accounts,FetchGoogleIdByUsername,331.069,R,googleId,,,,
sessionSaveData,GetLatestSessionSaveDataSlot,331.069,R,slot,,,,
sessions,FetchUUIDFromToken,331.261,R,uuid,,,,
activeClientSessions,IsActiveSession,331.262,R,id,,,,
get system,,331.262,,,,,,
activeClientSessions,UpdateActiveSession,331.264,W,uuid,clientSessionId,,,
systemSaveData,ReadSystemSaveData,331.265,R,data,,,,
sessions,FetchUUIDFromToken,445.665,R,uuid,,,,
activeClientSessions,IsActiveSession,445.665,R,id,,,,
verify system,,445.665,,,,,,
sessions,FetchUUIDFromToken,471.593,R,uuid,,,,
Info,,471.593,,,,,,
accounts,FetchUsernameFromUUID,471.594,R,userName,,,,
accounts,FetchDiscordIdByUsername,471.595,R,discordId,,,,
accounts,FetchGoogleIdByUsername,471.596,R,googleId,,,,
sessionSaveData,GetLatestSessionSaveDataSlot,471.597,R,slot,,,,
sessions,FetchUUIDFromToken,471.787,R,uuid,,,,
activeClientSessions,IsActiveSession,471.788,R,id,,,,
get system,,471.788,,,,,,
activeClientSessions,UpdateActiveSession,471.790,W,uuid,clientSessionId,,,
systemSaveData,ReadSystemSaveData,471.791,R,data,,,,
sessions,FetchUUIDFromToken,579.332,R,uuid,,,,
Info,,579.332,,,,,,
accounts,FetchUsernameFromUUID,579.333,R,userName,,,,
accounts,FetchDiscordIdByUsername,579.334,R,discordId,,,,
accounts,FetchGoogleIdByUsername,579.335,R,googleId,,,,
sessionSaveData,GetLatestSessionSaveDataSlot,579.335,R,slot,,,,
sessions,FetchUUIDFromToken,579.524,R,uuid,,,,
activeClientSessions,IsActiveSession,579.525,R,id,,,,
get system,,579.525,,,,,,
activeClientSessions,UpdateActiveSession,579.529,W,uuid,clientSessionId,,,
systemSaveData,ReadSystemSaveData,579.530,R,data,,,,
sessions,FetchUUIDFromToken,618.367,R,uuid,,,,
Info,,618.367,,,,,,
accounts,FetchUsernameFromUUID,618.368,R,userName,,,,
accounts,FetchDiscordIdByUsername,618.369,R,discordId,,,,
accounts,FetchGoogleIdByUsername,618.370,R,googleId,,,,
sessionSaveData,GetLatestSessionSaveDataSlot,618.371,R,slot,,,,
sessions,FetchUUIDFromToken,618.560,R,uuid,,,,
activeClientSessions,IsActiveSession,618.560,R,id,,,,
get system,,618.560,,,,,,
activeClientSessions,UpdateActiveSession,618.562,W,uuid,clientSessionId,,,
systemSaveData,ReadSystemSaveData,618.563,R,data,,,,
sessions,FetchUUIDFromToken,746.780,R,uuid,,,,
updateAll,,746.780,,,,,,
activeClientSessions,IsActiveSession,747.520,R,id,,,,
accounts,FetchTrainerIds,747.520,R,trainerID,secretID,,,
accountStats,RetrievePlaytime,747.521,R,playtime,,,,
sessionSaveData,ReadSessionSaveData,747.522,R,data,,,,
accounts,UpdateAccountLastActivity,747.525,W,lastActivity,,,,
sessionSaveData,StoreSessionSaveData,747.535,W,uuid,slot,data,timeStamp,
accounts,UpdateAccountLastActivity,747.536,W,lastActivity,,,,
accountStats,UpdateAccountStats,747.538,W,stats,,,,
systemSaveData,StoreSystemSaveData,747.567,W,uuid,data,timeStamp,,
sessions,FetchUUIDFromToken,785.473,R,uuid,,,,
activeClientSessions,IsActiveSession,785.474,R,id,,,,
verify system,,785.474,,,,,,
sessions,FetchUUIDFromToken,832.141,R,uuid,,,,
activeClientSessions,IsActiveSession,832.142,R,id,,,,
verify system,,832.142,,,,,,
sessions,FetchUUIDFromToken,860.310,R,uuid,,,,
Info,,860.310,,,,,,
accounts,FetchUsernameFromUUID,860.311,R,userName,,,,
accounts,FetchDiscordIdByUsername,860.312,R,discordId,,,,
accounts,FetchGoogleIdByUsername,860.313,R,googleId,,,,
sessionSaveData,GetLatestSessionSaveDataSlot,860.313,R,slot,,,,
sessions,FetchUUIDFromToken,860.505,R,uuid,,,,
activeClientSessions,IsActiveSession,860.506,R,id,,,,
get system,,860.506,,,,,,
activeClientSessions,UpdateActiveSession,860.508,W,uuid,clientSessionId,,,
systemSaveData,ReadSystemSaveData,860.509,R,data,,,,
sessions,FetchUUIDFromToken,873.429,R,uuid,,,,
Info,,873.429,,,,,,
accounts,FetchUsernameFromUUID,873.430,R,userName,,,,
accounts,FetchDiscordIdByUsername,873.431,R,discordId,,,,
accounts,FetchGoogleIdByUsername,873.432,R,googleId,,,,
sessionSaveData,GetLatestSessionSaveDataSlot,873.433,R,slot,,,,
sessions,FetchUUIDFromToken,873.626,R,uuid,,,,
activeClientSessions,IsActiveSession,873.627,R,id,,,,
get system,,873.627,,,,,,
activeClientSessions,UpdateActiveSession,873.629,W,uuid,clientSessionId,,,
systemSaveData,ReadSystemSaveData,873.629,R,data,,,,
sessions,FetchUUIDFromToken,975.258,R,uuid,,,,
activeClientSessions,IsActiveSession,975.259,R,id,,,,
verify system,,975.259,,,,,,
sessions,FetchUUIDFromToken,998.100,R,uuid,,,,
Info,,998.100,,,,,,
accounts,FetchUsernameFromUUID,998.101,R,userName,,,,
accounts,FetchDiscordIdByUsername,998.102,R,discordId,,,,
accounts,FetchGoogleIdByUsername,998.103,R,googleId,,,,
sessionSaveData,GetLatestSessionSaveDataSlot,998.104,R,slot,,,,
sessions,FetchUUIDFromToken,998.286,R,uuid,,,,
activeClientSessions,IsActiveSession,998.287,R,id,,,,
get system,,998.287,,,,,,
activeClientSessions,UpdateActiveSession,998.289,W,uuid,clientSessionId,,,
systemSaveData,ReadSystemSaveData,998.290,R,data,,,,
sessions,FetchUUIDFromToken,1075.324,R,uuid,,,,
Info,,1075.324,,,,,,
accounts,FetchUsernameFromUUID,1075.325,R,userName,,,,
accounts,FetchDiscordIdByUsername,1075.327,R,discordId,,,,
accounts,FetchGoogleIdByUsername,1075.328,R,googleId,,,,
sessionSaveData,GetLatestSessionSaveDataSlot,1075.329,R,slot,,,,
sessions,FetchUUIDFromToken,1075.518,R,uuid,,,,
activeClientSessions,IsActiveSession,1075.518,R,id,,,,
get system,,1075.518,,,,,,
activeClientSessions,UpdateActiveSession,1075.520,W,uuid,clientSessionId,,,
systemSaveData,ReadSystemSaveData,1075.521,R,data,,,,
sessions,FetchUUIDFromToken,1099.647,R,uuid,,,,
Info,,1099.647,,,,,,
accounts,FetchUsernameFromUUID,1099.648,R,userName,,,,
accounts,FetchDiscordIdByUsername,1099.649,R,discordId,,,,
accounts,FetchGoogleIdByUsername,1099.649,R,googleId,,,,
sessionSaveData,GetLatestSessionSaveDataSlot,1099.650,R,slot,,,,
sessions,FetchUUIDFromToken,1099.842,R,uuid,,,,
activeClientSessions,IsActiveSession,1099.843,R,id,,,,
get system,,1099.843,,,,,,
activeClientSessions,UpdateActiveSession,1099.844,W,uuid,clientSessionId,,,
systemSaveData,ReadSystemSaveData,1099.845,R,data,,,,
sessions,FetchUUIDFromToken,1196.639,R,uuid,,,,
Info,,1196.639,,,,,,
accounts,FetchUsernameFromUUID,1196.640,R,userName,,,,
accounts,FetchDiscordIdByUsername,1196.641,R,discordId,,,,
accounts,FetchGoogleIdByUsername,1196.642,R,googleId,,,,
sessionSaveData,GetLatestSessionSaveDataSlot,1196.643,R,slot,,,,
sessions,FetchUUIDFromToken,1196.838,R,uuid,,,,
activeClientSessions,IsActiveSession,1196.839,R,id,,,,
get system,,1196.839,,,,,,
activeClientSessions,UpdateActiveSession,1196.841,W,uuid,clientSessionId,,,
systemSaveData,ReadSystemSaveData,1196.842,R,data,,,,
sessions,FetchUUIDFromToken,1256.462,R,uuid,,,,
Info,,1256.462,,,,,,
accounts,FetchUsernameFromUUID,1256.463,R,userName,,,,
accounts,FetchDiscordIdByUsername,1256.464,R,discordId,,,,
accounts,FetchGoogleIdByUsername,1256.465,R,googleId,,,,
sessionSaveData,GetLatestSessionSaveDataSlot,1256.466,R,slot,,,,
sessions,FetchUUIDFromToken,1256.659,R,uuid,,,,
activeClientSessions,IsActiveSession,1256.660,R,id,,,,
get system,,1256.660,,,,,,
activeClientSessions,UpdateActiveSession,1256.662,W,uuid,clientSessionId,,,
systemSaveData,ReadSystemSaveData,1256.663,R,data,,,,
sessions,FetchUUIDFromToken,1409.149,R,uuid,,,,
activeClientSessions,IsActiveSession,1409.150,R,id,,,,
verify system,,1409.150,,,,,,
sessions,FetchUUIDFromToken,1536.388,R,uuid,,,,
updateAll,,1536.388,,,,,,
activeClientSessions,IsActiveSession,1536.961,R,id,,,,
accounts,FetchTrainerIds,1536.962,R,trainerID,secretID,,,
accountStats,RetrievePlaytime,1536.963,R,playtime,,,,
sessionSaveData,ReadSessionSaveData,1536.964,R,data,,,,
accounts,UpdateAccountLastActivity,1536.967,W,lastActivity,,,,
sessionSaveData,StoreSessionSaveData,1536.986,W,uuid,slot,data,timeStamp,
accounts,UpdateAccountLastActivity,1536.988,W,lastActivity,,,,
accountStats,UpdateAccountStats,1536.989,W,stats,,,,
systemSaveData,StoreSystemSaveData,1537.014,W,uuid,data,timeStamp,,
sessions,FetchUUIDFromToken,1556.128,R,uuid,,,,
Info,,1556.128,,,,,,
accounts,FetchUsernameFromUUID,1556.129,R,userName,,,,
accounts,FetchDiscordIdByUsername,1556.131,R,discordId,,,,
accounts,FetchGoogleIdByUsername,1556.132,R,googleId,,,,
sessionSaveData,GetLatestSessionSaveDataSlot,1556.133,R,slot,,,,
sessions,FetchUUIDFromToken,1556.317,R,uuid,,,,
activeClientSessions,IsActiveSession,1556.318,R,id,,,,
get system,,1556.318,,,,,,
activeClientSessions,UpdateActiveSession,1556.320,W,uuid,clientSessionId,,,
systemSaveData,ReadSystemSaveData,1556.320,R,data,,,,
sessions,FetchUUIDFromToken,1556.585,R,uuid,,,,
activeClientSessions,UpdateActiveSession,1556.585,W,uuid,clientSessionId,,,
sessionSaveData,ReadSessionSaveData,1556.586,R,data,,,,
sessions,FetchUUIDFromToken,1572.776,R,uuid,,,,
Info,,1572.777,,,,,,
accounts,FetchUsernameFromUUID,1572.777,R,userName,,,,
accounts,FetchDiscordIdByUsername,1572.778,R,discordId,,,,
accounts,FetchGoogleIdByUsername,1572.780,R,googleId,,,,
sessionSaveData,GetLatestSessionSaveDataSlot,1572.780,R,slot,,,,
sessions,FetchUUIDFromToken,1572.969,R,uuid,,,,
activeClientSessions,IsActiveSession,1572.970,R,id,,,,
get system,,1572.970,,,,,,
activeClientSessions,UpdateActiveSession,1572.974,W,uuid,clientSessionId,,,
systemSaveData,ReadSystemSaveData,1572.974,R,data,,,,
sessions,FetchUUIDFromToken,1573.238,R,uuid,,,,
activeClientSessions,UpdateActiveSession,1573.238,W,uuid,clientSessionId,,,
sessionSaveData,ReadSessionSaveData,1573.239,R,data,,,,
sessions,FetchUUIDFromToken,1679.777,R,uuid,,,,
Info,,1679.777,,,,,,
accounts,FetchUsernameFromUUID,1679.778,R,userName,,,,
accounts,FetchDiscordIdByUsername,1679.779,R,discordId,,,,
accounts,FetchGoogleIdByUsername,1679.780,R,googleId,,,,
sessionSaveData,GetLatestSessionSaveDataSlot,1679.781,R,slot,,,,
sessions,FetchUUIDFromToken,1679.966,R,uuid,,,,
activeClientSessions,IsActiveSession,1679.966,R,id,,,,
get system,,1679.966,,,,,,
activeClientSessions,UpdateActiveSession,1679.968,W,uuid,clientSessionId,,,
systemSaveData,ReadSystemSaveData,1679.969,R,data,,,,
sessions,FetchUUIDFromToken,1680.232,R,uuid,,,,
activeClientSessions,UpdateActiveSession,1680.233,W,uuid,clientSessionId,,,
sessionSaveData,ReadSessionSaveData,1680.234,R,data,,,,
sessions,FetchUUIDFromToken,1704.732,R,uuid,,,,
Info,,1704.732,,,,,,
accounts,FetchUsernameFromUUID,1704.733,R,userName,,,,
accounts,FetchDiscordIdByUsername,1704.734,R,discordId,,,,
accounts,FetchGoogleIdByUsername,1704.735,R,googleId,,,,
sessionSaveData,GetLatestSessionSaveDataSlot,1704.736,R,slot,,,,
sessions,FetchUUIDFromToken,1704.921,R,uuid,,,,
activeClientSessions,IsActiveSession,1704.922,R,id,,,,
get system,,1704.922,,,,,,
activeClientSessions,UpdateActiveSession,1704.924,W,uuid,clientSessionId,,,
systemSaveData,ReadSystemSaveData,1704.924,R,data,,,,
sessions,FetchUUIDFromToken,1705.185,R,uuid,,,,
activeClientSessions,UpdateActiveSession,1705.185,W,uuid,clientSessionId,,,
sessionSaveData,ReadSessionSaveData,1705.186,R,data,,,,
sessions,FetchUUIDFromToken,1805.792,R,uuid,,,,
activeClientSessions,IsActiveSession,1805.792,R,id,,,,
verify system,,1805.793,,,,,,
sessions,FetchUUIDFromToken,1927.643,R,uuid,,,,
activeClientSessions,IsActiveSession,1927.643,R,id,,,,
verify system,,1927.644,,,,,,
sessions,FetchUUIDFromToken,1985.798,R,uuid,,,,
activeClientSessions,IsActiveSession,1985.799,R,id,,,,
verify system,,1985.799,,,,,,
sessions,FetchUUIDFromToken,2008.954,R,uuid,,,,
updateAll,,2008.954,,,,,,
activeClientSessions,IsActiveSession,2009.529,R,id,,,,
accounts,FetchTrainerIds,2009.529,R,trainerID,secretID,,,
accountStats,RetrievePlaytime,2009.530,R,playtime,,,,
sessionSaveData,ReadSessionSaveData,2009.531,R,data,,,,
accounts,UpdateAccountLastActivity,2009.535,W,lastActivity,,,,
sessionSaveData,StoreSessionSaveData,2009.552,W,uuid,slot,data,timeStamp,
accounts,UpdateAccountLastActivity,2009.553,W,lastActivity,,,,
accountStats,UpdateAccountStats,2009.555,W,stats,,,,
systemSaveData,StoreSystemSaveData,2009.580,W,uuid,data,timeStamp,,
sessions,FetchUUIDFromToken,2048.884,R,uuid,,,,
Info,,2048.885,,,,,,
accounts,FetchUsernameFromUUID,2048.885,R,userName,,,,
accounts,FetchDiscordIdByUsername,2048.887,R,discordId,,,,
accounts,FetchGoogleIdByUsername,2048.888,R,googleId,,,,
sessionSaveData,GetLatestSessionSaveDataSlot,2048.888,R,slot,,,,
sessions,FetchUUIDFromToken,2049.077,R,uuid,,,,
activeClientSessions,IsActiveSession,2049.078,R,id,,,,
get system,,2049.078,,,,,,
activeClientSessions,UpdateActiveSession,2049.080,W,uuid,clientSessionId,,,
systemSaveData,ReadSystemSaveData,2049.081,R,data,,,,
sessions,FetchUUIDFromToken,2049.344,R,uuid,,,,
activeClientSessions,UpdateActiveSession,2049.345,W,uuid,clientSessionId,,,
sessionSaveData,ReadSessionSaveData,2049.346,R,data,,,,
sessions,FetchUUIDFromToken,2070.792,R,uuid,,,,
updateAll,,2070.792,,,,,,
activeClientSessions,IsActiveSession,2070.841,R,id,,,,
accounts,FetchTrainerIds,2070.842,R,trainerID,secretID,,,
accountStats,RetrievePlaytime,2070.843,R,playtime,,,,
sessionSaveData,ReadSessionSaveData,2070.843,R,data,,,,
accounts,UpdateAccountLastActivity,2070.846,W,lastActivity,,,,
sessionSaveData,StoreSessionSaveData,2070.855,W,uuid,slot,data,timeStamp,
accounts,UpdateAccountLastActivity,2070.857,W,lastActivity,,,,
accountStats,UpdateAccountStats,2070.860,W,stats,,,,
systemSaveData,StoreSystemSaveData,2070.874,W,uuid,data,timeStamp,,
sessions,FetchUUIDFromToken,2112.404,R,uuid,,,,
activeClientSessions,IsActiveSession,2112.405,R,id,,,,
verify system,,2112.405,,,,,,
sessions,FetchUUIDFromToken,2165.293,R,uuid,,,,
activeClientSessions,IsActiveSession,2165.294,R,id,,,,
verify system,,2165.294,,,,,,
sessions,FetchUUIDFromToken,2212.569,R,uuid,,,,
activeClientSessions,IsActiveSession,2212.570,R,id,,,,
verify system,,2212.570,,,,,,
sessions,FetchUUIDFromToken,2248.840,R,uuid,,,,
activeClientSessions,IsActiveSession,2248.841,R,id,,,,
verify system,,2248.841,,,,,,
sessions,FetchUUIDFromToken,2277.010,R,uuid,,,,
updateAll,,2277.010,,,,,,
activeClientSessions,IsActiveSession,2277.061,R,id,,,,
accounts,FetchTrainerIds,2277.062,R,trainerID,secretID,,,
accountStats,RetrievePlaytime,2277.063,R,playtime,,,,
sessionSaveData,ReadSessionSaveData,2277.063,R,data,,,,
accounts,UpdateAccountLastActivity,2277.067,W,lastActivity,,,,
sessionSaveData,StoreSessionSaveData,2277.074,W,uuid,slot,data,timeStamp,
accounts,UpdateAccountLastActivity,2277.075,W,lastActivity,,,,
accountStats,UpdateAccountStats,2277.077,W,stats,,,,
systemSaveData,StoreSystemSaveData,2277.095,W,uuid,data,timeStamp,,
sessions,FetchUUIDFromToken,2294.078,R,uuid,,,,
activeClientSessions,IsActiveSession,2294.079,R,id,,,,
verify system,,2294.079,,,,,,
sessions,FetchUUIDFromToken,2311.016,R,uuid,,,,
activeClientSessions,IsActiveSession,2311.017,R,id,,,,
verify system,,2311.017,,,,,,
sessions,FetchUUIDFromToken,2341.100,R,uuid,,,,
activeClientSessions,IsActiveSession,2341.101,R,id,,,,
verify system,,2341.101,,,,,,
sessions,FetchUUIDFromToken,2398.657,R,uuid,,,,
activeClientSessions,IsActiveSession,2398.658,R,id,,,,
verify system,,2398.658,,,,,,
sessions,FetchUUIDFromToken,2418.242,R,uuid,,,,
updateAll,,2418.242,,,,,,
activeClientSessions,IsActiveSession,2418.831,R,id,,,,
accounts,FetchTrainerIds,2418.832,R,trainerID,secretID,,,
accountStats,RetrievePlaytime,2418.833,R,playtime,,,,
sessionSaveData,ReadSessionSaveData,2418.834,R,data,,,,
accounts,UpdateAccountLastActivity,2418.839,W,lastActivity,,,,
sessionSaveData,StoreSessionSaveData,2418.849,W,uuid,slot,data,timeStamp,
accounts,UpdateAccountLastActivity,2418.850,W,lastActivity,,,,
accountStats,UpdateAccountStats,2418.853,W,stats,,,,
systemSaveData,StoreSystemSaveData,2418.866,W,uuid,data,timeStamp,,
sessions,FetchUUIDFromToken,2443.968,R,uuid,,,,
activeClientSessions,IsActiveSession,2443.969,R,id,,,,
verify system,,2443.969,,,,,,
sessions,FetchUUIDFromToken,2511.593,R,uuid,,,,
activeClientSessions,IsActiveSession,2511.594,R,id,,,,
verify system,,2511.594,,,,,,
sessions,FetchUUIDFromToken,2549.542,R,uuid,,,,
Info,,2549.542,,,,,,
accounts,FetchUsernameFromUUID,2549.543,R,userName,,,,
accounts,FetchDiscordIdByUsername,2549.544,R,discordId,,,,
accounts,FetchGoogleIdByUsername,2549.545,R,googleId,,,,
sessionSaveData,GetLatestSessionSaveDataSlot,2549.546,R,slot,,,,
sessions,FetchUUIDFromToken,2549.728,R,uuid,,,,
activeClientSessions,IsActiveSession,2549.728,R,id,,,,
get system,,2549.728,,,,,,
activeClientSessions,UpdateActiveSession,2549.730,W,uuid,clientSessionId,,,
systemSaveData,ReadSystemSaveData,2549.730,R,data,,,,
sessions,FetchUUIDFromToken,2584.720,R,uuid,,,,
activeClientSessions,IsActiveSession,2584.721,R,id,,,,
verify system,,2584.721,,,,,,
sessions,FetchUUIDFromToken,2666.712,R,uuid,,,,
activeClientSessions,IsActiveSession,2666.713,R,id,,,,
verify system,,2666.713,,,,,,
sessions,FetchUUIDFromToken,2678.922,R,uuid,,,,
updateAll,,2678.922,,,,,,
activeClientSessions,IsActiveSession,2679.502,R,id,,,,
accounts,FetchTrainerIds,2679.503,R,trainerID,secretID,,,
accountStats,RetrievePlaytime,2679.503,R,playtime,,,,
sessionSaveData,ReadSessionSaveData,2679.504,R,data,,,,
accounts,UpdateAccountLastActivity,2679.508,W,lastActivity,,,,
sessionSaveData,StoreSessionSaveData,2679.521,W,uuid,slot,data,timeStamp,
accounts,UpdateAccountLastActivity,2679.522,W,lastActivity,,,,
accountStats,UpdateAccountStats,2679.524,W,stats,,,,
systemSaveData,StoreSystemSaveData,2679.537,W,uuid,data,timeStamp,,
sessions,FetchUUIDFromToken,2694.434,R,uuid,,,,
activeClientSessions,IsActiveSession,2694.435,R,id,,,,
verify system,,2694.435,,,,,,
sessions,FetchUUIDFromToken,2713.147,R,uuid,,,,
activeClientSessions,IsActiveSession,2713.148,R,id,,,,
verify system,,2713.148,,,,,,
sessions,FetchUUIDFromToken,2726.877,R,uuid,,,,
activeClientSessions,IsActiveSession,2726.878,R,id,,,,
verify system,,2726.878,,,,,,
sessions,FetchUUIDFromToken,2754.308,R,uuid,,,,
activeClientSessions,IsActiveSession,2754.309,R,id,,,,
verify system,,2754.309,,,,,,
sessions,FetchUUIDFromToken,2773.016,R,uuid,,,,
Info,,2773.016,,,,,,
accounts,FetchUsernameFromUUID,2773.017,R,userName,,,,
accounts,FetchDiscordIdByUsername,2773.018,R,discordId,,,,
accounts,FetchGoogleIdByUsername,2773.019,R,googleId,,,,
sessionSaveData,GetLatestSessionSaveDataSlot,2773.020,R,slot,,,,
sessions,FetchUUIDFromToken,2773.202,R,uuid,,,,
activeClientSessions,IsActiveSession,2773.203,R,id,,,,
get system,,2773.203,,,,,,
activeClientSessions,UpdateActiveSession,2773.205,W,uuid,clientSessionId,,,
systemSaveData,ReadSystemSaveData,2773.206,R,data,,,,
sessions,FetchUUIDFromToken,2871.697,R,uuid,,,,
updateAll,,2871.697,,,,,,
activeClientSessions,IsActiveSession,2872.260,R,id,,,,
accounts,FetchTrainerIds,2872.261,R,trainerID,secretID,,,
accountStats,RetrievePlaytime,2872.262,R,playtime,,,,
sessionSaveData,ReadSessionSaveData,2872.262,R,data,,,,
accounts,UpdateAccountLastActivity,2872.266,W,lastActivity,,,,
sessionSaveData,StoreSessionSaveData,2872.275,W,uuid,slot,data,timeStamp,
accounts,UpdateAccountLastActivity,2872.276,W,lastActivity,,,,
accountStats,UpdateAccountStats,2872.278,W,stats,,,,
systemSaveData,StoreSystemSaveData,2872.296,W,uuid,data,timeStamp,,
sessions,FetchUUIDFromToken,2898.024,R,uuid,,,,
activeClientSessions,IsActiveSession,2898.025,R,id,,,,
verify system,,2898.025,,,,,,
sessions,FetchUUIDFromToken,2914.201,R,uuid,,,,
activeClientSessions,IsActiveSession,2914.201,R,id,,,,
verify system,,2914.201,,,,,,
sessions,FetchUUIDFromToken,2973.125,R,uuid,,,,
Info,,2973.125,,,,,,
accounts,FetchUsernameFromUUID,2973.125,R,userName,,,,
accounts,FetchDiscordIdByUsername,2973.127,R,discordId,,,,
accounts,FetchGoogleIdByUsername,2973.128,R,googleId,,,,
sessionSaveData,GetLatestSessionSaveDataSlot,2973.129,R,slot,,,,
sessions,FetchUUIDFromToken,2973.316,R,uuid,,,,
activeClientSessions,IsActiveSession,2973.316,R,id,,,,
get system,,2973.316,,,,,,
activeClientSessions,UpdateActiveSession,2973.318,W,uuid,clientSessionId,,,
systemSaveData,ReadSystemSaveData,2973.319,R,data,,,,
sessions,FetchUUIDFromToken,3004.666,R,uuid,,,,
Info,,3004.666,,,,,,
accounts,FetchUsernameFromUUID,3004.667,R,userName,,,,
accounts,FetchDiscordIdByUsername,3004.668,R,discordId,,,,
accounts,FetchGoogleIdByUsername,3004.669,R,googleId,,,,
sessionSaveData,GetLatestSessionSaveDataSlot,3004.670,R,slot,,,,
sessions,FetchUUIDFromToken,3004.857,R,uuid,,,,
activeClientSessions,IsActiveSession,3004.858,R,id,,,,
get system,,3004.858,,,,,,
activeClientSessions,UpdateActiveSession,3004.860,W,uuid,clientSessionId,,,
systemSaveData,ReadSystemSaveData,3004.860,R,data,,,,
sessions,FetchUUIDFromToken,3039.347,R,uuid,,,,
activeClientSessions,IsActiveSession,3039.348,R,id,,,,
verify system,,3039.348,,,,,,
sessions,FetchUUIDFromToken,3051.661,R,uuid,,,,
updateAll,,3051.661,,,,,,
activeClientSessions,IsActiveSession,3052.272,R,id,,,,
accounts,FetchTrainerIds,3052.273,R,trainerID,secretID,,,
accountStats,RetrievePlaytime,3052.274,R,playtime,,,,
sessionSaveData,ReadSessionSaveData,3052.275,R,data,,,,
accounts,UpdateAccountLastActivity,3052.278,W,lastActivity,,,,
sessionSaveData,StoreSessionSaveData,3052.292,W,uuid,slot,data,timeStamp,
accounts,UpdateAccountLastActivity,3052.293,W,lastActivity,,,,
accountStats,UpdateAccountStats,3052.294,W,stats,,,,
systemSaveData,StoreSystemSaveData,3052.313,W,uuid,data,timeStamp,,
sessions,FetchUUIDFromToken,3057.632,R,uuid,,,,
updateAll,,3057.632,,,,,,
activeClientSessions,IsActiveSession,3057.724,R,id,,,,
accounts,FetchTrainerIds,3057.725,R,trainerID,secretID,,,
accountStats,RetrievePlaytime,3057.725,R,playtime,,,,
sessionSaveData,ReadSessionSaveData,3057.726,R,data,,,,
accounts,UpdateAccountLastActivity,3057.729,W,lastActivity,,,,
sessionSaveData,StoreSessionSaveData,3057.739,W,uuid,slot,data,timeStamp,
accounts,UpdateAccountLastActivity,3057.740,W,lastActivity,,,,
accountStats,UpdateAccountStats,3057.742,W,stats,,,,
systemSaveData,StoreSystemSaveData,3057.756,W,uuid,data,timeStamp,,
sessions,FetchUUIDFromToken,3073.945,R,uuid,,,,
updateAll,,3073.945,,,,,,
activeClientSessions,IsActiveSession,3073.999,R,id,,,,
accounts,FetchTrainerIds,3074.000,R,trainerID,secretID,,,
accountStats,RetrievePlaytime,3074.001,R,playtime,,,,
sessionSaveData,ReadSessionSaveData,3074.001,R,data,,,,
accounts,UpdateAccountLastActivity,3074.004,W,lastActivity,,,,
sessionSaveData,StoreSessionSaveData,3074.015,W,uuid,slot,data,timeStamp,
accounts,UpdateAccountLastActivity,3074.016,W,lastActivity,,,,
accountStats,UpdateAccountStats,3074.018,W,stats,,,,
systemSaveData,StoreSystemSaveData,3074.032,W,uuid,data,timeStamp,,
sessions,FetchUUIDFromToken,3084.882,R,uuid,,,,
updateAll,,3084.882,,,,,,
activeClientSessions,IsActiveSession,3084.945,R,id,,,,
accounts,FetchTrainerIds,3084.945,R,trainerID,secretID,,,
accountStats,RetrievePlaytime,3084.946,R,playtime,,,,
sessionSaveData,ReadSessionSaveData,3084.946,R,data,,,,
accounts,UpdateAccountLastActivity,3084.950,W,lastActivity,,,,
sessionSaveData,StoreSessionSaveData,3084.959,W,uuid,slot,data,timeStamp,
accounts,UpdateAccountLastActivity,3084.960,W,lastActivity,,,,
accountStats,UpdateAccountStats,3084.961,W,stats,,,,
systemSaveData,StoreSystemSaveData,3084.977,W,uuid,data,timeStamp,,
sessions,FetchUUIDFromToken,3091.183,R,uuid,,,,
updateAll,,3091.183,,,,,,
activeClientSessions,IsActiveSession,3091.223,R,id,,,,
accounts,FetchTrainerIds,3091.224,R,trainerID,secretID,,,
accountStats,RetrievePlaytime,3091.225,R,playtime,,,,
sessionSaveData,ReadSessionSaveData,3091.225,R,data,,,,
accounts,UpdateAccountLastActivity,3091.229,W,lastActivity,,,,
sessionSaveData,StoreSessionSaveData,3091.237,W,uuid,slot,data,timeStamp,
accounts,UpdateAccountLastActivity,3091.238,W,lastActivity,,,,
accountStats,UpdateAccountStats,3091.240,W,stats,,,,
systemSaveData,StoreSystemSaveData,3091.255,W,uuid,data,timeStamp,,
sessions,FetchUUIDFromToken,3122.705,R,uuid,,,,
activeClientSessions,IsActiveSession,3122.706,R,id,,,,
verify system,,3122.706,,,,,,
sessions,FetchUUIDFromToken,3175.608,R,uuid,,,,
Info,,3175.608,,,,,,
accounts,FetchUsernameFromUUID,3175.609,R,userName,,,,
accounts,FetchDiscordIdByUsername,3175.610,R,discordId,,,,
accounts,FetchGoogleIdByUsername,3175.611,R,googleId,,,,
sessionSaveData,GetLatestSessionSaveDataSlot,3175.611,R,slot,,,,
sessions,FetchUUIDFromToken,3175.806,R,uuid,,,,
activeClientSessions,IsActiveSession,3175.806,R,id,,,,
get system,,3175.806,,,,,,
activeClientSessions,UpdateActiveSession,3175.808,W,uuid,clientSessionId,,,
systemSaveData,ReadSystemSaveData,3175.809,R,data,,,,
sessions,FetchUUIDFromToken,3303.183,R,uuid,,,,
Info,,3303.183,,,,,,
accounts,FetchUsernameFromUUID,3303.184,R,userName,,,,
accounts,FetchDiscordIdByUsername,3303.185,R,discordId,,,,
accounts,FetchGoogleIdByUsername,3303.186,R,googleId,,,,
sessionSaveData,GetLatestSessionSaveDataSlot,3303.186,R,slot,,,,
sessions,FetchUUIDFromToken,3303.369,R,uuid,,,,
activeClientSessions,IsActiveSession,3303.370,R,id,,,,
get system,,3303.370,,,,,,
activeClientSessions,UpdateActiveSession,3303.372,W,uuid,clientSessionId,,,
systemSaveData,ReadSystemSaveData,3303.372,R,data,,,,
sessions,FetchUUIDFromToken,3376.866,R,uuid,,,,
Info,,3376.866,,,,,,
accounts,FetchUsernameFromUUID,3376.867,R,userName,,,,
accounts,FetchDiscordIdByUsername,3376.868,R,discordId,,,,
accounts,FetchGoogleIdByUsername,3376.869,R,googleId,,,,
sessionSaveData,GetLatestSessionSaveDataSlot,3376.870,R,slot,,,,
sessions,FetchUUIDFromToken,3377.052,R,uuid,,,,
activeClientSessions,IsActiveSession,3377.053,R,id,,,,
get system,,3377.053,,,,,,
activeClientSessions,UpdateActiveSession,3377.055,W,uuid,clientSessionId,,,
systemSaveData,ReadSystemSaveData,3377.055,R,data,,,,
sessions,FetchUUIDFromToken,3543.953,R,uuid,,,,
updateAll,,3543.953,,,,,,
activeClientSessions,IsActiveSession,3544.496,R,id,,,,
accounts,FetchTrainerIds,3544.497,R,trainerID,secretID,,,
accountStats,RetrievePlaytime,3544.498,R,playtime,,,,
sessionSaveData,ReadSessionSaveData,3544.498,R,data,,,,
accounts,UpdateAccountLastActivity,3544.502,W,lastActivity,,,,
sessionSaveData,StoreSessionSaveData,3544.512,W,uuid,slot,data,timeStamp,
accounts,UpdateAccountLastActivity,3544.513,W,lastActivity,,,,
accountStats,UpdateAccountStats,3544.515,W,stats,,,,
systemSaveData,StoreSystemSaveData,3544.531,W,uuid,data,timeStamp,,
sessions,FetchUUIDFromToken,3554.589,R,uuid,,,,
Info,,3554.589,,,,,,
accounts,FetchUsernameFromUUID,3554.590,R,userName,,,,
accounts,FetchDiscordIdByUsername,3554.591,R,discordId,,,,
accounts,FetchGoogleIdByUsername,3554.592,R,googleId,,,,
sessionSaveData,GetLatestSessionSaveDataSlot,3554.593,R,slot,,,,
sessions,FetchUUIDFromToken,3554.779,R,uuid,,,,
activeClientSessions,IsActiveSession,3554.780,R,id,,,,
get system,,3554.780,,,,,,
activeClientSessions,UpdateActiveSession,3554.781,W,uuid,clientSessionId,,,
systemSaveData,ReadSystemSaveData,3554.782,R,data,,,,
sessions,FetchUUIDFromToken,3555.048,R,uuid,,,,
activeClientSessions,UpdateActiveSession,3555.048,W,uuid,clientSessionId,,,
sessionSaveData,ReadSessionSaveData,3555.049,R,data,,,,
sessions,FetchUUIDFromToken,3573.577,R,uuid,,,,
activeClientSessions,IsActiveSession,3573.578,R,id,,,,
verify system,,3573.578,,,,,,
sessions,FetchUUIDFromToken,3586.892,R,uuid,,,,
activeClientSessions,IsActiveSession,3586.893,R,id,,,,
verify system,,3586.893,,,,,,
sessions,FetchUUIDFromToken,3640.953,R,uuid,,,,
activeClientSessions,IsActiveSession,3640.953,R,id,,,,
verify system,,3640.954,,,,,,
sessions,FetchUUIDFromToken,3669.956,R,uuid,,,,
activeClientSessions,IsActiveSession,3669.957,R,id,,,,
verify system,,3669.957,,,,,,
sessions,FetchUUIDFromToken,3708.369,R,uuid,,,,
updateAll,,3708.369,,,,,,
activeClientSessions,IsActiveSession,3708.988,R,id,,,,
accounts,FetchTrainerIds,3708.989,R,trainerID,secretID,,,
accountStats,RetrievePlaytime,3708.990,R,playtime,,,,
sessionSaveData,ReadSessionSaveData,3708.990,R,data,,,,
accounts,UpdateAccountLastActivity,3708.995,W,lastActivity,,,,
sessionSaveData,StoreSessionSaveData,3709.010,W,uuid,slot,data,timeStamp,
accounts,UpdateAccountLastActivity,3709.011,W,lastActivity,,,,
accountStats,UpdateAccountStats,3709.013,W,stats,,,,
systemSaveData,StoreSystemSaveData,3709.037,W,uuid,data,timeStamp,,
sessions,FetchUUIDFromToken,3735.843,R,uuid,,,,
Info,,3735.843,,,,,,
accounts,FetchUsernameFromUUID,3735.844,R,userName,,,,
accounts,FetchDiscordIdByUsername,3735.845,R,discordId,,,,
accounts,FetchGoogleIdByUsername,3735.847,R,googleId,,,,
sessionSaveData,GetLatestSessionSaveDataSlot,3735.847,R,slot,,,,
sessions,FetchUUIDFromToken,3736.037,R,uuid,,,,
activeClientSessions,IsActiveSession,3736.038,R,id,,,,
get system,,3736.038,,,,,,
activeClientSessions,UpdateActiveSession,3736.040,W,uuid,clientSessionId,,,
systemSaveData,ReadSystemSaveData,3736.041,R,data,,,,
sessions,FetchUUIDFromToken,3736.314,R,uuid,,,,
activeClientSessions,UpdateActiveSession,3736.315,W,uuid,clientSessionId,,,
sessionSaveData,ReadSessionSaveData,3736.316,R,data,,,,
sessions,FetchUUIDFromToken,3774.828,R,uuid,,,,
activeClientSessions,IsActiveSession,3774.829,R,id,,,,
verify system,,3774.829,,,,,,
sessions,FetchUUIDFromToken,3837.936,R,uuid,,,,
activeClientSessions,IsActiveSession,3837.937,R,id,,,,
verify system,,3837.937,,,,,,
sessions,FetchUUIDFromToken,3852.466,R,uuid,,,,
Info,,3852.467,,,,,,
accounts,FetchUsernameFromUUID,3852.467,R,userName,,,,
accounts,FetchDiscordIdByUsername,3852.468,R,discordId,,,,
accounts,FetchGoogleIdByUsername,3852.469,R,googleId,,,,
sessionSaveData,GetLatestSessionSaveDataSlot,3852.470,R,slot,,,,
sessions,FetchUUIDFromToken,3852.669,R,uuid,,,,
activeClientSessions,IsActiveSession,3852.670,R,id,,,,
get system,,3852.670,,,,,,
activeClientSessions,UpdateActiveSession,3852.672,W,uuid,clientSessionId,,,
systemSaveData,ReadSystemSaveData,3852.673,R,data,,,,
sessions,FetchUUIDFromToken,3871.333,R,uuid,,,,
Info,,3871.334,,,,,,
accounts,FetchUsernameFromUUID,3871.335,R,userName,,,,
accounts,FetchDiscordIdByUsername,3871.337,R,discordId,,,,
accounts,FetchGoogleIdByUsername,3871.340,R,googleId,,,,
sessionSaveData,GetLatestSessionSaveDataSlot,3871.342,R,slot,,,,
sessions,FetchUUIDFromToken,3871.542,R,uuid,,,,
activeClientSessions,IsActiveSession,3871.543,R,id,,,,
get system,,3871.543,,,,,,
activeClientSessions,UpdateActiveSession,3871.545,W,uuid,clientSessionId,,,
systemSaveData,ReadSystemSaveData,3871.545,R,data,,,,
sessions,FetchUUIDFromToken,3894.828,R,uuid,,,,
Info,,3894.828,,,,,,
accounts,FetchUsernameFromUUID,3894.829,R,userName,,,,
accounts,FetchDiscordIdByUsername,3894.830,R,discordId,,,,
accounts,FetchGoogleIdByUsername,3894.831,R,googleId,,,,
sessionSaveData,GetLatestSessionSaveDataSlot,3894.831,R,slot,,,,
sessions,FetchUUIDFromToken,3895.019,R,uuid,,,,
activeClientSessions,IsActiveSession,3895.020,R,id,,,,
get system,,3895.020,,,,,,
activeClientSessions,UpdateActiveSession,3895.022,W,uuid,clientSessionId,,,
systemSaveData,ReadSystemSaveData,3895.022,R,data,,,,
sessions,FetchUUIDFromToken,3947.217,R,uuid,,,,
activeClientSessions,IsActiveSession,3947.218,R,id,,,,
verify system,,3947.218,,,,,,
sessions,FetchUUIDFromToken,3980.086,R,uuid,,,,
Info,,3980.086,,,,,,
accounts,FetchUsernameFromUUID,3980.087,R,userName,,,,
accounts,FetchDiscordIdByUsername,3980.088,R,discordId,,,,
accounts,FetchGoogleIdByUsername,3980.089,R,googleId,,,,
sessionSaveData,GetLatestSessionSaveDataSlot,3980.090,R,slot,,,,
sessions,FetchUUIDFromToken,3980.287,R,uuid,,,,
activeClientSessions,IsActiveSession,3980.288,R,id,,,,
get system,,3980.288,,,,,,
activeClientSessions,UpdateActiveSession,3980.290,W,uuid,clientSessionId,,,
systemSaveData,ReadSystemSaveData,3980.291,R,data,,,,
sessions,FetchUUIDFromToken,4077.677,R,uuid,,,,
activeClientSessions,IsActiveSession,4077.678,R,id,,,,
verify system,,4077.678,,,,,,
sessions,FetchUUIDFromToken,4112.466,R,uuid,,,,
updateAll,,4112.466,,,,,,
activeClientSessions,IsActiveSession,4113.039,R,id,,,,
accounts,FetchTrainerIds,4113.039,R,trainerID,secretID,,,
accountStats,RetrievePlaytime,4113.040,R,playtime,,,,
sessionSaveData,ReadSessionSaveData,4113.040,R,data,,,,
accounts,UpdateAccountLastActivity,4113.046,W,lastActivity,,,,
sessionSaveData,StoreSessionSaveData,4113.054,W,uuid,slot,data,timeStamp,
accounts,UpdateAccountLastActivity,4113.055,W,lastActivity,,,,
accountStats,UpdateAccountStats,4113.057,W,stats,,,,
systemSaveData,StoreSystemSaveData,4113.074,W,uuid,data,timeStamp,,
sessions,FetchUUIDFromToken,4148.688,R,uuid,,,,
activeClientSessions,IsActiveSession,4148.689,R,id,,,,
verify system,,4148.689,,,,,,
sessions,FetchUUIDFromToken,4222.765,R,uuid,,,,
activeClientSessions,IsActiveSession,4222.766,R,id,,,,
verify system,,4222.766,,,,,,
sessions,FetchUUIDFromToken,4280.857,R,uuid,,,,
Info,,4280.857,,,,,,
accounts,FetchUsernameFromUUID,4280.858,R,userName,,,,
accounts,FetchDiscordIdByUsername,4280.859,R,discordId,,,,
accounts,FetchGoogleIdByUsername,4280.861,R,googleId,,,,
sessionSaveData,GetLatestSessionSaveDataSlot,4280.862,R,slot,,,,
sessions,FetchUUIDFromToken,4281.049,R,uuid,,,,
activeClientSessions,IsActiveSession,4281.050,R,id,,,,
get system,,4281.050,,,,,,
activeClientSessions,UpdateActiveSession,4281.052,W,uuid,clientSessionId,,,
systemSaveData,ReadSystemSaveData,4281.052,R,data,,,,
sessions,FetchUUIDFromToken,4320.031,R,uuid,,,,
activeClientSessions,IsActiveSession,4320.032,R,id,,,,
verify system,,4320.032,,,,,,
sessions,FetchUUIDFromToken,4354.038,R,uuid,,,,
Info,,4354.038,,,,,,
accounts,FetchUsernameFromUUID,4354.038,R,userName,,,,
accounts,FetchDiscordIdByUsername,4354.040,R,discordId,,,,
accounts,FetchGoogleIdByUsername,4354.041,R,googleId,,,,
sessionSaveData,GetLatestSessionSaveDataSlot,4354.042,R,slot,,,,
sessions,FetchUUIDFromToken,4354.227,R,uuid,,,,
activeClientSessions,IsActiveSession,4354.227,R,id,,,,
get system,,4354.228,,,,,,
activeClientSessions,UpdateActiveSession,4354.229,W,uuid,clientSessionId,,,
systemSaveData,ReadSystemSaveData,4354.230,R,data,,,,
sessions,FetchUUIDFromToken,4489.270,R,uuid,,,,
activeClientSessions,IsActiveSession,4489.271,R,id,,,,
verify system,,4489.271,,,,,,
sessions,FetchUUIDFromToken,4510.837,R,uuid,,,,
Info,,4510.837,,,,,,
accounts,FetchUsernameFromUUID,4510.837,R,userName,,,,
accounts,FetchDiscordIdByUsername,4510.839,R,discordId,,,,
accounts,FetchGoogleIdByUsername,4510.840,R,googleId,,,,
sessionSaveData,GetLatestSessionSaveDataSlot,4510.840,R,slot,,,,
sessions,FetchUUIDFromToken,4511.024,R,uuid,,,,
activeClientSessions,IsActiveSession,4511.024,R,id,,,,
get system,,4511.025,,,,,,
activeClientSessions,UpdateActiveSession,4511.026,W,uuid,clientSessionId,,,
systemSaveData,ReadSystemSaveData,4511.027,R,data,,,,
sessions,FetchUUIDFromToken,4527.966,R,uuid,,,,
Info,,4527.966,,,,,,
accounts,FetchUsernameFromUUID,4527.967,R,userName,,,,
accounts,FetchDiscordIdByUsername,4527.968,R,discordId,,,,
accounts,FetchGoogleIdByUsername,4527.969,R,googleId,,,,
sessionSaveData,GetLatestSessionSaveDataSlot,4527.970,R,slot,,,,
sessions,FetchUUIDFromToken,4528.152,R,uuid,,,,
activeClientSessions,IsActiveSession,4528.153,R,id,,,,
get system,,4528.153,,,,,,
activeClientSessions,UpdateActiveSession,4528.155,W,uuid,clientSessionId,,,
systemSaveData,ReadSystemSaveData,4528.156,R,data,,,,
sessions,FetchUUIDFromToken,4542.808,R,uuid,,,,
Info,,4542.808,,,,,,
accounts,FetchUsernameFromUUID,4542.809,R,userName,,,,
accounts,FetchDiscordIdByUsername,4542.810,R,discordId,,,,
accounts,FetchGoogleIdByUsername,4542.811,R,googleId,,,,
sessionSaveData,GetLatestSessionSaveDataSlot,4542.812,R,slot,,,,
sessions,FetchUUIDFromToken,4542.994,R,uuid,,,,
activeClientSessions,IsActiveSession,4542.995,R,id,,,,
get system,,4542.995,,,,,,
activeClientSessions,UpdateActiveSession,4542.999,W,uuid,clientSessionId,,,
systemSaveData,ReadSystemSaveData,4543.000,R,data,,,,
sessions,FetchUUIDFromToken,4588.976,R,uuid,,,,
updateAll,,4588.976,,,,,,
activeClientSessions,IsActiveSession,4589.573,R,id,,,,
accounts,FetchTrainerIds,4589.574,R,trainerID,secretID,,,
accountStats,RetrievePlaytime,4589.575,R,playtime,,,,
sessionSaveData,ReadSessionSaveData,4589.575,R,data,,,,
accounts,UpdateAccountLastActivity,4589.579,W,lastActivity,,,,
sessionSaveData,StoreSessionSaveData,4589.593,W,uuid,slot,data,timeStamp,
accounts,UpdateAccountLastActivity,4589.594,W,lastActivity,,,,
accountStats,UpdateAccountStats,4589.596,W,stats,,,,
systemSaveData,StoreSystemSaveData,4589.610,W,uuid,data,timeStamp,,
sessions,FetchUUIDFromToken,4606.634,R,uuid,,,,
Info,,4606.634,,,,,,
accounts,FetchUsernameFromUUID,4606.634,R,userName,,,,
accounts,FetchDiscordIdByUsername,4606.636,R,discordId,,,,
accounts,FetchGoogleIdByUsername,4606.637,R,googleId,,,,
sessionSaveData,GetLatestSessionSaveDataSlot,4606.637,R,slot,,,,
sessions,FetchUUIDFromToken,4606.822,R,uuid,,,,
activeClientSessions,IsActiveSession,4606.823,R,id,,,,
get system,,4606.823,,,,,,
activeClientSessions,UpdateActiveSession,4606.825,W,uuid,clientSessionId,,,
systemSaveData,ReadSystemSaveData,4606.826,R,data,,,,
sessions,FetchUUIDFromToken,4607.088,R,uuid,,,,
activeClientSessions,UpdateActiveSession,4607.089,W,uuid,clientSessionId,,,
sessionSaveData,ReadSessionSaveData,4607.090,R,data,,,,
sessions,FetchUUIDFromToken,4685.375,R,uuid,,,,
activeClientSessions,IsActiveSession,4685.375,R,id,,,,
verify system,,4685.375,,,,,,
sessions,FetchUUIDFromToken,4761.577,R,uuid,,,,
activeClientSessions,IsActiveSession,4761.577,R,id,,,,
verify system,,4761.577,,,,,,
sessions,FetchUUIDFromToken,4808.702,R,uuid,,,,
Info,,4808.702,,,,,,
accounts,FetchUsernameFromUUID,4808.703,R,userName,,,,
accounts,FetchDiscordIdByUsername,4808.704,R,discordId,,,,
accounts,FetchGoogleIdByUsername,4808.705,R,googleId,,,,
sessionSaveData,GetLatestSessionSaveDataSlot,4808.706,R,slot,,,,
sessions,FetchUUIDFromToken,4808.894,R,uuid,,,,
activeClientSessions,IsActiveSession,4808.895,R,id,,,,
get system,,4808.895,,,,,,
activeClientSessions,UpdateActiveSession,4808.897,W,uuid,clientSessionId,,,
systemSaveData,ReadSystemSaveData,4808.898,R,data,,,,
sessions,FetchUUIDFromToken,4838.887,R,uuid,,,,
activeClientSessions,IsActiveSession,4838.888,R,id,,,,
verify system,,4838.888,,,,,,
sessions,FetchUUIDFromToken,4911.054,R,uuid,,,,
Info,,4911.054,,,,,,
accounts,FetchUsernameFromUUID,4911.055,R,userName,,,,
accounts,FetchDiscordIdByUsername,4911.056,R,discordId,,,,
accounts,FetchGoogleIdByUsername,4911.058,R,googleId,,,,
sessionSaveData,GetLatestSessionSaveDataSlot,4911.058,R,slot,,,,
sessions,FetchUUIDFromToken,4911.241,R,uuid,,,,
activeClientSessions,IsActiveSession,4911.242,R,id,,,,
get system,,4911.242,,,,,,
activeClientSessions,UpdateActiveSession,4911.244,W,uuid,clientSessionId,,,
systemSaveData,ReadSystemSaveData,4911.244,R,data,,,,
sessions,FetchUUIDFromToken,5018.109,R,uuid,,,,
Info,,5018.109,,,,,,
accounts,FetchUsernameFromUUID,5018.110,R,userName,,,,
accounts,FetchDiscordIdByUsername,5018.111,R,discordId,,,,
accounts,FetchGoogleIdByUsername,5018.112,R,googleId,,,,
sessionSaveData,GetLatestSessionSaveDataSlot,5018.113,R,slot,,,,
sessions,FetchUUIDFromToken,5018.298,R,uuid,,,,
activeClientSessions,IsActiveSession,5018.299,R,id,,,,
get system,,5018.299,,,,,,
activeClientSessions,UpdateActiveSession,5018.301,W,uuid,clientSessionId,,,
systemSaveData,ReadSystemSaveData,5018.302,R,data,,,,
sessions,FetchUUIDFromToken,5045.626,R,uuid,,,,
Info,,5045.626,,,,,,
accounts,FetchUsernameFromUUID,5045.627,R,userName,,,,
accounts,FetchDiscordIdByUsername,5045.628,R,discordId,,,,
accounts,FetchGoogleIdByUsername,5045.630,R,googleId,,,,
sessionSaveData,GetLatestSessionSaveDataSlot,5045.631,R,slot,,,,
sessions,FetchUUIDFromToken,5045.816,R,uuid,,,,
activeClientSessions,IsActiveSession,5045.817,R,id,,,,
get system,,5045.817,,,,,,
activeClientSessions,UpdateActiveSession,5045.819,W,uuid,clientSessionId,,,
systemSaveData,ReadSystemSaveData,5045.820,R,data,,,,
sessions,FetchUUIDFromToken,5078.286,R,uuid,,,,
Info,,5078.286,,,,,,
accounts,FetchUsernameFromUUID,5078.286,R,userName,,,,
accounts,FetchDiscordIdByUsername,5078.288,R,discordId,,,,
accounts,FetchGoogleIdByUsername,5078.288,R,googleId,,,,
sessionSaveData,GetLatestSessionSaveDataSlot,5078.289,R,slot,,,,
sessions,FetchUUIDFromToken,5078.475,R,uuid,,,,
activeClientSessions,IsActiveSession,5078.476,R,id,,,,
get system,,5078.476,,,,,,
activeClientSessions,UpdateActiveSession,5078.478,W,uuid,clientSessionId,,,
systemSaveData,ReadSystemSaveData,5078.479,R,data,,,,
sessions,FetchUUIDFromToken,5095.146,R,uuid,,,,
Info,,5095.147,,,,,,
accounts,FetchUsernameFromUUID,5095.147,R,userName,,,,
accounts,FetchDiscordIdByUsername,5095.149,R,discordId,,,,
accounts,FetchGoogleIdByUsername,5095.150,R,googleId,,,,
sessionSaveData,GetLatestSessionSaveDataSlot,5095.151,R,slot,,,,
sessions,FetchUUIDFromToken,5095.334,R,uuid,,,,
activeClientSessions,IsActiveSession,5095.335,R,id,,,,
get system,,5095.335,,,,,,
activeClientSessions,UpdateActiveSession,5095.337,W,uuid,clientSessionId,,,
systemSaveData,ReadSystemSaveData,5095.338,R,data,,,,
sessions,FetchUUIDFromToken,5178.598,R,uuid,,,,
activeClientSessions,IsActiveSession,5178.599,R,id,,,,
verify system,,5178.599,,,,,,
sessions,FetchUUIDFromToken,5290.013,R,uuid,,,,
Info,,5290.013,,,,,,
accounts,FetchUsernameFromUUID,5290.014,R,userName,,,,
accounts,FetchDiscordIdByUsername,5290.015,R,discordId,,,,
accounts,FetchGoogleIdByUsername,5290.016,R,googleId,,,,
sessionSaveData,GetLatestSessionSaveDataSlot,5290.017,R,slot,,,,
sessions,FetchUUIDFromToken,5290.203,R,uuid,,,,
activeClientSessions,IsActiveSession,5290.204,R,id,,,,
get system,,5290.204,,,,,,
activeClientSessions,UpdateActiveSession,5290.206,W,uuid,clientSessionId,,,
systemSaveData,ReadSystemSaveData,5290.207,R,data,,,,
sessions,FetchUUIDFromToken,5345.370,R,uuid,,,,
Info,,5345.371,,,,,,
accounts,FetchUsernameFromUUID,5345.371,R,userName,,,,
accounts,FetchDiscordIdByUsername,5345.373,R,discordId,,,,
accounts,FetchGoogleIdByUsername,5345.373,R,googleId,,,,
sessionSaveData,GetLatestSessionSaveDataSlot,5345.374,R,slot,,,,
sessions,FetchUUIDFromToken,5345.562,R,uuid,,,,
activeClientSessions,IsActiveSession,5345.562,R,id,,,,
get system,,5345.562,,,,,,
activeClientSessions,UpdateActiveSession,5345.564,W,uuid,clientSessionId,,,
systemSaveData,ReadSystemSaveData,5345.565,R,data,,,,
sessions,FetchUUIDFromToken,5464.257,R,uuid,,,,
Info,,5464.257,,,,,,
accounts,FetchUsernameFromUUID,5464.257,R,userName,,,,
accounts,FetchDiscordIdByUsername,5464.259,R,discordId,,,,
accounts,FetchGoogleIdByUsername,5464.259,R,googleId,,,,
sessionSaveData,GetLatestSessionSaveDataSlot,5464.260,R,slot,,,,
sessions,FetchUUIDFromToken,5464.448,R,uuid,,,,
activeClientSessions,IsActiveSession,5464.449,R,id,,,,
get system,,5464.449,,,,,,
activeClientSessions,UpdateActiveSession,5464.451,W,uuid,clientSessionId,,,
systemSaveData,ReadSystemSaveData,5464.452,R,data,,,,
sessions,FetchUUIDFromToken,5513.081,R,uuid,,,,
Info,,5513.081,,,,,,
accounts,FetchUsernameFromUUID,5513.081,R,userName,,,,
accounts,FetchDiscordIdByUsername,5513.083,R,discordId,,,,
accounts,FetchGoogleIdByUsername,5513.084,R,googleId,,,,
sessionSaveData,GetLatestSessionSaveDataSlot,5513.084,R,slot,,,,
sessions,FetchUUIDFromToken,5513.271,R,uuid,,,,
activeClientSessions,IsActiveSession,5513.272,R,id,,,,
get system,,5513.272,,,,,,
activeClientSessions,UpdateActiveSession,5513.274,W,uuid,clientSessionId,,,
systemSaveData,ReadSystemSaveData,5513.275,R,data,,,,
sessions,FetchUUIDFromToken,5554.362,R,uuid,,,,
Info,,5554.362,,,,,,
accounts,FetchUsernameFromUUID,5554.363,R,userName,,,,
accounts,FetchDiscordIdByUsername,5554.364,R,discordId,,,,
accounts,FetchGoogleIdByUsername,5554.365,R,googleId,,,,
sessionSaveData,GetLatestSessionSaveDataSlot,5554.366,R,slot,,,,
sessions,FetchUUIDFromToken,5554.552,R,uuid,,,,
activeClientSessions,IsActiveSession,5554.553,R,id,,,,
get system,,5554.553,,,,,,
activeClientSessions,UpdateActiveSession,5554.555,W,uuid,clientSessionId,,,
systemSaveData,ReadSystemSaveData,5554.556,R,data,,,,
sessions,FetchUUIDFromToken,5636.455,R,uuid,,,,
Info,,5636.455,,,,,,
accounts,FetchUsernameFromUUID,5636.456,R,userName,,,,
accounts,FetchDiscordIdByUsername,5636.457,R,discordId,,,,
accounts,FetchGoogleIdByUsername,5636.458,R,googleId,,,,
sessionSaveData,GetLatestSessionSaveDataSlot,5636.459,R,slot,,,,
sessions,FetchUUIDFromToken,5636.654,R,uuid,,,,
activeClientSessions,IsActiveSession,5636.655,R,id,,,,
get system,,5636.655,,,,,,
activeClientSessions,UpdateActiveSession,5636.656,W,uuid,clientSessionId,,,
systemSaveData,ReadSystemSaveData,5636.657,R,data,,,,
sessions,FetchUUIDFromToken,5826.937,R,uuid,,,,
Info,,5826.937,,,,,,
accounts,FetchUsernameFromUUID,5826.938,R,userName,,,,
accounts,FetchDiscordIdByUsername,5826.939,R,discordId,,,,
accounts,FetchGoogleIdByUsername,5826.940,R,googleId,,,,
sessionSaveData,GetLatestSessionSaveDataSlot,5826.941,R,slot,,,,
sessions,FetchUUIDFromToken,5827.130,R,uuid,,,,
activeClientSessions,IsActiveSession,5827.131,R,id,,,,
get system,,5827.131,,,,,,
activeClientSessions,UpdateActiveSession,5827.132,W,uuid,clientSessionId,,,
systemSaveData,ReadSystemSaveData,5827.133,R,data,,,,
sessions,FetchUUIDFromToken,6014.135,R,uuid,,,,
updateAll,,6014.135,,,,,,
activeClientSessions,IsActiveSession,6014.911,R,id,,,,
accounts,FetchTrainerIds,6014.912,R,trainerID,secretID,,,
accountStats,RetrievePlaytime,6014.913,R,playtime,,,,
sessionSaveData,ReadSessionSaveData,6014.914,R,data,,,,
accounts,UpdateAccountLastActivity,6014.918,W,lastActivity,,,,
sessionSaveData,StoreSessionSaveData,6014.927,W,uuid,slot,data,timeStamp,
accounts,UpdateAccountLastActivity,6014.928,W,lastActivity,,,,
accountStats,UpdateAccountStats,6014.931,W,stats,,,,
systemSaveData,StoreSystemSaveData,6014.946,W,uuid,data,timeStamp,,
sessions,FetchUUIDFromToken,6053.924,R,uuid,,,,
activeClientSessions,IsActiveSession,6053.924,R,id,,,,
verify system,,6053.924,,,,,,
sessions,FetchUUIDFromToken,6068.372,R,uuid,,,,
Info,,6068.372,,,,,,
accounts,FetchUsernameFromUUID,6068.372,R,userName,,,,
accounts,FetchDiscordIdByUsername,6068.374,R,discordId,,,,
accounts,FetchGoogleIdByUsername,6068.374,R,googleId,,,,
sessionSaveData,GetLatestSessionSaveDataSlot,6068.375,R,slot,,,,
sessions,FetchUUIDFromToken,6068.563,R,uuid,,,,
activeClientSessions,IsActiveSession,6068.564,R,id,,,,
get system,,6068.564,,,,,,
activeClientSessions,UpdateActiveSession,6068.566,W,uuid,clientSessionId,,,
systemSaveData,ReadSystemSaveData,6068.567,R,data,,,,
sessions,FetchUUIDFromToken,6082.352,R,uuid,,,,
Info,,6082.353,,,,,,
accounts,FetchUsernameFromUUID,6082.353,R,userName,,,,
accounts,FetchDiscordIdByUsername,6082.354,R,discordId,,,,
accounts,FetchGoogleIdByUsername,6082.355,R,googleId,,,,
sessionSaveData,GetLatestSessionSaveDataSlot,6082.356,R,slot,,,,
sessions,FetchUUIDFromToken,6082.545,R,uuid,,,,
activeClientSessions,IsActiveSession,6082.546,R,id,,,,
get system,,6082.546,,,,,,
activeClientSessions,UpdateActiveSession,6082.549,W,uuid,clientSessionId,,,
systemSaveData,ReadSystemSaveData,6082.550,R,data,,,,
sessions,FetchUUIDFromToken,6090.694,R,uuid,,,,
Info,,6090.694,,,,,,
accounts,FetchUsernameFromUUID,6090.695,R,userName,,,,
accounts,FetchDiscordIdByUsername,6090.696,R,discordId,,,,
accounts,FetchGoogleIdByUsername,6090.697,R,googleId,,,,
sessionSaveData,GetLatestSessionSaveDataSlot,6090.698,R,slot,,,,
sessions,FetchUUIDFromToken,6090.885,R,uuid,,,,
activeClientSessions,IsActiveSession,6090.886,R,id,,,,
get system,,6090.886,,,,,,
activeClientSessions,UpdateActiveSession,6090.888,W,uuid,clientSessionId,,,
systemSaveData,ReadSystemSaveData,6090.888,R,data,,,,
sessions,FetchUUIDFromToken,6112.447,R,uuid,,,,
activeClientSessions,IsActiveSession,6112.448,R,id,,,,
verify system,,6112.448,,,,,,
sessions,FetchUUIDFromToken,6158.242,R,uuid,,,,
activeClientSessions,IsActiveSession,6158.243,R,id,,,,
verify system,,6158.243,,,,,,
sessions,FetchUUIDFromToken,6211.384,R,uuid,,,,
activeClientSessions,IsActiveSession,6211.385,R,id,,,,
verify system,,6211.385,,,,,,
sessions,FetchUUIDFromToken,6314.204,R,uuid,,,,
updateAll,,6314.204,,,,,,
activeClientSessions,IsActiveSession,6314.777,R,id,,,,
accounts,FetchTrainerIds,6314.778,R,trainerID,secretID,,,
accountStats,RetrievePlaytime,6314.779,R,playtime,,,,
sessionSaveData,ReadSessionSaveData,6314.780,R,data,,,,
accounts,UpdateAccountLastActivity,6314.783,W,lastActivity,,,,
sessionSaveData,StoreSessionSaveData,6314.792,W,uuid,slot,data,timeStamp,
accounts,UpdateAccountLastActivity,6314.793,W,lastActivity,,,,
accountStats,UpdateAccountStats,6314.795,W,stats,,,,
systemSaveData,StoreSystemSaveData,6314.810,W,uuid,data,timeStamp,,
sessions,FetchUUIDFromToken,6330.186,R,uuid,,,,
updateAll,,6330.186,,,,,,
activeClientSessions,IsActiveSession,6330.249,R,id,,,,
accounts,FetchTrainerIds,6330.250,R,trainerID,secretID,,,
accountStats,RetrievePlaytime,6330.250,R,playtime,,,,
sessionSaveData,ReadSessionSaveData,6330.251,R,data,,,,
accounts,UpdateAccountLastActivity,6330.254,W,lastActivity,,,,
sessionSaveData,StoreSessionSaveData,6330.264,W,uuid,slot,data,timeStamp,
accounts,UpdateAccountLastActivity,6330.265,W,lastActivity,,,,
accountStats,UpdateAccountStats,6330.267,W,stats,,,,
systemSaveData,StoreSystemSaveData,6330.287,W,uuid,data,timeStamp,,
sessions,FetchUUIDFromToken,6334.657,R,uuid,,,,
updateAll,,6334.657,,,,,,
activeClientSessions,IsActiveSession,6334.758,R,id,,,,
accounts,FetchTrainerIds,6334.759,R,trainerID,secretID,,,
accountStats,RetrievePlaytime,6334.759,R,playtime,,,,
sessionSaveData,ReadSessionSaveData,6334.760,R,data,,,,
accounts,UpdateAccountLastActivity,6334.763,W,lastActivity,,,,
sessionSaveData,StoreSessionSaveData,6334.770,W,uuid,slot,data,timeStamp,
accounts,UpdateAccountLastActivity,6334.772,W,lastActivity,,,,
accountStats,UpdateAccountStats,6334.773,W,stats,,,,
systemSaveData,StoreSystemSaveData,6334.786,W,uuid,data,timeStamp,,
sessions,FetchUUIDFromToken,6352.686,R,uuid,,,,
activeClientSessions,IsActiveSession,6352.687,R,id,,,,
verify system,,6352.687,,,,,,
sessions,FetchUUIDFromToken,6387.798,R,uuid,,,,
activeClientSessions,IsActiveSession,6387.799,R,id,,,,
verify system,,6387.799,,,,,,
sessions,FetchUUIDFromToken,6427.191,R,uuid,,,,
activeClientSessions,IsActiveSession,6427.192,R,id,,,,
verify system,,6427.192,,,,,,
sessions,FetchUUIDFromToken,6465.467,R,uuid,,,,
Info,,6465.467,,,,,,
accounts,FetchUsernameFromUUID,6465.468,R,userName,,,,
accounts,FetchDiscordIdByUsername,6465.469,R,discordId,,,,
accounts,FetchGoogleIdByUsername,6465.470,R,googleId,,,,
sessionSaveData,GetLatestSessionSaveDataSlot,6465.471,R,slot,,,,
sessions,FetchUUIDFromToken,6465.661,R,uuid,,,,
activeClientSessions,IsActiveSession,6465.662,R,id,,,,
get system,,6465.662,,,,,,
activeClientSessions,UpdateActiveSession,6465.664,W,uuid,clientSessionId,,,
systemSaveData,ReadSystemSaveData,6465.664,R,data,,,,
sessions,FetchUUIDFromToken,6510.907,R,uuid,,,,
activeClientSessions,IsActiveSession,6510.908,R,id,,,,
verify system,,6510.908,,,,,,
sessions,FetchUUIDFromToken,6526.822,R,uuid,,,,
updateAll,,6526.822,,,,,,
activeClientSessions,IsActiveSession,6527.396,R,id,,,,
accounts,FetchTrainerIds,6527.397,R,trainerID,secretID,,,
accountStats,RetrievePlaytime,6527.398,R,playtime,,,,
sessionSaveData,ReadSessionSaveData,6527.399,R,data,,,,
accounts,UpdateAccountLastActivity,6527.405,W,lastActivity,,,,
sessionSaveData,StoreSessionSaveData,6527.421,W,uuid,slot,data,timeStamp,
accounts,UpdateAccountLastActivity,6527.422,W,lastActivity,,,,
accountStats,UpdateAccountStats,6527.424,W,stats,,,,
systemSaveData,StoreSystemSaveData,6527.443,W,uuid,data,timeStamp,,
sessions,FetchUUIDFromToken,6566.620,R,uuid,,,,
activeClientSessions,IsActiveSession,6566.620,R,id,,,,
verify system,,6566.620,,,,,,
sessions,FetchUUIDFromToken,6589.166,R,uuid,,,,
activeClientSessions,IsActiveSession,6589.166,R,id,,,,
verify system,,6589.166,,,,,,
sessions,FetchUUIDFromToken,6603.632,R,uuid,,,,
activeClientSessions,IsActiveSession,6603.632,R,id,,,,
verify system,,6603.633,,,,,,
sessions,FetchUUIDFromToken,6639.576,R,uuid,,,,
activeClientSessions,IsActiveSession,6639.577,R,id,,,,
verify system,,6639.577,,,,,,
sessions,FetchUUIDFromToken,6674.671,R,uuid,,,,
updateAll,,6674.671,,,,,,
activeClientSessions,IsActiveSession,6675.247,R,id,,,,
accounts,FetchTrainerIds,6675.248,R,trainerID,secretID,,,
accountStats,RetrievePlaytime,6675.249,R,playtime,,,,
sessionSaveData,ReadSessionSaveData,6675.250,R,data,,,,
accounts,UpdateAccountLastActivity,6675.253,W,lastActivity,,,,
sessionSaveData,StoreSessionSaveData,6675.267,W,uuid,slot,data,timeStamp,
accounts,UpdateAccountLastActivity,6675.268,W,lastActivity,,,,
accountStats,UpdateAccountStats,6675.269,W,stats,,,,
systemSaveData,StoreSystemSaveData,6675.284,W,uuid,data,timeStamp,,
sessions,FetchUUIDFromToken,6694.110,R,uuid,,,,
activeClientSessions,IsActiveSession,6694.111,R,id,,,,
verify system,,6694.111,,,,,,
sessions,FetchUUIDFromToken,6755.048,R,uuid,,,,
activeClientSessions,IsActiveSession,6755.049,R,id,,,,
verify system,,6755.049,,,,,,
sessions,FetchUUIDFromToken,6848.960,R,uuid,,,,
activeClientSessions,IsActiveSession,6848.960,R,id,,,,
verify system,,6848.960,,,,,,
sessions,FetchUUIDFromToken,6869.266,R,uuid,,,,
activeClientSessions,IsActiveSession,6869.267,R,id,,,,
verify system,,6869.267,,,,,,
sessions,FetchUUIDFromToken,6928.222,R,uuid,,,,
updateAll,,6928.222,,,,,,
activeClientSessions,IsActiveSession,6928.811,R,id,,,,
accounts,FetchTrainerIds,6928.812,R,trainerID,secretID,,,
accountStats,RetrievePlaytime,6928.813,R,playtime,,,,
sessionSaveData,ReadSessionSaveData,6928.814,R,data,,,,
accounts,UpdateAccountLastActivity,6928.817,W,lastActivity,,,,
sessionSaveData,StoreSessionSaveData,6928.830,W,uuid,slot,data,timeStamp,
accounts,UpdateAccountLastActivity,6928.831,W,lastActivity,,,,
accountStats,UpdateAccountStats,6928.833,W,stats,,,,
systemSaveData,StoreSystemSaveData,6928.847,W,uuid,data,timeStamp,,
sessions,FetchUUIDFromToken,6956.740,R,uuid,,,,
activeClientSessions,IsActiveSession,6956.741,R,id,,,,
verify system,,6956.741,,,,,,
sessions,FetchUUIDFromToken,7048.525,R,uuid,,,,
activeClientSessions,IsActiveSession,7048.526,R,id,,,,
verify system,,7048.526,,,,,,
sessions,FetchUUIDFromToken,7070.414,R,uuid,,,,
activeClientSessions,IsActiveSession,7070.415,R,id,,,,
verify system,,7070.415,,,,,,
sessions,FetchUUIDFromToken,7088.783,R,uuid,,,,
activeClientSessions,IsActiveSession,7088.784,R,id,,,,
verify system,,7088.784,,,,,,
sessions,FetchUUIDFromToken,7111.293,R,uuid,,,,
updateAll,,7111.293,,,,,,
activeClientSessions,IsActiveSession,7111.345,R,id,,,,
accounts,FetchTrainerIds,7111.346,R,trainerID,secretID,,,
accountStats,RetrievePlaytime,7111.347,R,playtime,,,,
sessionSaveData,ReadSessionSaveData,7111.347,R,data,,,,
accounts,UpdateAccountLastActivity,7111.351,W,lastActivity,,,,
sessionSaveData,StoreSessionSaveData,7111.359,W,uuid,slot,data,timeStamp,
accounts,UpdateAccountLastActivity,7111.360,W,lastActivity,,,,
accountStats,UpdateAccountStats,7111.362,W,stats,,,,
systemSaveData,StoreSystemSaveData,7111.377,W,uuid,data,timeStamp,,
sessions,FetchUUIDFromToken,7140.662,R,uuid,,,,
activeClientSessions,IsActiveSession,7140.663,R,id,,,,
verify system,,7140.663,,,,,,
sessions,FetchUUIDFromToken,7169.525,R,uuid,,,,
activeClientSessions,IsActiveSession,7169.526,R,id,,,,
verify system,,7169.526,,,,,,
sessions,FetchUUIDFromToken,7186.019,R,uuid,,,,
activeClientSessions,IsActiveSession,7186.020,R,id,,,,
verify system,,7186.020,,,,,,
sessions,FetchUUIDFromToken,7202.387,R,uuid,,,,
activeClientSessions,IsActiveSession,7202.388,R,id,,,,
verify system,,7202.388,,,,,,
sessions,FetchUUIDFromToken,7228.619,R,uuid,,,,
Info,,7228.619,,,,,,
accounts,FetchUsernameFromUUID,7228.620,R,userName,,,,
accounts,FetchDiscordIdByUsername,7228.621,R,discordId,,,,
accounts,FetchGoogleIdByUsername,7228.622,R,googleId,,,,
sessionSaveData,GetLatestSessionSaveDataSlot,7228.623,R,slot,,,,
sessions,FetchUUIDFromToken,7228.812,R,uuid,,,,
activeClientSessions,IsActiveSession,7228.813,R,id,,,,
get system,,7228.813,,,,,,
activeClientSessions,UpdateActiveSession,7228.816,W,uuid,clientSessionId,,,
systemSaveData,ReadSystemSaveData,7228.817,R,data,,,,
sessions,FetchUUIDFromToken,7309.587,R,uuid,,,,
Info,,7309.587,,,,,,
accounts,FetchUsernameFromUUID,7309.588,R,userName,,,,
accounts,FetchDiscordIdByUsername,7309.589,R,discordId,,,,
accounts,FetchGoogleIdByUsername,7309.590,R,googleId,,,,
sessionSaveData,GetLatestSessionSaveDataSlot,7309.591,R,slot,,,,
sessions,FetchUUIDFromToken,7309.780,R,uuid,,,,
activeClientSessions,IsActiveSession,7309.781,R,id,,,,
get system,,7309.781,,,,,,
activeClientSessions,UpdateActiveSession,7309.783,W,uuid,clientSessionId,,,
systemSaveData,ReadSystemSaveData,7309.783,R,data,,,,
sessions,FetchUUIDFromToken,7329.981,R,uuid,,,,
Info,,7329.981,,,,,,
accounts,FetchUsernameFromUUID,7329.982,R,userName,,,,
accounts,FetchDiscordIdByUsername,7329.983,R,discordId,,,,
accounts,FetchGoogleIdByUsername,7329.984,R,googleId,,,,
sessionSaveData,GetLatestSessionSaveDataSlot,7329.984,R,slot,,,,
sessions,FetchUUIDFromToken,7330.173,R,uuid,,,,
activeClientSessions,IsActiveSession,7330.173,R,id,,,,
get system,,7330.173,,,,,,
activeClientSessions,UpdateActiveSession,7330.175,W,uuid,clientSessionId,,,
systemSaveData,ReadSystemSaveData,7330.176,R,data,,,,
sessions,FetchUUIDFromToken,7459.305,R,uuid,,,,
Info,,7459.305,,,,,,
accounts,FetchUsernameFromUUID,7459.306,R,userName,,,,
accounts,FetchDiscordIdByUsername,7459.307,R,discordId,,,,
accounts,FetchGoogleIdByUsername,7459.309,R,googleId,,,,
sessionSaveData,GetLatestSessionSaveDataSlot,7459.309,R,slot,,,,
sessions,FetchUUIDFromToken,7459.499,R,uuid,,,,
activeClientSessions,IsActiveSession,7459.500,R,id,,,,
get system,,7459.500,,,,,,
activeClientSessions,UpdateActiveSession,7459.502,W,uuid,clientSessionId,,,
systemSaveData,ReadSystemSaveData,7459.502,R,data,,,,
sessions,FetchUUIDFromToken,7541.825,R,uuid,,,,
Info,,7541.826,,,,,,
accounts,FetchUsernameFromUUID,7541.827,R,userName,,,,
accounts,FetchDiscordIdByUsername,7541.828,R,discordId,,,,
accounts,FetchGoogleIdByUsername,7541.829,R,googleId,,,,
sessionSaveData,GetLatestSessionSaveDataSlot,7541.830,R,slot,,,,
sessions,FetchUUIDFromToken,7542.019,R,uuid,,,,
activeClientSessions,IsActiveSession,7542.020,R,id,,,,
get system,,7542.020,,,,,,
activeClientSessions,UpdateActiveSession,7542.022,W,uuid,clientSessionId,,,
systemSaveData,ReadSystemSaveData,7542.023,R,data,,,,
sessions,FetchUUIDFromToken,7593.536,R,uuid,,,,
Info,,7593.536,,,,,,
accounts,FetchUsernameFromUUID,7593.537,R,userName,,,,
accounts,FetchDiscordIdByUsername,7593.538,R,discordId,,,,
accounts,FetchGoogleIdByUsername,7593.539,R,googleId,,,,
sessionSaveData,GetLatestSessionSaveDataSlot,7593.540,R,slot,,,,
sessions,FetchUUIDFromToken,7593.730,R,uuid,,,,
activeClientSessions,IsActiveSession,7593.730,R,id,,,,
get system,,7593.730,,,,,,
activeClientSessions,UpdateActiveSession,7593.732,W,uuid,clientSessionId,,,
systemSaveData,ReadSystemSaveData,7593.733,R,data,,,,
sessions,FetchUUIDFromToken,7665.572,R,uuid,,,,
Info,,7665.572,,,,,,
accounts,FetchUsernameFromUUID,7665.573,R,userName,,,,
accounts,FetchDiscordIdByUsername,7665.574,R,discordId,,,,
accounts,FetchGoogleIdByUsername,7665.575,R,googleId,,,,
sessionSaveData,GetLatestSessionSaveDataSlot,7665.576,R,slot,,,,
sessions,FetchUUIDFromToken,7665.767,R,uuid,,,,
activeClientSessions,IsActiveSession,7665.768,R,id,,,,
get system,,7665.768,,,,,,
activeClientSessions,UpdateActiveSession,7665.770,W,uuid,clientSessionId,,,
systemSaveData,ReadSystemSaveData,7665.771,R,data,,,,
sessions,FetchUUIDFromToken,7697.711,R,uuid,,,,
Info,,7697.711,,,,,,
accounts,FetchUsernameFromUUID,7697.711,R,userName,,,,
accounts,FetchDiscordIdByUsername,7697.712,R,discordId,,,,
accounts,FetchGoogleIdByUsername,7697.713,R,googleId,,,,
sessionSaveData,GetLatestSessionSaveDataSlot,7697.714,R,slot,,,,
sessions,FetchUUIDFromToken,7697.902,R,uuid,,,,
activeClientSessions,IsActiveSession,7697.903,R,id,,,,
get system,,7697.903,,,,,,
activeClientSessions,UpdateActiveSession,7697.905,W,uuid,clientSessionId,,,
systemSaveData,ReadSystemSaveData,7697.906,R,data,,,,
sessions,FetchUUIDFromToken,7737.828,R,uuid,,,,
Info,,7737.829,,,,,,
accounts,FetchUsernameFromUUID,7737.829,R,userName,,,,
accounts,FetchDiscordIdByUsername,7737.830,R,discordId,,,,
accounts,FetchGoogleIdByUsername,7737.832,R,googleId,,,,
sessionSaveData,GetLatestSessionSaveDataSlot,7737.833,R,slot,,,,
sessions,FetchUUIDFromToken,7738.023,R,uuid,,,,
activeClientSessions,IsActiveSession,7738.023,R,id,,,,
get system,,7738.024,,,,,,
activeClientSessions,UpdateActiveSession,7738.025,W,uuid,clientSessionId,,,
systemSaveData,ReadSystemSaveData,7738.026,R,data,,,,
sessions,FetchUUIDFromToken,7768.757,R,uuid,,,,
Info,,7768.757,,,,,,
accounts,FetchUsernameFromUUID,7768.757,R,userName,,,,
accounts,FetchDiscordIdByUsername,7768.759,R,discordId,,,,
accounts,FetchGoogleIdByUsername,7768.760,R,googleId,,,,
sessionSaveData,GetLatestSessionSaveDataSlot,7768.760,R,slot,,,,
sessions,FetchUUIDFromToken,7768.950,R,uuid,,,,
activeClientSessions,IsActiveSession,7768.951,R,id,,,,
get system,,7768.951,,,,,,
activeClientSessions,UpdateActiveSession,7768.953,W,uuid,clientSessionId,,,
systemSaveData,ReadSystemSaveData,7768.954,R,data,,,,
sessions,FetchUUIDFromToken,7797.787,R,uuid,,,,
Info,,7797.787,,,,,,
accounts,FetchUsernameFromUUID,7797.788,R,userName,,,,
accounts,FetchDiscordIdByUsername,7797.789,R,discordId,,,,
accounts,FetchGoogleIdByUsername,7797.790,R,googleId,,,,
sessionSaveData,GetLatestSessionSaveDataSlot,7797.791,R,slot,,,,
sessions,FetchUUIDFromToken,7797.980,R,uuid,,,,
activeClientSessions,IsActiveSession,7797.981,R,id,,,,
get system,,7797.981,,,,,,
activeClientSessions,UpdateActiveSession,7797.982,W,uuid,clientSessionId,,,
systemSaveData,ReadSystemSaveData,7797.983,R,data,,,,
sessions,FetchUUIDFromToken,7828.923,R,uuid,,,,
Info,,7828.923,,,,,,
accounts,FetchUsernameFromUUID,7828.924,R,userName,,,,
accounts,FetchDiscordIdByUsername,7828.925,R,discordId,,,,
accounts,FetchGoogleIdByUsername,7828.926,R,googleId,,,,
sessionSaveData,GetLatestSessionSaveDataSlot,7828.927,R,slot,,,,
sessions,FetchUUIDFromToken,7829.116,R,uuid,,,,
activeClientSessions,IsActiveSession,7829.117,R,id,,,,
get system,,7829.117,,,,,,
activeClientSessions,UpdateActiveSession,7829.119,W,uuid,clientSessionId,,,
systemSaveData,ReadSystemSaveData,7829.119,R,data,,,,
sessions,FetchUUIDFromToken,7847.304,R,uuid,,,,
Info,,7847.304,,,,,,
accounts,FetchUsernameFromUUID,7847.305,R,userName,,,,
accounts,FetchDiscordIdByUsername,7847.306,R,discordId,,,,
accounts,FetchGoogleIdByUsername,7847.307,R,googleId,,,,
sessionSaveData,GetLatestSessionSaveDataSlot,7847.308,R,slot,,,,
sessions,FetchUUIDFromToken,7847.497,R,uuid,,,,
activeClientSessions,IsActiveSession,7847.498,R,id,,,,
get system,,7847.498,,,,,,
activeClientSessions,UpdateActiveSession,7847.500,W,uuid,clientSessionId,,,
systemSaveData,ReadSystemSaveData,7847.500,R,data,,,,
sessions,FetchUUIDFromToken,7876.526,R,uuid,,,,
Info,,7876.526,,,,,,
accounts,FetchUsernameFromUUID,7876.527,R,userName,,,,
accounts,FetchDiscordIdByUsername,7876.528,R,discordId,,,,
accounts,FetchGoogleIdByUsername,7876.529,R,googleId,,,,
sessionSaveData,GetLatestSessionSaveDataSlot,7876.530,R,slot,,,,
sessions,FetchUUIDFromToken,7876.717,R,uuid,,,,
activeClientSessions,IsActiveSession,7876.718,R,id,,,,
get system,,7876.718,,,,,,
activeClientSessions,UpdateActiveSession,7876.720,W,uuid,clientSessionId,,,
systemSaveData,ReadSystemSaveData,7876.721,R,data,,,,
sessions,FetchUUIDFromToken,7901.321,R,uuid,,,,
Info,,7901.321,,,,,,
accounts,FetchUsernameFromUUID,7901.322,R,userName,,,,
accounts,FetchDiscordIdByUsername,7901.323,R,discordId,,,,
accounts,FetchGoogleIdByUsername,7901.324,R,googleId,,,,
sessionSaveData,GetLatestSessionSaveDataSlot,7901.324,R,slot,,,,
sessions,FetchUUIDFromToken,7901.514,R,uuid,,,,
activeClientSessions,IsActiveSession,7901.515,R,id,,,,
get system,,7901.515,,,,,,
activeClientSessions,UpdateActiveSession,7901.517,W,uuid,clientSessionId,,,
systemSaveData,ReadSystemSaveData,7901.518,R,data,,,,
sessions,FetchUUIDFromToken,7940.371,R,uuid,,,,
Info,,7940.371,,,,,,
accounts,FetchUsernameFromUUID,7940.372,R,userName,,,,
accounts,FetchDiscordIdByUsername,7940.374,R,discordId,,,,
accounts,FetchGoogleIdByUsername,7940.374,R,googleId,,,,
sessionSaveData,GetLatestSessionSaveDataSlot,7940.375,R,slot,,,,
sessions,FetchUUIDFromToken,7940.559,R,uuid,,,,
activeClientSessions,IsActiveSession,7940.560,R,id,,,,
get system,,7940.560,,,,,,
activeClientSessions,UpdateActiveSession,7940.562,W,uuid,clientSessionId,,,
systemSaveData,ReadSystemSaveData,7940.563,R,data,,,,
sessions,FetchUUIDFromToken,7970.885,R,uuid,,,,
Info,,7970.885,,,,,,
accounts,FetchUsernameFromUUID,7970.886,R,userName,,,,
accounts,FetchDiscordIdByUsername,7970.887,R,discordId,,,,
accounts,FetchGoogleIdByUsername,7970.888,R,googleId,,,,
sessionSaveData,GetLatestSessionSaveDataSlot,7970.888,R,slot,,,,
sessions,FetchUUIDFromToken,7971.080,R,uuid,,,,
activeClientSessions,IsActiveSession,7971.081,R,id,,,,
get system,,7971.081,,,,,,
activeClientSessions,UpdateActiveSession,7971.083,W,uuid,clientSessionId,,,
systemSaveData,ReadSystemSaveData,7971.083,R,data,,,,
sessions,FetchUUIDFromToken,7988.767,R,uuid,,,,
Info,,7988.767,,,,,,
accounts,FetchUsernameFromUUID,7988.768,R,userName,,,,
accounts,FetchDiscordIdByUsername,7988.769,R,discordId,,,,
accounts,FetchGoogleIdByUsername,7988.769,R,googleId,,,,
sessionSaveData,GetLatestSessionSaveDataSlot,7988.770,R,slot,,,,
sessions,FetchUUIDFromToken,7988.953,R,uuid,,,,
activeClientSessions,IsActiveSession,7988.954,R,id,,,,
get system,,7988.954,,,,,,
activeClientSessions,UpdateActiveSession,7988.955,W,uuid,clientSessionId,,,
systemSaveData,ReadSystemSaveData,7988.956,R,data,,,,
sessions,FetchUUIDFromToken,8190.667,R,uuid,,,,
Info,,8190.667,,,,,,
accounts,FetchUsernameFromUUID,8190.668,R,userName,,,,
accounts,FetchDiscordIdByUsername,8190.669,R,discordId,,,,
accounts,FetchGoogleIdByUsername,8190.670,R,googleId,,,,
sessionSaveData,GetLatestSessionSaveDataSlot,8190.671,R,slot,,,,
sessions,FetchUUIDFromToken,8190.880,R,uuid,,,,
activeClientSessions,IsActiveSession,8190.881,R,id,,,,
get system,,8190.881,,,,,,
activeClientSessions,UpdateActiveSession,8190.882,W,uuid,clientSessionId,,,
systemSaveData,ReadSystemSaveData,8190.883,R,data,,,,
sessions,FetchUUIDFromToken,8257.663,R,uuid,,,,
Info,,8257.663,,,,,,
accounts,FetchUsernameFromUUID,8257.664,R,userName,,,,
accounts,FetchDiscordIdByUsername,8257.665,R,discordId,,,,
accounts,FetchGoogleIdByUsername,8257.667,R,googleId,,,,
sessionSaveData,GetLatestSessionSaveDataSlot,8257.668,R,slot,,,,
sessions,FetchUUIDFromToken,8257.863,R,uuid,,,,
activeClientSessions,IsActiveSession,8257.864,R,id,,,,
get system,,8257.864,,,,,,
activeClientSessions,UpdateActiveSession,8257.869,W,uuid,clientSessionId,,,
systemSaveData,ReadSystemSaveData,8257.870,R,data,,,,
sessions,FetchUUIDFromToken,8324.249,R,uuid,,,,
Info,,8324.249,,,,,,
accounts,FetchUsernameFromUUID,8324.250,R,userName,,,,
accounts,FetchDiscordIdByUsername,8324.251,R,discordId,,,,
accounts,FetchGoogleIdByUsername,8324.252,R,googleId,,,,
sessionSaveData,GetLatestSessionSaveDataSlot,8324.253,R,slot,,,,
sessions,FetchUUIDFromToken,8324.452,R,uuid,,,,
activeClientSessions,IsActiveSession,8324.453,R,id,,,,
get system,,8324.453,,,,,,
activeClientSessions,UpdateActiveSession,8324.455,W,uuid,clientSessionId,,,
systemSaveData,ReadSystemSaveData,8324.455,R,data,,,,
sessions,FetchUUIDFromToken,8376.100,R,uuid,,,,
Info,,8376.100,,,,,,
accounts,FetchUsernameFromUUID,8376.101,R,userName,,,,
accounts,FetchDiscordIdByUsername,8376.102,R,discordId,,,,
accounts,FetchGoogleIdByUsername,8376.103,R,googleId,,,,
sessionSaveData,GetLatestSessionSaveDataSlot,8376.104,R,slot,,,,
sessions,FetchUUIDFromToken,8376.289,R,uuid,,,,
activeClientSessions,IsActiveSession,8376.290,R,id,,,,
get system,,8376.290,,,,,,
activeClientSessions,UpdateActiveSession,8376.292,W,uuid,clientSessionId,,,
systemSaveData,ReadSystemSaveData,8376.293,R,data,,,,
sessions,FetchUUIDFromToken,8499.591,R,uuid,,,,
Info,,8499.591,,,,,,
accounts,FetchUsernameFromUUID,8499.591,R,userName,,,,
accounts,FetchDiscordIdByUsername,8499.593,R,discordId,,,,
accounts,FetchGoogleIdByUsername,8499.594,R,googleId,,,,
sessionSaveData,GetLatestSessionSaveDataSlot,8499.595,R,slot,,,,
sessions,FetchUUIDFromToken,8499.780,R,uuid,,,,
activeClientSessions,IsActiveSession,8499.780,R,id,,,,
get system,,8499.780,,,,,,
activeClientSessions,UpdateActiveSession,8499.782,W,uuid,clientSessionId,,,
systemSaveData,ReadSystemSaveData,8499.783,R,data,,,,
sessions,FetchUUIDFromToken,8534.894,R,uuid,,,,
Info,,8534.894,,,,,,
accounts,FetchUsernameFromUUID,8534.895,R,userName,,,,
accounts,FetchDiscordIdByUsername,8534.896,R,discordId,,,,
accounts,FetchGoogleIdByUsername,8534.897,R,googleId,,,,
sessionSaveData,GetLatestSessionSaveDataSlot,8534.898,R,slot,,,,
sessions,FetchUUIDFromToken,8535.084,R,uuid,,,,
activeClientSessions,IsActiveSession,8535.084,R,id,,,,
get system,,8535.084,,,,,,
activeClientSessions,UpdateActiveSession,8535.086,W,uuid,clientSessionId,,,
systemSaveData,ReadSystemSaveData,8535.087,R,data,,,,
sessions,FetchUUIDFromToken,8638.364,R,uuid,,,,
Info,,8638.365,,,,,,
accounts,FetchUsernameFromUUID,8638.365,R,userName,,,,
accounts,FetchDiscordIdByUsername,8638.367,R,discordId,,,,
accounts,FetchGoogleIdByUsername,8638.368,R,googleId,,,,
sessionSaveData,GetLatestSessionSaveDataSlot,8638.368,R,slot,,,,
sessions,FetchUUIDFromToken,8638.555,R,uuid,,,,
activeClientSessions,IsActiveSession,8638.555,R,id,,,,
get system,,8638.555,,,,,,
activeClientSessions,UpdateActiveSession,8638.559,W,uuid,clientSessionId,,,
systemSaveData,ReadSystemSaveData,8638.560,R,data,,,,
sessions,FetchUUIDFromToken,8850.961,R,uuid,,,,
Info,,8850.961,,,,,,
accounts,FetchUsernameFromUUID,8850.962,R,userName,,,,
accounts,FetchDiscordIdByUsername,8850.963,R,discordId,,,,
accounts,FetchGoogleIdByUsername,8850.964,R,googleId,,,,
sessionSaveData,GetLatestSessionSaveDataSlot,8850.965,R,slot,,,,
sessions,FetchUUIDFromToken,8851.149,R,uuid,,,,
activeClientSessions,IsActiveSession,8851.150,R,id,,,,
get system,,8851.150,,,,,,
activeClientSessions,UpdateActiveSession,8851.151,W,uuid,clientSessionId,,,
systemSaveData,ReadSystemSaveData,8851.152,R,data,,,,
sessions,FetchUUIDFromToken,8997.780,R,uuid,,,,
Info,,8997.780,,,,,,
accounts,FetchUsernameFromUUID,8997.781,R,userName,,,,
accounts,FetchDiscordIdByUsername,8997.783,R,discordId,,,,
accounts,FetchGoogleIdByUsername,8997.784,R,googleId,,,,
sessionSaveData,GetLatestSessionSaveDataSlot,8997.785,R,slot,,,,
sessions,FetchUUIDFromToken,8997.970,R,uuid,,,,
activeClientSessions,IsActiveSession,8997.971,R,id,,,,
get system,,8997.971,,,,,,
activeClientSessions,UpdateActiveSession,8997.972,W,uuid,clientSessionId,,,
systemSaveData,ReadSystemSaveData,8997.973,R,data,,,,
sessions,FetchUUIDFromToken,9319.337,R,uuid,,,,
activeClientSessions,UpdateActiveSession,9319.338,W,uuid,clientSessionId,,,
sessionSaveData,ReadSessionSaveData,9319.339,R,data,,,,
sessions,FetchUUIDFromToken,9319.340,R,uuid,,,,
sessions,FetchUUIDFromToken,9319.341,R,uuid,,,,
activeClientSessions,UpdateActiveSession,9319.341,W,uuid,clientSessionId,,,
activeClientSessions,UpdateActiveSession,9319.342,W,uuid,clientSessionId,,,
sessionSaveData,ReadSessionSaveData,9319.342,R,data,,,,
sessionSaveData,ReadSessionSaveData,9319.343,R,data,,,,
sessions,FetchUUIDFromToken,9319.517,R,uuid,,,,
activeClientSessions,UpdateActiveSession,9319.517,W,uuid,clientSessionId,,,
sessionSaveData,ReadSessionSaveData,9319.518,R,data,,,,
sessions,FetchUUIDFromToken,9321.675,R,uuid,,,,
updateAll,,9321.675,,,,,,
activeClientSessions,IsActiveSession,9322.242,R,id,,,,
accounts,FetchTrainerIds,9322.243,R,trainerID,secretID,,,
accountStats,RetrievePlaytime,9322.243,R,playtime,,,,
sessionSaveData,ReadSessionSaveData,9322.244,R,data,,,,
accounts,UpdateAccountLastActivity,9322.246,W,lastActivity,,,,
sessionSaveData,StoreSessionSaveData,9322.260,W,uuid,slot,data,timeStamp,
accounts,UpdateAccountLastActivity,9322.264,W,lastActivity,,,,
accountStats,UpdateAccountStats,9322.266,W,stats,,,,
systemSaveData,StoreSystemSaveData,9322.290,W,uuid,data,timeStamp,,
sessions,FetchUUIDFromToken,9363.062,R,uuid,,,,
activeClientSessions,IsActiveSession,9363.063,R,id,,,,
verify system,,9363.063,,,,,,
sessions,FetchUUIDFromToken,9381.305,R,uuid,,,,
activeClientSessions,IsActiveSession,9381.306,R,id,,,,
verify system,,9381.306,,,,,,
sessions,FetchUUIDFromToken,9394.740,R,uuid,,,,
activeClientSessions,IsActiveSession,9394.741,R,id,,,,
verify system,,9394.741,,,,,,
sessions,FetchUUIDFromToken,9406.112,R,uuid,,,,
activeClientSessions,IsActiveSession,9406.113,R,id,,,,
verify system,,9406.113,,,,,,
sessions,FetchUUIDFromToken,9431.556,R,uuid,,,,
updateAll,,9431.556,,,,,,
activeClientSessions,IsActiveSession,9431.679,R,id,,,,
accounts,FetchTrainerIds,9431.679,R,trainerID,secretID,,,
accountStats,RetrievePlaytime,9431.680,R,playtime,,,,
sessionSaveData,ReadSessionSaveData,9431.681,R,data,,,,
accounts,UpdateAccountLastActivity,9431.685,W,lastActivity,,,,
sessionSaveData,StoreSessionSaveData,9431.692,W,uuid,slot,data,timeStamp,
accounts,UpdateAccountLastActivity,9431.693,W,lastActivity,,,,
accountStats,UpdateAccountStats,9431.695,W,stats,,,,
systemSaveData,StoreSystemSaveData,9431.717,W,uuid,data,timeStamp,,
sessions,FetchUUIDFromToken,9441.830,R,uuid,,,,
activeClientSessions,IsActiveSession,9441.830,R,id,,,,
verify system,,9441.830,,,,,,
sessions,FetchUUIDFromToken,9468.096,R,uuid,,,,
activeClientSessions,IsActiveSession,9468.097,R,id,,,,
verify system,,9468.097,,,,,,
sessions,FetchUUIDFromToken,9496.776,R,uuid,,,,
activeClientSessions,IsActiveSession,9496.777,R,id,,,,
verify system,,9496.777,,,,,,
sessions,FetchUUIDFromToken,9506.278,R,uuid,,,,
activeClientSessions,IsActiveSession,9506.279,R,id,,,,
verify system,,9506.279,,,,,,
sessions,FetchUUIDFromToken,9521.520,R,uuid,,,,
updateAll,,9521.520,,,,,,
activeClientSessions,IsActiveSession,9522.109,R,id,,,,
accounts,FetchTrainerIds,9522.110,R,trainerID,secretID,,,
accountStats,RetrievePlaytime,9522.111,R,playtime,,,,
sessionSaveData,ReadSessionSaveData,9522.112,R,data,,,,
accounts,UpdateAccountLastActivity,9522.115,W,lastActivity,,,,
sessionSaveData,StoreSessionSaveData,9522.129,W,uuid,slot,data,timeStamp,
accounts,UpdateAccountLastActivity,9522.130,W,lastActivity,,,,
accountStats,UpdateAccountStats,9522.132,W,stats,,,,
systemSaveData,StoreSystemSaveData,9522.169,W,uuid,data,timeStamp,,
sessions,FetchUUIDFromToken,9533.914,R,uuid,,,,
activeClientSessions,IsActiveSession,9533.915,R,id,,,,
verify system,,9533.915,,,,,,
sessions,FetchUUIDFromToken,9542.225,R,uuid,,,,
activeClientSessions,IsActiveSession,9542.226,R,id,,,,
verify system,,9542.227,,,,,,
sessions,FetchUUIDFromToken,9560.365,R,uuid,,,,
activeClientSessions,IsActiveSession,9560.366,R,id,,,,
verify system,,9560.366,,,,,,
sessions,FetchUUIDFromToken,9607.737,R,uuid,,,,
activeClientSessions,IsActiveSession,9607.738,R,id,,,,
verify system,,9607.738,,,,,,
sessions,FetchUUIDFromToken,9622.269,R,uuid,,,,
updateAll,,9622.269,,,,,,
activeClientSessions,IsActiveSession,9622.311,R,id,,,,
accounts,FetchTrainerIds,9622.312,R,trainerID,secretID,,,
accountStats,RetrievePlaytime,9622.313,R,playtime,,,,
sessionSaveData,ReadSessionSaveData,9622.313,R,data,,,,
accounts,UpdateAccountLastActivity,9622.317,W,lastActivity,,,,
sessionSaveData,StoreSessionSaveData,9622.326,W,uuid,slot,data,timeStamp,
accounts,UpdateAccountLastActivity,9622.327,W,lastActivity,,,,
accountStats,UpdateAccountStats,9622.329,W,stats,,,,
systemSaveData,StoreSystemSaveData,9622.345,W,uuid,data,timeStamp,,
sessions,FetchUUIDFromToken,9632.477,R,uuid,,,,
activeClientSessions,IsActiveSession,9632.478,R,id,,,,
verify system,,9632.478,,,,,,
sessions,FetchUUIDFromToken,9644.848,R,uuid,,,,
activeClientSessions,IsActiveSession,9644.849,R,id,,,,
verify system,,9644.849,,,,,,
sessions,FetchUUIDFromToken,9657.258,R,uuid,,,,
activeClientSessions,IsActiveSession,9657.259,R,id,,,,
verify system,,9657.259,,,,,,
sessions,FetchUUIDFromToken,9667.800,R,uuid,,,,
activeClientSessions,IsActiveSession,9667.801,R,id,,,,
verify system,,9667.801,,,,,,
sessions,FetchUUIDFromToken,9683.523,R,uuid,,,,
updateAll,,9683.523,,,,,,
activeClientSessions,IsActiveSession,9683.899,R,id,,,,
accounts,FetchTrainerIds,9683.900,R,trainerID,secretID,,,
accountStats,RetrievePlaytime,9683.901,R,playtime,,,,
sessionSaveData,ReadSessionSaveData,9683.902,R,data,,,,
accounts,UpdateAccountLastActivity,9683.905,W,lastActivity,,,,
sessionSaveData,StoreSessionSaveData,9683.913,W,uuid,slot,data,timeStamp,
accounts,UpdateAccountLastActivity,9683.914,W,lastActivity,,,,
accountStats,UpdateAccountStats,9683.916,W,stats,,,,
systemSaveData,StoreSystemSaveData,9683.931,W,uuid,data,timeStamp,,
sessions,FetchUUIDFromToken,9707.362,R,uuid,,,,
updateAll,,9707.362,,,,,,
activeClientSessions,IsActiveSession,9708.109,R,id,,,,
accounts,FetchTrainerIds,9708.110,R,trainerID,secretID,,,
accountStats,RetrievePlaytime,9708.111,R,playtime,,,,
sessionSaveData,ReadSessionSaveData,9708.111,R,data,,,,
accounts,UpdateAccountLastActivity,9708.114,W,lastActivity,,,,
sessionSaveData,StoreSessionSaveData,9708.123,W,uuid,slot,data,timeStamp,
accounts,UpdateAccountLastActivity,9708.124,W,lastActivity,,,,
accountStats,UpdateAccountStats,9708.126,W,stats,,,,
systemSaveData,StoreSystemSaveData,9708.149,W,uuid,data,timeStamp,,
sessions,FetchUUIDFromToken,9713.783,R,uuid,,,,
updateAll,,9713.783,,,,,,
activeClientSessions,IsActiveSession,9713.839,R,id,,,,
accounts,FetchTrainerIds,9713.840,R,trainerID,secretID,,,
accountStats,RetrievePlaytime,9713.841,R,playtime,,,,
sessionSaveData,ReadSessionSaveData,9713.842,R,data,,,,
accounts,UpdateAccountLastActivity,9713.847,W,lastActivity,,,,
sessionSaveData,StoreSessionSaveData,9713.856,W,uuid,slot,data,timeStamp,
accounts,UpdateAccountLastActivity,9713.858,W,lastActivity,,,,
accountStats,UpdateAccountStats,9713.860,W,stats,,,,
systemSaveData,StoreSystemSaveData,9713.875,W,uuid,data,timeStamp,,
sessions,FetchUUIDFromToken,9729.024,R,uuid,,,,
activeClientSessions,IsActiveSession,9729.025,R,id,,,,
verify system,,9729.025,,,,,,
sessions,FetchUUIDFromToken,9737.282,R,uuid,,,,
activeClientSessions,IsActiveSession,9737.283,R,id,,,,
verify system,,9737.283,,,,,,
sessions,FetchUUIDFromToken,9758.352,R,uuid,,,,
activeClientSessions,IsActiveSession,9758.353,R,id,,,,
verify system,,9758.353,,,,,,
sessions,FetchUUIDFromToken,9768.831,R,uuid,,,,
activeClientSessions,IsActiveSession,9768.832,R,id,,,,
verify system,,9768.832,,,,,,
sessions,FetchUUIDFromToken,9817.080,R,uuid,,,,
updateAll,,9817.080,,,,,,
activeClientSessions,IsActiveSession,9817.666,R,id,,,,
accounts,FetchTrainerIds,9817.667,R,trainerID,secretID,,,
accountStats,RetrievePlaytime,9817.667,R,playtime,,,,
sessionSaveData,ReadSessionSaveData,9817.668,R,data,,,,
accounts,UpdateAccountLastActivity,9817.671,W,lastActivity,,,,
sessionSaveData,StoreSessionSaveData,9817.679,W,uuid,slot,data,timeStamp,
accounts,UpdateAccountLastActivity,9817.680,W,lastActivity,,,,
accountStats,UpdateAccountStats,9817.681,W,stats,,,,
systemSaveData,StoreSystemSaveData,9817.696,W,uuid,data,timeStamp,,
sessions,FetchUUIDFromToken,9827.228,R,uuid,,,,
activeClientSessions,IsActiveSession,9827.229,R,id,,,,
verify system,,9827.230,,,,,,
sessions,FetchUUIDFromToken,9853.404,R,uuid,,,,
activeClientSessions,IsActiveSession,9853.405,R,id,,,,
verify system,,9853.405,,,,,,
sessions,FetchUUIDFromToken,9866.528,R,uuid,,,,
activeClientSessions,IsActiveSession,9866.528,R,id,,,,
verify system,,9866.529,,,,,,
sessions,FetchUUIDFromToken,9934.419,R,uuid,,,,
activeClientSessions,IsActiveSession,9934.420,R,id,,,,
verify system,,9934.420,,,,,,
sessions,FetchUUIDFromToken,9970.368,R,uuid,,,,
updateAll,,9970.368,,,,,,
activeClientSessions,IsActiveSession,9971.111,R,id,,,,
accounts,FetchTrainerIds,9971.112,R,trainerID,secretID,,,
accountStats,RetrievePlaytime,9971.112,R,playtime,,,,
sessionSaveData,ReadSessionSaveData,9971.113,R,data,,,,
accounts,UpdateAccountLastActivity,9971.116,W,lastActivity,,,,
sessionSaveData,StoreSessionSaveData,9971.132,W,uuid,slot,data,timeStamp,
accounts,UpdateAccountLastActivity,9971.133,W,lastActivity,,,,
accountStats,UpdateAccountStats,9971.134,W,stats,,,,
systemSaveData,StoreSystemSaveData,9971.159,W,uuid,data,timeStamp,,
sessions,FetchUUIDFromToken,10013.437,R,uuid,,,,
activeClientSessions,IsActiveSession,10013.438,R,id,,,,
verify system,,10013.438,,,,,,
sessions,FetchUUIDFromToken,10045.393,R,uuid,,,,
activeClientSessions,IsActiveSession,10045.394,R,id,,,,
verify system,,10045.395,,,,,,
sessions,FetchUUIDFromToken,10062.864,R,uuid,,,,
activeClientSessions,IsActiveSession,10062.865,R,id,,,,
verify system,,10062.865,,,,,,
sessions,FetchUUIDFromToken,10075.563,R,uuid,,,,
activeClientSessions,IsActiveSession,10075.564,R,id,,,,
verify system,,10075.564,,,,,,
sessions,FetchUUIDFromToken,10122.692,R,uuid,,,,
updateAll,,10122.693,,,,,,
activeClientSessions,IsActiveSession,10122.767,R,id,,,,
accounts,FetchTrainerIds,10122.768,R,trainerID,secretID,,,
accountStats,RetrievePlaytime,10122.768,R,playtime,,,,
sessionSaveData,ReadSessionSaveData,10122.770,R,data,,,,
accounts,UpdateAccountLastActivity,10122.773,W,lastActivity,,,,
sessionSaveData,StoreSessionSaveData,10122.786,W,uuid,slot,data,timeStamp,
accounts,UpdateAccountLastActivity,10122.787,W,lastActivity,,,,
accountStats,UpdateAccountStats,10122.789,W,stats,,,,
systemSaveData,StoreSystemSaveData,10122.810,W,uuid,data,timeStamp,,
sessions,FetchUUIDFromToken,10138.321,R,uuid,,,,
activeClientSessions,IsActiveSession,10138.322,R,id,,,,
verify system,,10138.322,,,,,,
sessions,FetchUUIDFromToken,10216.081,R,uuid,,,,
activeClientSessions,IsActiveSession,10216.082,R,id,,,,
verify system,,10216.082,,,,,,
sessions,FetchUUIDFromToken,10229.227,R,uuid,,,,
activeClientSessions,IsActiveSession,10229.228,R,id,,,,
verify system,,10229.228,,,,,,
sessions,FetchUUIDFromToken,10243.386,R,uuid,,,,
activeClientSessions,IsActiveSession,10243.387,R,id,,,,
verify system,,10243.387,,,,,,
sessions,FetchUUIDFromToken,10270.118,R,uuid,,,,
Info,,10270.118,,,,,,
accounts,FetchUsernameFromUUID,10270.119,R,userName,,,,
accounts,FetchDiscordIdByUsername,10270.120,R,discordId,,,,
accounts,FetchGoogleIdByUsername,10270.121,R,googleId,,,,
sessionSaveData,GetLatestSessionSaveDataSlot,10270.122,R,slot,,,,
sessions,FetchUUIDFromToken,10270.314,R,uuid,,,,
activeClientSessions,IsActiveSession,10270.314,R,id,,,,
get system,,10270.314,,,,,,
activeClientSessions,UpdateActiveSession,10270.316,W,uuid,clientSessionId,,,
systemSaveData,ReadSystemSaveData,10270.317,R,data,,,,
sessions,FetchUUIDFromToken,10298.790,R,uuid,,,,
Info,,10298.790,,,,,,
accounts,FetchUsernameFromUUID,10298.791,R,userName,,,,
accounts,FetchDiscordIdByUsername,10298.792,R,discordId,,,,
accounts,FetchGoogleIdByUsername,10298.793,R,googleId,,,,
sessionSaveData,GetLatestSessionSaveDataSlot,10298.794,R,slot,,,,
sessions,FetchUUIDFromToken,10298.987,R,uuid,,,,
activeClientSessions,IsActiveSession,10298.987,R,id,,,,
get system,,10298.987,,,,,,
activeClientSessions,UpdateActiveSession,10298.989,W,uuid,clientSessionId,,,
systemSaveData,ReadSystemSaveData,10298.990,R,data,,,,
sessions,FetchUUIDFromToken,10367.224,R,uuid,,,,
updateAll,,10367.225,,,,,,
activeClientSessions,IsActiveSession,10367.796,R,id,,,,
accounts,FetchTrainerIds,10367.797,R,trainerID,secretID,,,
accountStats,RetrievePlaytime,10367.798,R,playtime,,,,
sessionSaveData,ReadSessionSaveData,10367.798,R,data,,,,
accounts,UpdateAccountLastActivity,10367.801,W,lastActivity,,,,
sessionSaveData,StoreSessionSaveData,10367.811,W,uuid,slot,data,timeStamp,
accounts,UpdateAccountLastActivity,10367.812,W,lastActivity,,,,
accountStats,UpdateAccountStats,10367.813,W,stats,,,,
systemSaveData,StoreSystemSaveData,10367.826,W,uuid,data,timeStamp,,
sessions,FetchUUIDFromToken,10385.877,R,uuid,,,,
activeClientSessions,IsActiveSession,10385.878,R,id,,,,
verify system,,10385.878,,,,,,
sessions,FetchUUIDFromToken,10442.687,R,uuid,,,,
activeClientSessions,IsActiveSession,10442.688,R,id,,,,
verify system,,10442.688,,,,,,
sessions,FetchUUIDFromToken,10453.875,R,uuid,,,,
activeClientSessions,IsActiveSession,10453.876,R,id,,,,
verify system,,10453.876,,,,,,
sessions,FetchUUIDFromToken,10479.837,R,uuid,,,,
activeClientSessions,IsActiveSession,10479.838,R,id,,,,
verify system,,10479.838,,,,,,
sessions,FetchUUIDFromToken,10492.591,R,uuid,,,,
updateAll,,10492.591,,,,,,
activeClientSessions,IsActiveSession,10492.634,R,id,,,,
accounts,FetchTrainerIds,10492.635,R,trainerID,secretID,,,
accountStats,RetrievePlaytime,10492.635,R,playtime,,,,
sessionSaveData,ReadSessionSaveData,10492.636,R,data,,,,
accounts,UpdateAccountLastActivity,10492.640,W,lastActivity,,,,
sessionSaveData,StoreSessionSaveData,10492.652,W,uuid,slot,data,timeStamp,
accounts,UpdateAccountLastActivity,10492.654,W,lastActivity,,,,
accountStats,UpdateAccountStats,10492.656,W,stats,,,,
systemSaveData,StoreSystemSaveData,10492.668,W,uuid,data,timeStamp,,
sessions,FetchUUIDFromToken,10525.324,R,uuid,,,,
activeClientSessions,IsActiveSession,10525.325,R,id,,,,
verify system,,10525.325,,,,,,
sessions,FetchUUIDFromToken,10552.415,R,uuid,,,,
activeClientSessions,IsActiveSession,10552.416,R,id,,,,
verify system,,10552.416,,,,,,
sessions,FetchUUIDFromToken,10612.128,R,uuid,,,,
activeClientSessions,IsActiveSession,10612.129,R,id,,,,
verify system,,10612.129,,,,,,
sessions,FetchUUIDFromToken,10675.883,R,uuid,,,,
activeClientSessions,IsActiveSession,10675.884,R,id,,,,
verify system,,10675.884,,,,,,
sessions,FetchUUIDFromToken,10716.066,R,uuid,,,,
Info,,10716.066,,,,,,
accounts,FetchUsernameFromUUID,10716.067,R,userName,,,,
accounts,FetchDiscordIdByUsername,10716.069,R,discordId,,,,
accounts,FetchGoogleIdByUsername,10716.070,R,googleId,,,,
sessionSaveData,GetLatestSessionSaveDataSlot,10716.071,R,slot,,,,
sessions,FetchUUIDFromToken,10716.271,R,uuid,,,,
activeClientSessions,IsActiveSession,10716.272,R,id,,,,
get system,,10716.272,,,,,,
activeClientSessions,UpdateActiveSession,10716.274,W,uuid,clientSessionId,,,
systemSaveData,ReadSystemSaveData,10716.275,R,data,,,,
sessions,FetchUUIDFromToken,10860.895,R,uuid,,,,
updateAll,,10860.895,,,,,,
activeClientSessions,IsActiveSession,10861.517,R,id,,,,
accounts,FetchTrainerIds,10861.518,R,trainerID,secretID,,,
accountStats,RetrievePlaytime,10861.518,R,playtime,,,,
sessionSaveData,ReadSessionSaveData,10861.519,R,data,,,,
accounts,UpdateAccountLastActivity,10861.522,W,lastActivity,,,,
sessionSaveData,StoreSessionSaveData,10861.532,W,uuid,slot,data,timeStamp,
accounts,UpdateAccountLastActivity,10861.533,W,lastActivity,,,,
accountStats,UpdateAccountStats,10861.534,W,stats,,,,
systemSaveData,StoreSystemSaveData,10861.546,W,uuid,data,timeStamp,,
sessions,FetchUUIDFromToken,11052.508,R,uuid,,,,
activeClientSessions,IsActiveSession,11052.509,R,id,,,,
verify system,,11052.509,,,,,,
sessions,FetchUUIDFromToken,11090.932,R,uuid,,,,
Info,,11090.932,,,,,,
accounts,FetchUsernameFromUUID,11090.933,R,userName,,,,
accounts,FetchDiscordIdByUsername,11090.934,R,discordId,,,,
accounts,FetchGoogleIdByUsername,11090.935,R,googleId,,,,
sessionSaveData,GetLatestSessionSaveDataSlot,11090.936,R,slot,,,,
sessions,FetchUUIDFromToken,11091.122,R,uuid,,,,
activeClientSessions,IsActiveSession,11091.122,R,id,,,,
get system,,11091.122,,,,,,
activeClientSessions,UpdateActiveSession,11091.124,W,uuid,clientSessionId,,,
systemSaveData,ReadSystemSaveData,11091.125,R,data,,,,
sessions,FetchUUIDFromToken,11153.658,R,uuid,,,,
Info,,11153.658,,,,,,
accounts,FetchUsernameFromUUID,11153.659,R,userName,,,,
accounts,FetchDiscordIdByUsername,11153.660,R,discordId,,,,
accounts,FetchGoogleIdByUsername,11153.661,R,googleId,,,,
sessionSaveData,GetLatestSessionSaveDataSlot,11153.661,R,slot,,,,
sessions,FetchUUIDFromToken,11153.848,R,uuid,,,,
activeClientSessions,IsActiveSession,11153.848,R,id,,,,
get system,,11153.849,,,,,,
activeClientSessions,UpdateActiveSession,11153.851,W,uuid,clientSessionId,,,
systemSaveData,ReadSystemSaveData,11153.852,R,data,,,,
sessions,FetchUUIDFromToken,11169.330,R,uuid,,,,
Info,,11169.330,,,,,,
accounts,FetchUsernameFromUUID,11169.331,R,userName,,,,
accounts,FetchDiscordIdByUsername,11169.333,R,discordId,,,,
accounts,FetchGoogleIdByUsername,11169.334,R,googleId,,,,
sessionSaveData,GetLatestSessionSaveDataSlot,11169.334,R,slot,,,,
sessions,FetchUUIDFromToken,11169.523,R,uuid,,,,
activeClientSessions,IsActiveSession,11169.524,R,id,,,,
get system,,11169.524,,,,,,
activeClientSessions,UpdateActiveSession,11169.526,W,uuid,clientSessionId,,,
systemSaveData,ReadSystemSaveData,11169.526,R,data,,,,
sessions,FetchUUIDFromToken,11194.260,R,uuid,,,,
activeClientSessions,IsActiveSession,11194.261,R,id,,,,
verify system,,11194.261,,,,,,
sessions,FetchUUIDFromToken,11218.770,R,uuid,,,,
Info,,11218.770,,,,,,
accounts,FetchUsernameFromUUID,11218.771,R,userName,,,,
accounts,FetchDiscordIdByUsername,11218.772,R,discordId,,,,
accounts,FetchGoogleIdByUsername,11218.773,R,googleId,,,,
sessionSaveData,GetLatestSessionSaveDataSlot,11218.774,R,slot,,,,
sessions,FetchUUIDFromToken,11218.962,R,uuid,,,,
activeClientSessions,IsActiveSession,11218.963,R,id,,,,
get system,,11218.963,,,,,,
activeClientSessions,UpdateActiveSession,11218.965,W,uuid,clientSessionId,,,
systemSaveData,ReadSystemSaveData,11218.966,R,data,,,,
sessions,FetchUUIDFromToken,11300.848,R,uuid,,,,
Info,,11300.848,,,,,,
accounts,FetchUsernameFromUUID,11300.849,R,userName,,,,
accounts,FetchDiscordIdByUsername,11300.850,R,discordId,,,,
accounts,FetchGoogleIdByUsername,11300.851,R,googleId,,,,
sessionSaveData,GetLatestSessionSaveDataSlot,11300.851,R,slot,,,,
sessions,FetchUUIDFromToken,11301.040,R,uuid,,,,
activeClientSessions,IsActiveSession,11301.041,R,id,,,,
get system,,11301.041,,,,,,
activeClientSessions,UpdateActiveSession,11301.045,W,uuid,clientSessionId,,,
systemSaveData,ReadSystemSaveData,11301.046,R,data,,,,
sessions,FetchUUIDFromToken,11394.967,R,uuid,,,,
activeClientSessions,IsActiveSession,11394.968,R,id,,,,
verify system,,11394.968,,,,,,
sessions,FetchUUIDFromToken,11447.997,R,uuid,,,,
activeClientSessions,IsActiveSession,11447.998,R,id,,,,
verify system,,11447.998,,,,,,
sessions,FetchUUIDFromToken,11616.162,R,uuid,,,,
updateAll,,11616.162,,,,,,
activeClientSessions,IsActiveSession,11616.926,R,id,,,,
accounts,FetchTrainerIds,11616.927,R,trainerID,secretID,,,
accountStats,RetrievePlaytime,11616.927,R,playtime,,,,
sessionSaveData,ReadSessionSaveData,11616.928,R,data,,,,
accounts,UpdateAccountLastActivity,11616.934,W,lastActivity,,,,
sessionSaveData,StoreSessionSaveData,11616.945,W,uuid,slot,data,timeStamp,
accounts,UpdateAccountLastActivity,11616.946,W,lastActivity,,,,
accountStats,UpdateAccountStats,11616.948,W,stats,,,,
systemSaveData,StoreSystemSaveData,11616.973,W,uuid,data,timeStamp,,
sessions,FetchUUIDFromToken,11655.921,R,uuid,,,,
activeClientSessions,IsActiveSession,11655.922,R,id,,,,
verify system,,11655.922,,,,,,
sessions,FetchUUIDFromToken,11702.747,R,uuid,,,,
activeClientSessions,IsActiveSession,11702.748,R,id,,,,
verify system,,11702.748,,,,,,
sessions,FetchUUIDFromToken,11721.004,R,uuid,,,,
activeClientSessions,IsActiveSession,11721.004,R,id,,,,
verify system,,11721.004,,,,,,
sessions,FetchUUIDFromToken,11763.748,R,uuid,,,,
activeClientSessions,IsActiveSession,11763.750,R,id,,,,
verify system,,11763.750,,,,,,
sessions,FetchUUIDFromToken,11780.789,R,uuid,,,,
Info,,11780.789,,,,,,
accounts,FetchUsernameFromUUID,11780.790,R,userName,,,,
accounts,FetchDiscordIdByUsername,11780.791,R,discordId,,,,
accounts,FetchGoogleIdByUsername,11780.792,R,googleId,,,,
sessionSaveData,GetLatestSessionSaveDataSlot,11780.793,R,slot,,,,
sessions,FetchUUIDFromToken,11780.987,R,uuid,,,,
activeClientSessions,IsActiveSession,11780.988,R,id,,,,
get system,,11780.988,,,,,,
activeClientSessions,UpdateActiveSession,11780.989,W,uuid,clientSessionId,,,
systemSaveData,ReadSystemSaveData,11780.990,R,data,,,,
sessions,FetchUUIDFromToken,11795.311,R,uuid,,,,
Info,,11795.311,,,,,,
accounts,FetchUsernameFromUUID,11795.312,R,userName,,,,
accounts,FetchDiscordIdByUsername,11795.313,R,discordId,,,,
accounts,FetchGoogleIdByUsername,11795.314,R,googleId,,,,
sessionSaveData,GetLatestSessionSaveDataSlot,11795.315,R,slot,,,,
sessions,FetchUUIDFromToken,11795.507,R,uuid,,,,
activeClientSessions,IsActiveSession,11795.508,R,id,,,,
get system,,11795.508,,,,,,
activeClientSessions,UpdateActiveSession,11795.510,W,uuid,clientSessionId,,,
systemSaveData,ReadSystemSaveData,11795.510,R,data,,,,
sessions,FetchUUIDFromToken,11817.835,R,uuid,,,,
Info,,11817.835,,,,,,
accounts,FetchUsernameFromUUID,11817.835,R,userName,,,,
accounts,FetchDiscordIdByUsername,11817.836,R,discordId,,,,
accounts,FetchGoogleIdByUsername,11817.837,R,googleId,,,,
sessionSaveData,GetLatestSessionSaveDataSlot,11817.838,R,slot,,,,
sessions,FetchUUIDFromToken,11818.029,R,uuid,,,,
activeClientSessions,IsActiveSession,11818.030,R,id,,,,
get system,,11818.030,,,,,,
activeClientSessions,UpdateActiveSession,11818.032,W,uuid,clientSessionId,,,
systemSaveData,ReadSystemSaveData,11818.033,R,data,,,,
sessions,FetchUUIDFromToken,11855.432,R,uuid,,,,
updateAll,,11855.433,,,,,,
activeClientSessions,IsActiveSession,11855.474,R,id,,,,
accounts,FetchTrainerIds,11855.474,R,trainerID,secretID,,,
accountStats,RetrievePlaytime,11855.475,R,playtime,,,,
sessionSaveData,ReadSessionSaveData,11855.476,R,data,,,,
accounts,UpdateAccountLastActivity,11855.480,W,lastActivity,,,,
sessionSaveData,StoreSessionSaveData,11855.491,W,uuid,slot,data,timeStamp,
accounts,UpdateAccountLastActivity,11855.492,W,lastActivity,,,,
accountStats,UpdateAccountStats,11855.495,W,stats,,,,
systemSaveData,StoreSystemSaveData,11855.527,W,uuid,data,timeStamp,,
sessions,FetchUUIDFromToken,11945.363,R,uuid,,,,
activeClientSessions,IsActiveSession,11945.364,R,id,,,,
verify system,,11945.364,,,,,,
sessions,FetchUUIDFromToken,11997.770,R,uuid,,,,
Info,,11997.770,,,,,,
accounts,FetchUsernameFromUUID,11997.771,R,userName,,,,
accounts,FetchDiscordIdByUsername,11997.774,R,discordId,,,,
accounts,FetchGoogleIdByUsername,11997.776,R,googleId,,,,
sessionSaveData,GetLatestSessionSaveDataSlot,11997.777,R,slot,,,,
sessions,FetchUUIDFromToken,11997.969,R,uuid,,,,
activeClientSessions,IsActiveSession,11997.970,R,id,,,,
get system,,11997.970,,,,,,
activeClientSessions,UpdateActiveSession,11997.973,W,uuid,clientSessionId,,,
systemSaveData,ReadSystemSaveData,11997.974,R,data,,,,
sessions,FetchUUIDFromToken,12094.475,R,uuid,,,,
activeClientSessions,IsActiveSession,12094.475,R,id,,,,
verify system,,12094.475,,,,,,
sessions,FetchUUIDFromToken,12133.841,R,uuid,,,,
activeClientSessions,IsActiveSession,12133.842,R,id,,,,
verify system,,12133.842,,,,,,
sessions,FetchUUIDFromToken,12170.916,R,uuid,,,,
Info,,12170.916,,,,,,
accounts,FetchUsernameFromUUID,12170.917,R,userName,,,,
accounts,FetchDiscordIdByUsername,12170.919,R,discordId,,,,
accounts,FetchGoogleIdByUsername,12170.921,R,googleId,,,,
sessionSaveData,GetLatestSessionSaveDataSlot,12170.922,R,slot,,,,
sessions,FetchUUIDFromToken,12171.107,R,uuid,,,,
activeClientSessions,IsActiveSession,12171.108,R,id,,,,
get system,,12171.108,,,,,,
activeClientSessions,UpdateActiveSession,12171.110,W,uuid,clientSessionId,,,
systemSaveData,ReadSystemSaveData,12171.111,R,data,,,,
sessions,FetchUUIDFromToken,12311.943,R,uuid,,,,
Info,,12311.943,,,,,,
accounts,FetchUsernameFromUUID,12311.944,R,userName,,,,
accounts,FetchDiscordIdByUsername,12311.946,R,discordId,,,,
accounts,FetchGoogleIdByUsername,12311.948,R,googleId,,,,
sessionSaveData,GetLatestSessionSaveDataSlot,12311.949,R,slot,,,,
sessions,FetchUUIDFromToken,12312.135,R,uuid,,,,
activeClientSessions,IsActiveSession,12312.136,R,id,,,,
get system,,12312.136,,,,,,
activeClientSessions,UpdateActiveSession,12312.139,W,uuid,clientSessionId,,,
systemSaveData,ReadSystemSaveData,12312.140,R,data,,,,
sessions,FetchUUIDFromToken,12434.522,R,uuid,,,,
activeClientSessions,IsActiveSession,12434.523,R,id,,,,
verify system,,12434.523,,,,,,
sessions,FetchUUIDFromToken,12551.731,R,uuid,,,,
updateAll,,12551.731,,,,,,
activeClientSessions,IsActiveSession,12552.323,R,id,,,,
accounts,FetchTrainerIds,12552.324,R,trainerID,secretID,,,
accountStats,RetrievePlaytime,12552.326,R,playtime,,,,
sessionSaveData,ReadSessionSaveData,12552.327,R,data,,,,
accounts,UpdateAccountLastActivity,12552.335,W,lastActivity,,,,
sessionSaveData,StoreSessionSaveData,12552.362,W,uuid,slot,data,timeStamp,
accounts,UpdateAccountLastActivity,12552.363,W,lastActivity,,,,
accountStats,UpdateAccountStats,12552.366,W,stats,,,,
systemSaveData,StoreSystemSaveData,12552.400,W,uuid,data,timeStamp,,
sessions,FetchUUIDFromToken,12649.087,R,uuid,,,,
activeClientSessions,IsActiveSession,12649.088,R,id,,,,
verify system,,12649.088,,,,,,
sessions,FetchUUIDFromToken,12675.303,R,uuid,,,,
Info,,12675.303,,,,,,
accounts,FetchUsernameFromUUID,12675.304,R,userName,,,,
accounts,FetchDiscordIdByUsername,12675.305,R,discordId,,,,
accounts,FetchGoogleIdByUsername,12675.307,R,googleId,,,,
sessionSaveData,GetLatestSessionSaveDataSlot,12675.309,R,slot,,,,
sessions,FetchUUIDFromToken,12675.493,R,uuid,,,,
activeClientSessions,IsActiveSession,12675.494,R,id,,,,
get system,,12675.494,,,,,,
activeClientSessions,UpdateActiveSession,12675.497,W,uuid,clientSessionId,,,
systemSaveData,ReadSystemSaveData,12675.497,R,data,,,,
sessions,FetchUUIDFromToken,12731.450,R,uuid,,,,
activeClientSessions,IsActiveSession,12731.451,R,id,,,,
verify system,,12731.451,,,,,,
sessions,FetchUUIDFromToken,12757.381,R,uuid,,,,
activeClientSessions,IsActiveSession,12757.382,R,id,,,,
verify system,,12757.382,,,,,,
sessions,FetchUUIDFromToken,12791.968,R,uuid,,,,
activeClientSessions,IsActiveSession,12791.969,R,id,,,,
verify system,,12791.969,,,,,,
sessions,FetchUUIDFromToken,12839.009,R,uuid,,,,
updateAll,,12839.009,,,,,,
activeClientSessions,IsActiveSession,12839.612,R,id,,,,
accounts,FetchTrainerIds,12839.613,R,trainerID,secretID,,,
accountStats,RetrievePlaytime,12839.613,R,playtime,,,,
sessionSaveData,ReadSessionSaveData,12839.614,R,data,,,,
accounts,UpdateAccountLastActivity,12839.620,W,lastActivity,,,,
sessionSaveData,StoreSessionSaveData,12839.635,W,uuid,slot,data,timeStamp,
accounts,UpdateAccountLastActivity,12839.636,W,lastActivity,,,,
accountStats,UpdateAccountStats,12839.637,W,stats,,,,
systemSaveData,StoreSystemSaveData,12839.663,W,uuid,data,timeStamp,,
sessions,FetchUUIDFromToken,12875.550,R,uuid,,,,
activeClientSessions,IsActiveSession,12875.551,R,id,,,,
verify system,,12875.551,,,,,,
sessions,FetchUUIDFromToken,12989.365,R,uuid,,,,
Info,,12989.365,,,,,,
accounts,FetchUsernameFromUUID,12989.366,R,userName,,,,
accounts,FetchDiscordIdByUsername,12989.367,R,discordId,,,,
accounts,FetchGoogleIdByUsername,12989.368,R,googleId,,,,
sessionSaveData,GetLatestSessionSaveDataSlot,12989.369,R,slot,,,,
sessions,FetchUUIDFromToken,12989.552,R,uuid,,,,
activeClientSessions,IsActiveSession,12989.553,R,id,,,,
get system,,12989.553,,,,,,
activeClientSessions,UpdateActiveSession,12989.555,W,uuid,clientSessionId,,,
systemSaveData,ReadSystemSaveData,12989.555,R,data,,,,
sessions,FetchUUIDFromToken,13026.063,R,uuid,,,,
Info,,13026.063,,,,,,
accounts,FetchUsernameFromUUID,13026.064,R,userName,,,,
accounts,FetchDiscordIdByUsername,13026.065,R,discordId,,,,
accounts,FetchGoogleIdByUsername,13026.066,R,googleId,,,,
sessionSaveData,GetLatestSessionSaveDataSlot,13026.067,R,slot,,,,
sessions,FetchUUIDFromToken,13026.248,R,uuid,,,,
activeClientSessions,IsActiveSession,13026.248,R,id,,,,
get system,,13026.248,,,,,,
activeClientSessions,UpdateActiveSession,13026.251,W,uuid,clientSessionId,,,
systemSaveData,ReadSystemSaveData,13026.252,R,data,,,,
sessions,FetchUUIDFromToken,13061.879,R,uuid,,,,
Info,,13061.880,,,,,,
accounts,FetchUsernameFromUUID,13061.881,R,userName,,,,
accounts,FetchDiscordIdByUsername,13061.882,R,discordId,,,,
accounts,FetchGoogleIdByUsername,13061.883,R,googleId,,,,
sessionSaveData,GetLatestSessionSaveDataSlot,13061.884,R,slot,,,,
sessions,FetchUUIDFromToken,13062.065,R,uuid,,,,
activeClientSessions,IsActiveSession,13062.066,R,id,,,,
get system,,13062.066,,,,,,
activeClientSessions,UpdateActiveSession,13062.069,W,uuid,clientSessionId,,,
systemSaveData,ReadSystemSaveData,13062.070,R,data,,,,
sessions,FetchUUIDFromToken,13082.530,R,uuid,,,,
activeClientSessions,IsActiveSession,13082.530,R,id,,,,
verify system,,13082.531,,,,,,
sessions,FetchUUIDFromToken,13112.926,R,uuid,,,,
activeClientSessions,IsActiveSession,13112.927,R,id,,,,
verify system,,13112.928,,,,,,
sessions,FetchUUIDFromToken,13142.316,R,uuid,,,,
activeClientSessions,IsActiveSession,13142.318,R,id,,,,
verify system,,13142.318,,,,,,
sessions,FetchUUIDFromToken,13164.666,R,uuid,,,,
Info,,13164.667,,,,,,
accounts,FetchUsernameFromUUID,13164.667,R,userName,,,,
accounts,FetchDiscordIdByUsername,13164.669,R,discordId,,,,
accounts,FetchGoogleIdByUsername,13164.670,R,googleId,,,,
sessionSaveData,GetLatestSessionSaveDataSlot,13164.671,R,slot,,,,
sessions,FetchUUIDFromToken,13164.858,R,uuid,,,,
activeClientSessions,IsActiveSession,13164.859,R,id,,,,
get system,,13164.859,,,,,,
activeClientSessions,UpdateActiveSession,13164.864,W,uuid,clientSessionId,,,
systemSaveData,ReadSystemSaveData,13164.864,R,data,,,,
sessions,FetchUUIDFromToken,13239.054,R,uuid,,,,
Info,,13239.054,,,,,,
accounts,FetchUsernameFromUUID,13239.055,R,userName,,,,
accounts,FetchDiscordIdByUsername,13239.056,R,discordId,,,,
accounts,FetchGoogleIdByUsername,13239.057,R,googleId,,,,
sessionSaveData,GetLatestSessionSaveDataSlot,13239.058,R,slot,,,,
sessions,FetchUUIDFromToken,13239.241,R,uuid,,,,
activeClientSessions,IsActiveSession,13239.242,R,id,,,,
get system,,13239.242,,,,,,
activeClientSessions,UpdateActiveSession,13239.244,W,uuid,clientSessionId,,,
systemSaveData,ReadSystemSaveData,13239.245,R,data,,,,
sessions,FetchUUIDFromToken,15559.684,R,uuid,,,,
Info,,15559.684,,,,,,
accounts,FetchUsernameFromUUID,15559.685,R,userName,,,,
accounts,FetchDiscordIdByUsername,15559.686,R,discordId,,,,
accounts,FetchGoogleIdByUsername,15559.687,R,googleId,,,,
sessionSaveData,GetLatestSessionSaveDataSlot,15559.688,R,slot,,,,
sessions,FetchUUIDFromToken,15559.895,R,uuid,,,,
activeClientSessions,IsActiveSession,15559.896,R,id,,,,
get system,,15559.896,,,,,,
activeClientSessions,UpdateActiveSession,15559.898,W,uuid,clientSessionId,,,
systemSaveData,ReadSystemSaveData,15559.899,R,data,,,,
sessions,FetchUUIDFromToken,15560.391,R,uuid,,,,
activeClientSessions,UpdateActiveSession,15560.392,W,uuid,clientSessionId,,,
sessionSaveData,ReadSessionSaveData,15560.393,R,data,,,,
sessions,FetchUUIDFromToken,15616.012,R,uuid,,,,
activeClientSessions,IsActiveSession,15616.013,R,id,,,,
verify system,,15616.013,,,,,,
sessions,FetchUUIDFromToken,15643.407,R,uuid,,,,
Info,,15643.407,,,,,,
accounts,FetchUsernameFromUUID,15643.408,R,userName,,,,
accounts,FetchDiscordIdByUsername,15643.409,R,discordId,,,,
accounts,FetchGoogleIdByUsername,15643.410,R,googleId,,,,
sessionSaveData,GetLatestSessionSaveDataSlot,15643.411,R,slot,,,,
sessions,FetchUUIDFromToken,15643.620,R,uuid,,,,
activeClientSessions,IsActiveSession,15643.620,R,id,,,,
get system,,15643.620,,,,,,
activeClientSessions,UpdateActiveSession,15643.624,W,uuid,clientSessionId,,,
systemSaveData,ReadSystemSaveData,15643.625,R,data,,,,
sessions,FetchUUIDFromToken,15659.699,R,uuid,,,,
activeClientSessions,IsActiveSession,15659.699,R,id,,,,
verify system,,15659.699,,,,,,
sessions,FetchUUIDFromToken,16123.983,R,uuid,,,,
activeClientSessions,IsActiveSession,16123.984,R,id,,,,
verify system,,16123.984,,,,,,
sessions,FetchUUIDFromToken,16147.463,R,uuid,,,,
activeClientSessions,IsActiveSession,16147.464,R,id,,,,
verify system,,16147.464,,,,,,
sessions,FetchUUIDFromToken,16245.708,R,uuid,,,,
updateAll,,16245.708,,,,,,
activeClientSessions,IsActiveSession,16246.960,R,id,,,,
accounts,FetchTrainerIds,16246.960,R,trainerID,secretID,,,
accountStats,RetrievePlaytime,16246.961,R,playtime,,,,
sessionSaveData,ReadSessionSaveData,16246.962,R,data,,,,
accounts,UpdateAccountLastActivity,16246.965,W,lastActivity,,,,
sessionSaveData,StoreSessionSaveData,16246.980,W,uuid,slot,data,timeStamp,
accounts,UpdateAccountLastActivity,16246.981,W,lastActivity,,,,
accountStats,UpdateAccountStats,16246.983,W,stats,,,,
systemSaveData,StoreSystemSaveData,16247.077,W,uuid,data,timeStamp,,
sessions,FetchUUIDFromToken,16365.465,R,uuid,,,,
activeClientSessions,IsActiveSession,16365.465,R,id,,,,
verify system,,16365.465,,,,,,
sessions,FetchUUIDFromToken,16400.891,R,uuid,,,,
activeClientSessions,IsActiveSession,16400.892,R,id,,,,
verify system,,16400.892,,,,,,
sessions,FetchUUIDFromToken,16444.822,R,uuid,,,,
activeClientSessions,IsActiveSession,16444.823,R,id,,,,
verify system,,16444.823,,,,,,
sessions,FetchUUIDFromToken,16527.769,R,uuid,,,,
activeClientSessions,IsActiveSession,16527.770,R,id,,,,
verify system,,16527.770,,,,,,
sessions,FetchUUIDFromToken,16554.447,R,uuid,,,,
Info,,16554.447,,,,,,
accounts,FetchUsernameFromUUID,16554.448,R,userName,,,,
accounts,FetchDiscordIdByUsername,16554.449,R,discordId,,,,
accounts,FetchGoogleIdByUsername,16554.450,R,googleId,,,,
sessionSaveData,GetLatestSessionSaveDataSlot,16554.451,R,slot,,,,
sessions,FetchUUIDFromToken,16554.649,R,uuid,,,,
activeClientSessions,IsActiveSession,16554.649,R,id,,,,
get system,,16554.649,,,,,,
activeClientSessions,UpdateActiveSession,16554.651,W,uuid,clientSessionId,,,
systemSaveData,ReadSystemSaveData,16554.652,R,data,,,,
sessions,FetchUUIDFromToken,16652.209,R,uuid,,,,
updateAll,,16652.209,,,,,,
activeClientSessions,IsActiveSession,16652.846,R,id,,,,
accounts,FetchTrainerIds,16652.847,R,trainerID,secretID,,,
accountStats,RetrievePlaytime,16652.847,R,playtime,,,,
sessionSaveData,ReadSessionSaveData,16652.848,R,data,,,,
accounts,UpdateAccountLastActivity,16652.852,W,lastActivity,,,,
sessionSaveData,StoreSessionSaveData,16652.874,W,uuid,slot,data,timeStamp,
accounts,UpdateAccountLastActivity,16652.876,W,lastActivity,,,,
accountStats,UpdateAccountStats,16652.878,W,stats,,,,
systemSaveData,StoreSystemSaveData,16652.898,W,uuid,data,timeStamp,,
sessions,FetchUUIDFromToken,16671.947,R,uuid,,,,
activeClientSessions,IsActiveSession,16671.948,R,id,,,,
verify system,,16671.948,,,,,,
sessions,FetchUUIDFromToken,16680.281,R,uuid,,,,
updateAll,,16680.281,,,,,,
activeClientSessions,IsActiveSession,16681.246,R,id,,,,
accounts,FetchTrainerIds,16681.247,R,trainerID,secretID,,,
accountStats,RetrievePlaytime,16681.248,R,playtime,,,,
sessionSaveData,ReadSessionSaveData,16681.249,R,data,,,,
accounts,UpdateAccountLastActivity,16681.252,W,lastActivity,,,,
sessionSaveData,StoreSessionSaveData,16681.260,W,uuid,slot,data,timeStamp,
accounts,UpdateAccountLastActivity,16681.260,W,lastActivity,,,,
accountStats,UpdateAccountStats,16681.262,W,stats,,,,
systemSaveData,StoreSystemSaveData,16681.305,W,uuid,data,timeStamp,,
sessions,FetchUUIDFromToken,16684.763,R,uuid,,,,
updateAll,,16684.763,,,,,,
activeClientSessions,IsActiveSession,16685.246,R,id,,,,
accounts,FetchTrainerIds,16685.246,R,trainerID,secretID,,,
accountStats,RetrievePlaytime,16685.247,R,playtime,,,,
sessionSaveData,ReadSessionSaveData,16685.248,R,data,,,,
accounts,UpdateAccountLastActivity,16685.251,W,lastActivity,,,,
sessionSaveData,StoreSessionSaveData,16685.260,W,uuid,slot,data,timeStamp,
accounts,UpdateAccountLastActivity,16685.261,W,lastActivity,,,,
accountStats,UpdateAccountStats,16685.263,W,stats,,,,
systemSaveData,StoreSystemSaveData,16685.289,W,uuid,data,timeStamp,,
sessions,FetchUUIDFromToken,16686.633,R,uuid,,,,
updateAll,,16686.634,,,,,,
activeClientSessions,IsActiveSession,16686.966,R,id,,,,
accounts,FetchTrainerIds,16686.967,R,trainerID,secretID,,,
accountStats,RetrievePlaytime,16686.967,R,playtime,,,,
sessionSaveData,ReadSessionSaveData,16686.968,R,data,,,,
accounts,UpdateAccountLastActivity,16686.972,W,lastActivity,,,,
sessionSaveData,StoreSessionSaveData,16686.982,W,uuid,slot,data,timeStamp,
accounts,UpdateAccountLastActivity,16686.983,W,lastActivity,,,,
accountStats,UpdateAccountStats,16686.985,W,stats,,,,
systemSaveData,StoreSystemSaveData,16687.002,W,uuid,data,timeStamp,,
sessions,FetchUUIDFromToken,16687.966,R,uuid,,,,
updateAll,,16687.966,,,,,,
activeClientSessions,IsActiveSession,16688.399,R,id,,,,
accounts,FetchTrainerIds,16688.400,R,trainerID,secretID,,,
accountStats,RetrievePlaytime,16688.401,R,playtime,,,,
sessionSaveData,ReadSessionSaveData,16688.402,R,data,,,,
accounts,UpdateAccountLastActivity,16688.405,W,lastActivity,,,,
sessionSaveData,StoreSessionSaveData,16688.412,W,uuid,slot,data,timeStamp,
accounts,UpdateAccountLastActivity,16688.413,W,lastActivity,,,,
accountStats,UpdateAccountStats,16688.415,W,stats,,,,
systemSaveData,StoreSystemSaveData,16688.430,W,uuid,data,timeStamp,,
sessions,FetchUUIDFromToken,16711.070,R,uuid,,,,
activeClientSessions,IsActiveSession,16711.071,R,id,,,,
verify system,,16711.071,,,,,,
sessions,FetchUUIDFromToken,16740.149,R,uuid,,,,
activeClientSessions,IsActiveSession,16740.150,R,id,,,,
verify system,,16740.150,,,,,,
sessions,FetchUUIDFromToken,16763.434,R,uuid,,,,
activeClientSessions,IsActiveSession,16763.435,R,id,,,,
verify system,,16763.435,,,,,,
sessions,FetchUUIDFromToken,16796.934,R,uuid,,,,
updateAll,,16796.934,,,,,,
activeClientSessions,IsActiveSession,16797.398,R,id,,,,
accounts,FetchTrainerIds,16797.399,R,trainerID,secretID,,,
accountStats,RetrievePlaytime,16797.399,R,playtime,,,,
sessionSaveData,ReadSessionSaveData,16797.400,R,data,,,,
accounts,UpdateAccountLastActivity,16797.405,W,lastActivity,,,,
sessionSaveData,StoreSessionSaveData,16797.414,W,uuid,slot,data,timeStamp,
accounts,UpdateAccountLastActivity,16797.415,W,lastActivity,,,,
accountStats,UpdateAccountStats,16797.417,W,stats,,,,
systemSaveData,StoreSystemSaveData,16797.429,W,uuid,data,timeStamp,,
sessions,FetchUUIDFromToken,16836.186,R,uuid,,,,
activeClientSessions,IsActiveSession,16836.187,R,id,,,,
verify system,,16836.187,,,,,,
sessions,FetchUUIDFromToken,16896.137,R,uuid,,,,
activeClientSessions,IsActiveSession,16896.138,R,id,,,,
verify system,,16896.138,,,,,,
sessions,FetchUUIDFromToken,16990.199,R,uuid,,,,
activeClientSessions,IsActiveSession,16990.200,R,id,,,,
verify system,,16990.201,,,,,,
sessions,FetchUUIDFromToken,17077.787,R,uuid,,,,
activeClientSessions,IsActiveSession,17077.788,R,id,,,,
verify system,,17077.788,,,,,,
sessions,FetchUUIDFromToken,17141.496,R,uuid,,,,
updateAll,,17141.496,,,,,,
activeClientSessions,IsActiveSession,17141.973,R,id,,,,
accounts,FetchTrainerIds,17141.974,R,trainerID,secretID,,,
accountStats,RetrievePlaytime,17141.974,R,playtime,,,,
sessionSaveData,ReadSessionSaveData,17141.975,R,data,,,,
accounts,UpdateAccountLastActivity,17141.978,W,lastActivity,,,,
sessionSaveData,StoreSessionSaveData,17141.993,W,uuid,slot,data,timeStamp,
accounts,UpdateAccountLastActivity,17141.994,W,lastActivity,,,,
accountStats,UpdateAccountStats,17141.996,W,stats,,,,
systemSaveData,StoreSystemSaveData,17142.026,W,uuid,data,timeStamp,,
sessions,FetchUUIDFromToken,17199.847,R,uuid,,,,
activeClientSessions,IsActiveSession,17199.848,R,id,,,,
verify system,,17199.848,,,,,,
sessions,FetchUUIDFromToken,17223.346,R,uuid,,,,
activeClientSessions,IsActiveSession,17223.347,R,id,,,,
verify system,,17223.347,,,,,,
sessions,FetchUUIDFromToken,17350.187,R,uuid,,,,
activeClientSessions,IsActiveSession,17350.188,R,id,,,,
verify system,,17350.188,,,,,,
sessions,FetchUUIDFromToken,17377.313,R,uuid,,,,
activeClientSessions,IsActiveSession,17377.314,R,id,,,,
verify system,,17377.314,,,,,,
sessions,FetchUUIDFromToken,17392.498,R,uuid,,,,
Info,,17392.498,,,,,,
accounts,FetchUsernameFromUUID,17392.499,R,userName,,,,
accounts,FetchDiscordIdByUsername,17392.500,R,discordId,,,,
accounts,FetchGoogleIdByUsername,17392.501,R,googleId,,,,
sessionSaveData,GetLatestSessionSaveDataSlot,17392.502,R,slot,,,,
sessions,FetchUUIDFromToken,17392.708,R,uuid,,,,
activeClientSessions,IsActiveSession,17392.708,R,id,,,,
get system,,17392.708,,,,,,
activeClientSessions,UpdateActiveSession,17392.711,W,uuid,clientSessionId,,,
systemSaveData,ReadSystemSaveData,17392.712,R,data,,,,
sessions,FetchUUIDFromToken,17538.220,R,uuid,,,,
updateAll,,17538.220,,,,,,
activeClientSessions,IsActiveSession,17539.260,R,id,,,,
accounts,FetchTrainerIds,17539.262,R,trainerID,secretID,,,
accountStats,RetrievePlaytime,17539.262,R,playtime,,,,
sessionSaveData,ReadSessionSaveData,17539.263,R,data,,,,
accounts,UpdateAccountLastActivity,17539.267,W,lastActivity,,,,
sessionSaveData,StoreSessionSaveData,17539.285,W,uuid,slot,data,timeStamp,
accounts,UpdateAccountLastActivity,17539.286,W,lastActivity,,,,
accountStats,UpdateAccountStats,17539.288,W,stats,,,,
systemSaveData,StoreSystemSaveData,17539.315,W,uuid,data,timeStamp,,
sessions,FetchUUIDFromToken,17543.158,R,uuid,,,,
Info,,17543.158,,,,,,
accounts,FetchUsernameFromUUID,17543.159,R,userName,,,,
accounts,FetchDiscordIdByUsername,17543.160,R,discordId,,,,
accounts,FetchGoogleIdByUsername,17543.161,R,googleId,,,,
sessionSaveData,GetLatestSessionSaveDataSlot,17543.162,R,slot,,,,
sessions,FetchUUIDFromToken,17543.366,R,uuid,,,,
activeClientSessions,IsActiveSession,17543.367,R,id,,,,
get system,,17543.367,,,,,,
activeClientSessions,UpdateActiveSession,17543.369,W,uuid,clientSessionId,,,
systemSaveData,ReadSystemSaveData,17543.370,R,data,,,,
sessions,FetchUUIDFromToken,17543.639,R,uuid,,,,
activeClientSessions,UpdateActiveSession,17543.639,W,uuid,clientSessionId,,,
sessionSaveData,ReadSessionSaveData,17543.640,R,data,,,,
sessions,FetchUUIDFromToken,17576.978,R,uuid,,,,
activeClientSessions,IsActiveSession,17576.978,R,id,,,,
verify system,,17576.978,,,,,,
sessions,FetchUUIDFromToken,17627.130,R,uuid,,,,
activeClientSessions,IsActiveSession,17627.131,R,id,,,,
verify system,,17627.131,,,,,,
sessions,FetchUUIDFromToken,17651.283,R,uuid,,,,
activeClientSessions,IsActiveSession,17651.284,R,id,,,,
verify system,,17651.284,,,,,,
sessions,FetchUUIDFromToken,17666.142,R,uuid,,,,
activeClientSessions,IsActiveSession,17666.143,R,id,,,,
verify system,,17666.143,,,,,,
sessions,FetchUUIDFromToken,17736.745,R,uuid,,,,
updateAll,,17736.745,,,,,,
activeClientSessions,IsActiveSession,17738.122,R,id,,,,
accounts,FetchTrainerIds,17738.122,R,trainerID,secretID,,,
accountStats,RetrievePlaytime,17738.123,R,playtime,,,,
sessionSaveData,ReadSessionSaveData,17738.124,R,data,,,,
accounts,UpdateAccountLastActivity,17738.127,W,lastActivity,,,,
sessionSaveData,StoreSessionSaveData,17738.142,W,uuid,slot,data,timeStamp,
accounts,UpdateAccountLastActivity,17738.143,W,lastActivity,,,,
accountStats,UpdateAccountStats,17738.144,W,stats,,,,
systemSaveData,StoreSystemSaveData,17738.175,W,uuid,data,timeStamp,,
sessions,FetchUUIDFromToken,17792.599,R,uuid,,,,
activeClientSessions,IsActiveSession,17792.600,R,id,,,,
verify system,,17792.600,,,,,,
sessions,FetchUUIDFromToken,17829.426,R,uuid,,,,
activeClientSessions,IsActiveSession,17829.427,R,id,,,,
verify system,,17829.427,,,,,,
sessions,FetchUUIDFromToken,17853.834,R,uuid,,,,
activeClientSessions,IsActiveSession,17853.835,R,id,,,,
verify system,,17853.835,,,,,,
sessions,FetchUUIDFromToken,17871.595,R,uuid,,,,
activeClientSessions,IsActiveSession,17871.596,R,id,,,,
verify system,,17871.596,,,,,,
sessions,FetchUUIDFromToken,17890.206,R,uuid,,,,
updateAll,,17890.206,,,,,,
activeClientSessions,IsActiveSession,17891.615,R,id,,,,
accounts,FetchTrainerIds,17891.615,R,trainerID,secretID,,,
accountStats,RetrievePlaytime,17891.616,R,playtime,,,,
sessionSaveData,ReadSessionSaveData,17891.617,R,data,,,,
accounts,UpdateAccountLastActivity,17891.620,W,lastActivity,,,,
sessionSaveData,StoreSessionSaveData,17891.638,W,uuid,slot,data,timeStamp,
accounts,UpdateAccountLastActivity,17891.638,W,lastActivity,,,,
accountStats,UpdateAccountStats,17891.640,W,stats,,,,
systemSaveData,StoreSystemSaveData,17891.670,W,uuid,data,timeStamp,,
sessions,FetchUUIDFromToken,17974.854,R,uuid,,,,
activeClientSessions,IsActiveSession,17974.855,R,id,,,,
verify system,,17974.855,,,,,,
sessions,FetchUUIDFromToken,18028.621,R,uuid,,,,
activeClientSessions,IsActiveSession,18028.622,R,id,,,,
verify system,,18028.622,,,,,,
sessions,FetchUUIDFromToken,18056.407,R,uuid,,,,
activeClientSessions,IsActiveSession,18056.407,R,id,,,,
verify system,,18056.407,,,,,,
sessions,FetchUUIDFromToken,18076.036,R,uuid,,,,
activeClientSessions,IsActiveSession,18076.037,R,id,,,,
verify system,,18076.037,,,,,,
sessions,FetchUUIDFromToken,18151.533,R,uuid,,,,
updateAll,,18151.533,,,,,,
activeClientSessions,IsActiveSession,18152.047,R,id,,,,
accounts,FetchTrainerIds,18152.048,R,trainerID,secretID,,,
accountStats,RetrievePlaytime,18152.049,R,playtime,,,,
sessionSaveData,ReadSessionSaveData,18152.050,R,data,,,,
accounts,UpdateAccountLastActivity,18152.054,W,lastActivity,,,,
sessionSaveData,StoreSessionSaveData,18152.069,W,uuid,slot,data,timeStamp,
accounts,UpdateAccountLastActivity,18152.070,W,lastActivity,,,,
accountStats,UpdateAccountStats,18152.071,W,stats,,,,
systemSaveData,StoreSystemSaveData,18152.099,W,uuid,data,timeStamp,,
sessions,FetchUUIDFromToken,18174.949,R,uuid,,,,
activeClientSessions,IsActiveSession,18174.950,R,id,,,,
verify system,,18174.950,,,,,,
sessions,FetchUUIDFromToken,18197.649,R,uuid,,,,
Info,,18197.649,,,,,,
accounts,FetchUsernameFromUUID,18197.650,R,userName,,,,
accounts,FetchDiscordIdByUsername,18197.651,R,discordId,,,,
accounts,FetchGoogleIdByUsername,18197.653,R,googleId,,,,
sessionSaveData,GetLatestSessionSaveDataSlot,18197.653,R,slot,,,,
sessions,FetchUUIDFromToken,18197.843,R,uuid,,,,
activeClientSessions,IsActiveSession,18197.844,R,id,,,,
get system,,18197.844,,,,,,
activeClientSessions,UpdateActiveSession,18197.846,W,uuid,clientSessionId,,,
systemSaveData,ReadSystemSaveData,18197.847,R,data,,,,
sessions,FetchUUIDFromToken,18316.872,R,uuid,,,,
activeClientSessions,IsActiveSession,18316.873,R,id,,,,
verify system,,18316.873,,,,,,
sessions,FetchUUIDFromToken,18330.866,R,uuid,,,,
activeClientSessions,IsActiveSession,18330.867,R,id,,,,
verify system,,18330.867,,,,,,
sessions,FetchUUIDFromToken,18444.548,R,uuid,,,,
activeClientSessions,IsActiveSession,18444.549,R,id,,,,
verify system,,18444.549,,,,,,
sessions,FetchUUIDFromToken,18573.845,R,uuid,,,,
Info,,18573.845,,,,,,
accounts,FetchUsernameFromUUID,18573.845,R,userName,,,,
accounts,FetchDiscordIdByUsername,18573.847,R,discordId,,,,
accounts,FetchGoogleIdByUsername,18573.848,R,googleId,,,,
sessionSaveData,GetLatestSessionSaveDataSlot,18573.848,R,slot,,,,
sessions,FetchUUIDFromToken,18574.072,R,uuid,,,,
activeClientSessions,IsActiveSession,18574.073,R,id,,,,
get system,,18574.073,,,,,,
activeClientSessions,UpdateActiveSession,18574.075,W,uuid,clientSessionId,,,
systemSaveData,ReadSystemSaveData,18574.076,R,data,,,,
sessions,FetchUUIDFromToken,27850.453,R,uuid,,,,
Info,,27850.453,,,,,,
accounts,FetchUsernameFromUUID,27850.454,R,userName,,,,
accounts,FetchDiscordIdByUsername,27850.455,R,discordId,,,,
accounts,FetchGoogleIdByUsername,27850.456,R,googleId,,,,
sessionSaveData,GetLatestSessionSaveDataSlot,27850.457,R,slot,,,,
sessions,FetchUUIDFromToken,27850.655,R,uuid,,,,
activeClientSessions,IsActiveSession,27850.656,R,id,,,,
get system,,27850.656,,,,,,
activeClientSessions,UpdateActiveSession,27850.657,W,uuid,clientSessionId,,,
systemSaveData,ReadSystemSaveData,27850.658,R,data,,,,
sessions,FetchUUIDFromToken,33117.745,R,uuid,,,,
Info,,33117.745,,,,,,
accounts,FetchUsernameFromUUID,33117.746,R,userName,,,,
accounts,FetchDiscordIdByUsername,33117.747,R,discordId,,,,
accounts,FetchGoogleIdByUsername,33117.748,R,googleId,,,,
sessionSaveData,GetLatestSessionSaveDataSlot,33117.749,R,slot,,,,
sessions,FetchUUIDFromToken,33117.964,R,uuid,,,,
activeClientSessions,IsActiveSession,33117.965,R,id,,,,
get system,,33117.965,,,,,,
activeClientSessions,UpdateActiveSession,33117.967,W,uuid,clientSessionId,,,
systemSaveData,ReadSystemSaveData,33117.968,R,data,,,,
sessions,FetchUUIDFromToken,33485.052,R,uuid,,,,
Info,,33485.052,,,,,,
accounts,FetchUsernameFromUUID,33485.052,R,userName,,,,
accounts,FetchDiscordIdByUsername,33485.054,R,discordId,,,,
accounts,FetchGoogleIdByUsername,33485.055,R,googleId,,,,
sessionSaveData,GetLatestSessionSaveDataSlot,33485.055,R,slot,,,,
sessions,FetchUUIDFromToken,33485.260,R,uuid,,,,
activeClientSessions,IsActiveSession,33485.261,R,id,,,,
get system,,33485.261,,,,,,
activeClientSessions,UpdateActiveSession,33485.264,W,uuid,clientSessionId,,,
systemSaveData,ReadSystemSaveData,33485.265,R,data,,,,
sessions,FetchUUIDFromToken,33571.489,R,uuid,,,,
Info,,33571.489,,,,,,
accounts,FetchUsernameFromUUID,33571.490,R,userName,,,,
accounts,FetchDiscordIdByUsername,33571.491,R,discordId,,,,
accounts,FetchGoogleIdByUsername,33571.493,R,googleId,,,,
sessionSaveData,GetLatestSessionSaveDataSlot,33571.493,R,slot,,,,
sessions,FetchUUIDFromToken,33571.696,R,uuid,,,,
activeClientSessions,IsActiveSession,33571.696,R,id,,,,
get system,,33571.696,,,,,,
activeClientSessions,UpdateActiveSession,33571.701,W,uuid,clientSessionId,,,
systemSaveData,ReadSystemSaveData,33571.702,R,data,,,,
sessions,FetchUUIDFromToken,33603.975,R,uuid,,,,
Info,,33603.975,,,,,,
accounts,FetchUsernameFromUUID,33603.975,R,userName,,,,
accounts,FetchDiscordIdByUsername,33603.976,R,discordId,,,,
accounts,FetchGoogleIdByUsername,33603.977,R,googleId,,,,
sessionSaveData,GetLatestSessionSaveDataSlot,33603.978,R,slot,,,,
sessions,FetchUUIDFromToken,33604.179,R,uuid,,,,
activeClientSessions,IsActiveSession,33604.179,R,id,,,,
get system,,33604.179,,,,,,
activeClientSessions,UpdateActiveSession,33604.181,W,uuid,clientSessionId,,,
systemSaveData,ReadSystemSaveData,33604.182,R,data,,,,
sessions,FetchUUIDFromToken,33677.848,R,uuid,,,,
Info,,33677.848,,,,,,
accounts,FetchUsernameFromUUID,33677.849,R,userName,,,,
accounts,FetchDiscordIdByUsername,33677.850,R,discordId,,,,
accounts,FetchGoogleIdByUsername,33677.851,R,googleId,,,,
sessionSaveData,GetLatestSessionSaveDataSlot,33677.852,R,slot,,,,
sessions,FetchUUIDFromToken,33678.067,R,uuid,,,,
activeClientSessions,IsActiveSession,33678.067,R,id,,,,
get system,,33678.067,,,,,,
activeClientSessions,UpdateActiveSession,33678.069,W,uuid,clientSessionId,,,
systemSaveData,ReadSystemSaveData,33678.070,R,data,,,,
sessions,FetchUUIDFromToken,34114.415,R,uuid,,,,
updateAll,,34114.415,,,,,,
activeClientSessions,IsActiveSession,34115.268,R,id,,,,
accounts,FetchTrainerIds,34115.269,R,trainerID,secretID,,,
accountStats,RetrievePlaytime,34115.269,R,playtime,,,,
sessionSaveData,ReadSessionSaveData,34115.270,R,data,,,,
accounts,UpdateAccountLastActivity,34115.274,W,lastActivity,,,,
sessionSaveData,StoreSessionSaveData,34115.294,W,uuid,slot,data,timeStamp,
accounts,UpdateAccountLastActivity,34115.295,W,lastActivity,,,,
accountStats,UpdateAccountStats,34115.298,W,stats,,,,
systemSaveData,StoreSystemSaveData,34115.358,W,uuid,data,timeStamp,,
sessions,FetchUUIDFromToken,34136.731,R,uuid,,,,
Info,,34136.731,,,,,,
accounts,FetchUsernameFromUUID,34136.731,R,userName,,,,
accounts,FetchDiscordIdByUsername,34136.733,R,discordId,,,,
accounts,FetchGoogleIdByUsername,34136.734,R,googleId,,,,
sessionSaveData,GetLatestSessionSaveDataSlot,34136.735,R,slot,,,,
sessions,FetchUUIDFromToken,34136.948,R,uuid,,,,
activeClientSessions,IsActiveSession,34136.949,R,id,,,,
get system,,34136.949,,,,,,
activeClientSessions,UpdateActiveSession,34136.950,W,uuid,clientSessionId,,,
systemSaveData,ReadSystemSaveData,34136.951,R,data,,,,
sessions,FetchUUIDFromToken,34137.260,R,uuid,,,,
activeClientSessions,UpdateActiveSession,34137.261,W,uuid,clientSessionId,,,
sessionSaveData,ReadSessionSaveData,34137.262,R,data,,,,
sessions,FetchUUIDFromToken,34173.120,R,uuid,,,,
activeClientSessions,IsActiveSession,34173.121,R,id,,,,
verify system,,34173.121,,,,,,
sessions,FetchUUIDFromToken,34189.951,R,uuid,,,,
activeClientSessions,IsActiveSession,34189.952,R,id,,,,
verify system,,34189.952,,,,,,
sessions,FetchUUIDFromToken,34201.559,R,uuid,,,,
activeClientSessions,IsActiveSession,34201.559,R,id,,,,
verify system,,34201.559,,,,,,
sessions,FetchUUIDFromToken,34224.332,R,uuid,,,,
activeClientSessions,IsActiveSession,34224.333,R,id,,,,
verify system,,34224.333,,,,,,
sessions,FetchUUIDFromToken,34246.534,R,uuid,,,,
Info,,34246.534,,,,,,
accounts,FetchUsernameFromUUID,34246.535,R,userName,,,,
accounts,FetchDiscordIdByUsername,34246.536,R,discordId,,,,
accounts,FetchGoogleIdByUsername,34246.538,R,googleId,,,,
sessionSaveData,GetLatestSessionSaveDataSlot,34246.538,R,slot,,,,
sessions,FetchUUIDFromToken,34246.749,R,uuid,,,,
activeClientSessions,IsActiveSession,34246.750,R,id,,,,
get system,,34246.750,,,,,,
activeClientSessions,UpdateActiveSession,34246.754,W,uuid,clientSessionId,,,
systemSaveData,ReadSystemSaveData,34246.755,R,data,,,,
sessions,FetchUUIDFromToken,34261.693,R,uuid,,,,
Info,,34261.694,,,,,,
accounts,FetchUsernameFromUUID,34261.694,R,userName,,,,
accounts,FetchDiscordIdByUsername,34261.695,R,discordId,,,,
accounts,FetchGoogleIdByUsername,34261.696,R,googleId,,,,
sessionSaveData,GetLatestSessionSaveDataSlot,34261.697,R,slot,,,,
sessions,FetchUUIDFromToken,34261.906,R,uuid,,,,
activeClientSessions,IsActiveSession,34261.906,R,id,,,,
get system,,34261.906,,,,,,
activeClientSessions,UpdateActiveSession,34261.908,W,uuid,clientSessionId,,,
systemSaveData,ReadSystemSaveData,34261.909,R,data,,,,
sessions,FetchUUIDFromToken,34315.038,R,uuid,,,,
updateAll,,34315.038,,,,,,
activeClientSessions,IsActiveSession,34315.897,R,id,,,,
accounts,FetchTrainerIds,34315.898,R,trainerID,secretID,,,
accountStats,RetrievePlaytime,34315.898,R,playtime,,,,
sessionSaveData,ReadSessionSaveData,34315.899,R,data,,,,
accounts,UpdateAccountLastActivity,34315.902,W,lastActivity,,,,
sessionSaveData,StoreSessionSaveData,34315.915,W,uuid,slot,data,timeStamp,
accounts,UpdateAccountLastActivity,34315.916,W,lastActivity,,,,
accountStats,UpdateAccountStats,34315.918,W,stats,,,,
systemSaveData,StoreSystemSaveData,34315.936,W,uuid,data,timeStamp,,
sessions,FetchUUIDFromToken,34351.365,R,uuid,,,,
activeClientSessions,IsActiveSession,34351.366,R,id,,,,
verify system,,34351.366,,,,,,
sessions,FetchUUIDFromToken,34384.534,R,uuid,,,,
activeClientSessions,IsActiveSession,34384.535,R,id,,,,
verify system,,34384.535,,,,,,
sessions,FetchUUIDFromToken,34505.998,R,uuid,,,,
activeClientSessions,IsActiveSession,34505.999,R,id,,,,
verify system,,34505.999,,,,,,
sessions,FetchUUIDFromToken,34552.238,R,uuid,,,,
Info,,34552.238,,,,,,
accounts,FetchUsernameFromUUID,34552.239,R,userName,,,,
accounts,FetchDiscordIdByUsername,34552.241,R,discordId,,,,
accounts,FetchGoogleIdByUsername,34552.242,R,googleId,,,,
sessionSaveData,GetLatestSessionSaveDataSlot,34552.243,R,slot,,,,
sessions,FetchUUIDFromToken,34552.445,R,uuid,,,,
activeClientSessions,IsActiveSession,34552.445,R,id,,,,
get system,,34552.445,,,,,,
activeClientSessions,UpdateActiveSession,34552.447,W,uuid,clientSessionId,,,
systemSaveData,ReadSystemSaveData,34552.448,R,data,,,,
sessions,FetchUUIDFromToken,34586.561,R,uuid,,,,
activeClientSessions,IsActiveSession,34586.562,R,id,,,,
verify system,,34586.562,,,,,,
sessions,FetchUUIDFromToken,34610.362,R,uuid,,,,
updateAll,,34610.362,,,,,,
activeClientSessions,IsActiveSession,34611.123,R,id,,,,
accounts,FetchTrainerIds,34611.123,R,trainerID,secretID,,,
accountStats,RetrievePlaytime,34611.124,R,playtime,,,,
sessionSaveData,ReadSessionSaveData,34611.125,R,data,,,,
accounts,UpdateAccountLastActivity,34611.128,W,lastActivity,,,,
sessionSaveData,StoreSessionSaveData,34611.144,W,uuid,slot,data,timeStamp,
accounts,UpdateAccountLastActivity,34611.146,W,lastActivity,,,,
accountStats,UpdateAccountStats,34611.148,W,stats,,,,
systemSaveData,StoreSystemSaveData,34611.171,W,uuid,data,timeStamp,,
sessions,FetchUUIDFromToken,34639.893,R,uuid,,,,
Info,,34639.893,,,,,,
accounts,FetchUsernameFromUUID,34639.894,R,userName,,,,
accounts,FetchDiscordIdByUsername,34639.895,R,discordId,,,,
accounts,FetchGoogleIdByUsername,34639.896,R,googleId,,,,
sessionSaveData,GetLatestSessionSaveDataSlot,34639.897,R,slot,,,,
sessions,FetchUUIDFromToken,34640.101,R,uuid,,,,
activeClientSessions,IsActiveSession,34640.102,R,id,,,,
get system,,34640.102,,,,,,
activeClientSessions,UpdateActiveSession,34640.105,W,uuid,clientSessionId,,,
systemSaveData,ReadSystemSaveData,34640.105,R,data,,,,
sessions,FetchUUIDFromToken,34640.572,R,uuid,,,,
activeClientSessions,UpdateActiveSession,34640.573,W,uuid,clientSessionId,,,
sessionSaveData,ReadSessionSaveData,34640.573,R,data,,,,
sessions,FetchUUIDFromToken,34666.741,R,uuid,,,,
Info,,34666.741,,,,,,
accounts,FetchUsernameFromUUID,34666.742,R,userName,,,,
accounts,FetchDiscordIdByUsername,34666.743,R,discordId,,,,
accounts,FetchGoogleIdByUsername,34666.744,R,googleId,,,,
sessionSaveData,GetLatestSessionSaveDataSlot,34666.745,R,slot,,,,
sessions,FetchUUIDFromToken,34666.949,R,uuid,,,,
activeClientSessions,IsActiveSession,34666.950,R,id,,,,
get system,,34666.950,,,,,,
activeClientSessions,UpdateActiveSession,34666.952,W,uuid,clientSessionId,,,
systemSaveData,ReadSystemSaveData,34666.953,R,data,,,,
sessions,FetchUUIDFromToken,34667.431,R,uuid,,,,
activeClientSessions,UpdateActiveSession,34667.432,W,uuid,clientSessionId,,,
sessionSaveData,ReadSessionSaveData,34667.433,R,data,,,,
sessions,FetchUUIDFromToken,34711.326,R,uuid,,,,
Info,,34711.326,,,,,,
accounts,FetchUsernameFromUUID,34711.327,R,userName,,,,
accounts,FetchDiscordIdByUsername,34711.328,R,discordId,,,,
accounts,FetchGoogleIdByUsername,34711.329,R,googleId,,,,
sessionSaveData,GetLatestSessionSaveDataSlot,34711.330,R,slot,,,,
sessions,FetchUUIDFromToken,34711.534,R,uuid,,,,
activeClientSessions,IsActiveSession,34711.535,R,id,,,,
get system,,34711.535,,,,,,
activeClientSessions,UpdateActiveSession,34711.537,W,uuid,clientSessionId,,,
systemSaveData,ReadSystemSaveData,34711.538,R,data,,,,
sessions,FetchUUIDFromToken,34712.002,R,uuid,,,,
activeClientSessions,UpdateActiveSession,34712.003,W,uuid,clientSessionId,,,
sessionSaveData,ReadSessionSaveData,34712.004,R,data,,,,
sessions,FetchUUIDFromToken,34789.156,R,uuid,,,,
Info,,34789.156,,,,,,
accounts,FetchUsernameFromUUID,34789.157,R,userName,,,,
accounts,FetchDiscordIdByUsername,34789.158,R,discordId,,,,
accounts,FetchGoogleIdByUsername,34789.159,R,googleId,,,,
sessionSaveData,GetLatestSessionSaveDataSlot,34789.159,R,slot,,,,
sessions,FetchUUIDFromToken,34789.365,R,uuid,,,,
activeClientSessions,IsActiveSession,34789.367,R,id,,,,
get system,,34789.367,,,,,,
activeClientSessions,UpdateActiveSession,34789.370,W,uuid,clientSessionId,,,
systemSaveData,ReadSystemSaveData,34789.371,R,data,,,,
sessions,FetchUUIDFromToken,34789.845,R,uuid,,,,
activeClientSessions,UpdateActiveSession,34789.846,W,uuid,clientSessionId,,,
sessionSaveData,ReadSessionSaveData,34789.847,R,data,,,,
sessions,FetchUUIDFromToken,34830.773,R,uuid,,,,
activeClientSessions,IsActiveSession,34830.774,R,id,,,,
verify system,,34830.774,,,,,,
sessions,FetchUUIDFromToken,34872.207,R,uuid,,,,
Info,,34872.207,,,,,,
accounts,FetchUsernameFromUUID,34872.208,R,userName,,,,
accounts,FetchDiscordIdByUsername,34872.209,R,discordId,,,,
accounts,FetchGoogleIdByUsername,34872.210,R,googleId,,,,
sessionSaveData,GetLatestSessionSaveDataSlot,34872.212,R,slot,,,,
sessions,FetchUUIDFromToken,34872.415,R,uuid,,,,
activeClientSessions,IsActiveSession,34872.416,R,id,,,,
get system,,34872.416,,,,,,
activeClientSessions,UpdateActiveSession,34872.418,W,uuid,clientSessionId,,,
systemSaveData,ReadSystemSaveData,34872.418,R,data,,,,
sessions,FetchUUIDFromToken,34898.655,R,uuid,,,,
activeClientSessions,IsActiveSession,34898.655,R,id,,,,
verify system,,34898.656,,,,,,
sessions,FetchUUIDFromToken,34924.163,R,uuid,,,,
activeClientSessions,IsActiveSession,34924.164,R,id,,,,
verify system,,34924.164,,,,,,
sessions,FetchUUIDFromToken,34991.229,R,uuid,,,,
updateAll,,34991.229,,,,,,
activeClientSessions,IsActiveSession,34991.900,R,id,,,,
accounts,FetchTrainerIds,34991.901,R,trainerID,secretID,,,
accountStats,RetrievePlaytime,34991.902,R,playtime,,,,
sessionSaveData,ReadSessionSaveData,34991.902,R,data,,,,
accounts,UpdateAccountLastActivity,34991.906,W,lastActivity,,,,
sessionSaveData,StoreSessionSaveData,34991.922,W,uuid,slot,data,timeStamp,
accounts,UpdateAccountLastActivity,34991.923,W,lastActivity,,,,
accountStats,UpdateAccountStats,34991.925,W,stats,,,,
systemSaveData,StoreSystemSaveData,34991.949,W,uuid,data,timeStamp,,
sessions,FetchUUIDFromToken,34994.008,R,uuid,,,,
updateAll,,34994.009,,,,,,
activeClientSessions,IsActiveSession,34994.469,R,id,,,,
accounts,FetchTrainerIds,34994.470,R,trainerID,secretID,,,
accountStats,RetrievePlaytime,34994.471,R,playtime,,,,
sessionSaveData,ReadSessionSaveData,34994.472,R,data,,,,
accounts,UpdateAccountLastActivity,34994.476,W,lastActivity,,,,
sessionSaveData,StoreSessionSaveData,34994.484,W,uuid,slot,data,timeStamp,
accounts,UpdateAccountLastActivity,34994.485,W,lastActivity,,,,
accountStats,UpdateAccountStats,34994.488,W,stats,,,,
systemSaveData,StoreSystemSaveData,34994.519,W,uuid,data,timeStamp,,
sessions,FetchUUIDFromToken,34996.014,R,uuid,,,,
updateAll,,34996.014,,,,,,
activeClientSessions,IsActiveSession,34996.447,R,id,,,,
accounts,FetchTrainerIds,34996.448,R,trainerID,secretID,,,
accountStats,RetrievePlaytime,34996.449,R,playtime,,,,
sessionSaveData,ReadSessionSaveData,34996.449,R,data,,,,
accounts,UpdateAccountLastActivity,34996.454,W,lastActivity,,,,
sessionSaveData,StoreSessionSaveData,34996.481,W,uuid,slot,data,timeStamp,
accounts,UpdateAccountLastActivity,34996.482,W,lastActivity,,,,
accountStats,UpdateAccountStats,34996.484,W,stats,,,,
systemSaveData,StoreSystemSaveData,34996.515,W,uuid,data,timeStamp,,
sessions,FetchUUIDFromToken,34998.588,R,uuid,,,,
updateAll,,34998.588,,,,,,
activeClientSessions,IsActiveSession,34999.009,R,id,,,,
accounts,FetchTrainerIds,34999.010,R,trainerID,secretID,,,
accountStats,RetrievePlaytime,34999.010,R,playtime,,,,
sessionSaveData,ReadSessionSaveData,34999.011,R,data,,,,
accounts,UpdateAccountLastActivity,34999.014,W,lastActivity,,,,
sessionSaveData,StoreSessionSaveData,34999.022,W,uuid,slot,data,timeStamp,
accounts,UpdateAccountLastActivity,34999.023,W,lastActivity,,,,
accountStats,UpdateAccountStats,34999.024,W,stats,,,,
systemSaveData,StoreSystemSaveData,34999.036,W,uuid,data,timeStamp,,
sessions,FetchUUIDFromToken,35016.205,R,uuid,,,,
Info,,35016.205,,,,,,
accounts,FetchUsernameFromUUID,35016.206,R,userName,,,,
accounts,FetchDiscordIdByUsername,35016.207,R,discordId,,,,
accounts,FetchGoogleIdByUsername,35016.209,R,googleId,,,,
sessionSaveData,GetLatestSessionSaveDataSlot,35016.209,R,slot,,,,
sessions,FetchUUIDFromToken,35016.417,R,uuid,,,,
activeClientSessions,IsActiveSession,35016.418,R,id,,,,
get system,,35016.418,,,,,,
activeClientSessions,UpdateActiveSession,35016.420,W,uuid,clientSessionId,,,
systemSaveData,ReadSystemSaveData,35016.421,R,data,,,,
sessions,FetchUUIDFromToken,35016.893,R,uuid,,,,
activeClientSessions,UpdateActiveSession,35016.894,W,uuid,clientSessionId,,,
sessionSaveData,ReadSessionSaveData,35016.894,R,data,,,,
sessions,FetchUUIDFromToken,35067.856,R,uuid,,,,
activeClientSessions,IsActiveSession,35067.857,R,id,,,,
verify system,,35067.857,,,,,,
sessions,FetchUUIDFromToken,35142.483,R,uuid,,,,
updateAll,,35142.483,,,,,,
activeClientSessions,IsActiveSession,35143.271,R,id,,,,
accounts,FetchTrainerIds,35143.272,R,trainerID,secretID,,,
accountStats,RetrievePlaytime,35143.273,R,playtime,,,,
sessionSaveData,ReadSessionSaveData,35143.274,R,data,,,,
accounts,UpdateAccountLastActivity,35143.280,W,lastActivity,,,,
sessionSaveData,StoreSessionSaveData,35143.298,W,uuid,slot,data,timeStamp,
accounts,UpdateAccountLastActivity,35143.299,W,lastActivity,,,,
accountStats,UpdateAccountStats,35143.302,W,stats,,,,
systemSaveData,StoreSystemSaveData,35143.330,W,uuid,data,timeStamp,,
sessions,FetchUUIDFromToken,35208.052,R,uuid,,,,
Info,,35208.052,,,,,,
accounts,FetchUsernameFromUUID,35208.053,R,userName,,,,
accounts,FetchDiscordIdByUsername,35208.054,R,discordId,,,,
accounts,FetchGoogleIdByUsername,35208.055,R,googleId,,,,
sessionSaveData,GetLatestSessionSaveDataSlot,35208.056,R,slot,,,,
sessions,FetchUUIDFromToken,35208.270,R,uuid,,,,
activeClientSessions,IsActiveSession,35208.271,R,id,,,,
get system,,35208.271,,,,,,
activeClientSessions,UpdateActiveSession,35208.273,W,uuid,clientSessionId,,,
systemSaveData,ReadSystemSaveData,35208.274,R,data,,,,
sessions,FetchUUIDFromToken,35208.764,R,uuid,,,,
activeClientSessions,UpdateActiveSession,35208.765,W,uuid,clientSessionId,,,
sessionSaveData,ReadSessionSaveData,35208.766,R,data,,,,
sessions,FetchUUIDFromToken,35250.612,R,uuid,,,,
Info,,35250.612,,,,,,
accounts,FetchUsernameFromUUID,35250.613,R,userName,,,,
accounts,FetchDiscordIdByUsername,35250.614,R,discordId,,,,
accounts,FetchGoogleIdByUsername,35250.615,R,googleId,,,,
sessionSaveData,GetLatestSessionSaveDataSlot,35250.616,R,slot,,,,
sessions,FetchUUIDFromToken,35250.838,R,uuid,,,,
activeClientSessions,IsActiveSession,35250.839,R,id,,,,
get system,,35250.839,,,,,,
activeClientSessions,UpdateActiveSession,35250.841,W,uuid,clientSessionId,,,
systemSaveData,ReadSystemSaveData,35250.842,R,data,,,,
sessions,FetchUUIDFromToken,35251.330,R,uuid,,,,
activeClientSessions,UpdateActiveSession,35251.330,W,uuid,clientSessionId,,,
sessionSaveData,ReadSessionSaveData,35251.331,R,data,,,,
sessions,FetchUUIDFromToken,35290.273,R,uuid,,,,
Info,,35290.274,,,,,,
accounts,FetchUsernameFromUUID,35290.274,R,userName,,,,
accounts,FetchDiscordIdByUsername,35290.276,R,discordId,,,,
accounts,FetchGoogleIdByUsername,35290.277,R,googleId,,,,
sessionSaveData,GetLatestSessionSaveDataSlot,35290.278,R,slot,,,,
sessions,FetchUUIDFromToken,35290.488,R,uuid,,,,
activeClientSessions,IsActiveSession,35290.489,R,id,,,,
get system,,35290.489,,,,,,
activeClientSessions,UpdateActiveSession,35290.491,W,uuid,clientSessionId,,,
systemSaveData,ReadSystemSaveData,35290.492,R,data,,,,
sessions,FetchUUIDFromToken,35290.964,R,uuid,,,,
activeClientSessions,UpdateActiveSession,35290.965,W,uuid,clientSessionId,,,
sessionSaveData,ReadSessionSaveData,35290.966,R,data,,,,
sessions,FetchUUIDFromToken,35448.094,R,uuid,,,,
activeClientSessions,IsActiveSession,35448.095,R,id,,,,
verify system,,35448.095,,,,,,
sessions,FetchUUIDFromToken,35486.233,R,uuid,,,,
Info,,35486.233,,,,,,
accounts,FetchUsernameFromUUID,35486.234,R,userName,,,,
accounts,FetchDiscordIdByUsername,35486.235,R,discordId,,,,
accounts,FetchGoogleIdByUsername,35486.237,R,googleId,,,,
sessionSaveData,GetLatestSessionSaveDataSlot,35486.237,R,slot,,,,
sessions,FetchUUIDFromToken,35486.445,R,uuid,,,,
activeClientSessions,IsActiveSession,35486.446,R,id,,,,
get system,,35486.446,,,,,,
activeClientSessions,UpdateActiveSession,35486.448,W,uuid,clientSessionId,,,
systemSaveData,ReadSystemSaveData,35486.448,R,data,,,,
sessions,FetchUUIDFromToken,35549.173,R,uuid,,,,
Info,,35549.173,,,,,,
accounts,FetchUsernameFromUUID,35549.173,R,userName,,,,
accounts,FetchDiscordIdByUsername,35549.175,R,discordId,,,,
accounts,FetchGoogleIdByUsername,35549.176,R,googleId,,,,
sessionSaveData,GetLatestSessionSaveDataSlot,35549.176,R,slot,,,,
sessions,FetchUUIDFromToken,35549.386,R,uuid,,,,
activeClientSessions,IsActiveSession,35549.387,R,id,,,,
get system,,35549.387,,,,,,
activeClientSessions,UpdateActiveSession,35549.389,W,uuid,clientSessionId,,,
systemSaveData,ReadSystemSaveData,35549.390,R,data,,,,
sessions,FetchUUIDFromToken,35649.059,R,uuid,,,,
activeClientSessions,IsActiveSession,35649.060,R,id,,,,
verify system,,35649.060,,,,,,
sessions,FetchUUIDFromToken,35724.090,R,uuid,,,,
activeClientSessions,IsActiveSession,35724.091,R,id,,,,
verify system,,35724.091,,,,,,
sessions,FetchUUIDFromToken,35751.775,R,uuid,,,,
activeClientSessions,IsActiveSession,35751.776,R,id,,,,
verify system,,35751.776,,,,,,
sessions,FetchUUIDFromToken,35797.872,R,uuid,,,,
updateAll,,35797.872,,,,,,
activeClientSessions,IsActiveSession,35798.742,R,id,,,,
accounts,FetchTrainerIds,35798.743,R,trainerID,secretID,,,
accountStats,RetrievePlaytime,35798.744,R,playtime,,,,
sessionSaveData,ReadSessionSaveData,35798.744,R,data,,,,
accounts,UpdateAccountLastActivity,35798.748,W,lastActivity,,,,
sessionSaveData,StoreSessionSaveData,35798.766,W,uuid,slot,data,timeStamp,
accounts,UpdateAccountLastActivity,35798.767,W,lastActivity,,,,
accountStats,UpdateAccountStats,35798.769,W,stats,,,,
systemSaveData,StoreSystemSaveData,35798.795,W,uuid,data,timeStamp,,
sessions,FetchUUIDFromToken,35834.127,R,uuid,,,,
activeClientSessions,IsActiveSession,35834.128,R,id,,,,
verify system,,35834.128,,,,,,
sessions,FetchUUIDFromToken,35887.784,R,uuid,,,,
Info,,35887.784,,,,,,
accounts,FetchUsernameFromUUID,35887.785,R,userName,,,,
accounts,FetchDiscordIdByUsername,35887.786,R,discordId,,,,
accounts,FetchGoogleIdByUsername,35887.787,R,googleId,,,,
sessionSaveData,GetLatestSessionSaveDataSlot,35887.788,R,slot,,,,
sessions,FetchUUIDFromToken,35887.989,R,uuid,,,,
activeClientSessions,IsActiveSession,35887.990,R,id,,,,
get system,,35887.990,,,,,,
activeClientSessions,UpdateActiveSession,35887.992,W,uuid,clientSessionId,,,
systemSaveData,ReadSystemSaveData,35887.993,R,data,,,,
sessions,FetchUUIDFromToken,36046.436,R,uuid,,,,
Info,,36046.436,,,,,,
accounts,FetchUsernameFromUUID,36046.437,R,userName,,,,
accounts,FetchDiscordIdByUsername,36046.438,R,discordId,,,,
accounts,FetchGoogleIdByUsername,36046.439,R,googleId,,,,
sessionSaveData,GetLatestSessionSaveDataSlot,36046.440,R,slot,,,,
sessions,FetchUUIDFromToken,36046.640,R,uuid,,,,
activeClientSessions,IsActiveSession,36046.640,R,id,,,,
get system,,36046.641,,,,,,
activeClientSessions,UpdateActiveSession,36046.643,W,uuid,clientSessionId,,,
systemSaveData,ReadSystemSaveData,36046.644,R,data,,,,
sessions,FetchUUIDFromToken,36219.962,R,uuid,,,,
activeClientSessions,IsActiveSession,36219.964,R,id,,,,
verify system,,36219.964,,,,,,
sessions,FetchUUIDFromToken,36366.977,R,uuid,,,,
activeClientSessions,IsActiveSession,36366.978,R,id,,,,
verify system,,36366.978,,,,,,
sessions,FetchUUIDFromToken,36387.141,R,uuid,,,,
activeClientSessions,IsActiveSession,36387.142,R,id,,,,
verify system,,36387.142,,,,,,
sessions,FetchUUIDFromToken,36701.763,R,uuid,,,,
Info,,36701.763,,,,,,
accounts,FetchUsernameFromUUID,36701.764,R,userName,,,,
accounts,FetchDiscordIdByUsername,36701.765,R,discordId,,,,
accounts,FetchGoogleIdByUsername,36701.766,R,googleId,,,,
sessionSaveData,GetLatestSessionSaveDataSlot,36701.767,R,slot,,,,
sessions,FetchUUIDFromToken,36701.967,R,uuid,,,,
activeClientSessions,IsActiveSession,36701.968,R,id,,,,
get system,,36701.968,,,,,,
activeClientSessions,UpdateActiveSession,36701.971,W,uuid,clientSessionId,,,
systemSaveData,ReadSystemSaveData,36701.972,R,data,,,,
sessions,FetchUUIDFromToken,36712.351,R,uuid,,,,
Info,,36712.351,,,,,,
accounts,FetchUsernameFromUUID,36712.352,R,userName,,,,
accounts,FetchDiscordIdByUsername,36712.353,R,discordId,,,,
accounts,FetchGoogleIdByUsername,36712.354,R,googleId,,,,
sessionSaveData,GetLatestSessionSaveDataSlot,36712.355,R,slot,,,,
sessions,FetchUUIDFromToken,36712.558,R,uuid,,,,
activeClientSessions,IsActiveSession,36712.559,R,id,,,,
get system,,36712.559,,,,,,
activeClientSessions,UpdateActiveSession,36712.561,W,uuid,clientSessionId,,,
systemSaveData,ReadSystemSaveData,36712.562,R,data,,,,
sessions,FetchUUIDFromToken,36739.564,R,uuid,,,,
Info,,36739.564,,,,,,
accounts,FetchUsernameFromUUID,36739.564,R,userName,,,,
accounts,FetchDiscordIdByUsername,36739.566,R,discordId,,,,
accounts,FetchGoogleIdByUsername,36739.567,R,googleId,,,,
sessionSaveData,GetLatestSessionSaveDataSlot,36739.567,R,slot,,,,
sessions,FetchUUIDFromToken,36739.769,R,uuid,,,,
activeClientSessions,IsActiveSession,36739.770,R,id,,,,
get system,,36739.770,,,,,,
activeClientSessions,UpdateActiveSession,36739.772,W,uuid,clientSessionId,,,
systemSaveData,ReadSystemSaveData,36739.773,R,data,,,,
sessions,FetchUUIDFromToken,36760.028,R,uuid,,,,
Info,,36760.028,,,,,,
accounts,FetchUsernameFromUUID,36760.029,R,userName,,,,
accounts,FetchDiscordIdByUsername,36760.030,R,discordId,,,,
accounts,FetchGoogleIdByUsername,36760.031,R,googleId,,,,
sessionSaveData,GetLatestSessionSaveDataSlot,36760.032,R,slot,,,,
sessions,FetchUUIDFromToken,36760.233,R,uuid,,,,
activeClientSessions,IsActiveSession,36760.233,R,id,,,,
get system,,36760.233,,,,,,
activeClientSessions,UpdateActiveSession,36760.235,W,uuid,clientSessionId,,,
systemSaveData,ReadSystemSaveData,36760.236,R,data,,,,
sessions,FetchUUIDFromToken,36768.940,R,uuid,,,,
Info,,36768.940,,,,,,
accounts,FetchUsernameFromUUID,36768.941,R,userName,,,,
accounts,FetchDiscordIdByUsername,36768.943,R,discordId,,,,
accounts,FetchGoogleIdByUsername,36768.944,R,googleId,,,,
sessionSaveData,GetLatestSessionSaveDataSlot,36768.945,R,slot,,,,
sessions,FetchUUIDFromToken,36769.144,R,uuid,,,,
activeClientSessions,IsActiveSession,36769.145,R,id,,,,
get system,,36769.145,,,,,,
activeClientSessions,UpdateActiveSession,36769.147,W,uuid,clientSessionId,,,
systemSaveData,ReadSystemSaveData,36769.148,R,data,,,,
sessions,FetchUUIDFromToken,36812.327,R,uuid,,,,
Info,,36812.327,,,,,,
accounts,FetchUsernameFromUUID,36812.328,R,userName,,,,
accounts,FetchDiscordIdByUsername,36812.329,R,discordId,,,,
accounts,FetchGoogleIdByUsername,36812.330,R,googleId,,,,
sessionSaveData,GetLatestSessionSaveDataSlot,36812.331,R,slot,,,,
sessions,FetchUUIDFromToken,36812.533,R,uuid,,,,
activeClientSessions,IsActiveSession,36812.534,R,id,,,,
get system,,36812.534,,,,,,
activeClientSessions,UpdateActiveSession,36812.536,W,uuid,clientSessionId,,,
systemSaveData,ReadSystemSaveData,36812.537,R,data,,,,
sessions,FetchUUIDFromToken,37266.757,R,uuid,,,,
Info,,37266.757,,,,,,
accounts,FetchUsernameFromUUID,37266.758,R,userName,,,,
accounts,FetchDiscordIdByUsername,37266.759,R,discordId,,,,
accounts,FetchGoogleIdByUsername,37266.760,R,googleId,,,,
sessionSaveData,GetLatestSessionSaveDataSlot,37266.761,R,slot,,,,
sessions,FetchUUIDFromToken,37266.955,R,uuid,,,,
activeClientSessions,IsActiveSession,37266.956,R,id,,,,
get system,,37266.956,,,,,,
activeClientSessions,UpdateActiveSession,37266.958,W,uuid,clientSessionId,,,
systemSaveData,ReadSystemSaveData,37266.959,R,data,,,,
sessions,FetchUUIDFromToken,37325.518,R,uuid,,,,
Info,,37325.518,,,,,,
accounts,FetchUsernameFromUUID,37325.519,R,userName,,,,
accounts,FetchDiscordIdByUsername,37325.520,R,discordId,,,,
accounts,FetchGoogleIdByUsername,37325.522,R,googleId,,,,
sessionSaveData,GetLatestSessionSaveDataSlot,37325.522,R,slot,,,,
sessions,FetchUUIDFromToken,37325.718,R,uuid,,,,
activeClientSessions,IsActiveSession,37325.719,R,id,,,,
get system,,37325.719,,,,,,
activeClientSessions,UpdateActiveSession,37325.721,W,uuid,clientSessionId,,,
systemSaveData,ReadSystemSaveData,37325.722,R,data,,,,
sessions,FetchUUIDFromToken,37523.656,R,uuid,,,,
Info,,37523.656,,,,,,
accounts,FetchUsernameFromUUID,37523.657,R,userName,,,,
accounts,FetchDiscordIdByUsername,37523.658,R,discordId,,,,
accounts,FetchGoogleIdByUsername,37523.659,R,googleId,,,,
sessionSaveData,GetLatestSessionSaveDataSlot,37523.659,R,slot,,,,
sessions,FetchUUIDFromToken,37523.855,R,uuid,,,,
activeClientSessions,IsActiveSession,37523.856,R,id,,,,
get system,,37523.856,,,,,,
activeClientSessions,UpdateActiveSession,37523.860,W,uuid,clientSessionId,,,
systemSaveData,ReadSystemSaveData,37523.861,R,data,,,,
sessions,FetchUUIDFromToken,37555.350,R,uuid,,,,
Info,,37555.350,,,,,,
accounts,FetchUsernameFromUUID,37555.351,R,userName,,,,
accounts,FetchDiscordIdByUsername,37555.353,R,discordId,,,,
accounts,FetchGoogleIdByUsername,37555.354,R,googleId,,,,
sessionSaveData,GetLatestSessionSaveDataSlot,37555.355,R,slot,,,,
sessions,FetchUUIDFromToken,37555.550,R,uuid,,,,
activeClientSessions,IsActiveSession,37555.551,R,id,,,,
get system,,37555.551,,,,,,
activeClientSessions,UpdateActiveSession,37555.552,W,uuid,clientSessionId,,,
systemSaveData,ReadSystemSaveData,37555.553,R,data,,,,
sessions,FetchUUIDFromToken,37698.669,R,uuid,,,,
updateAll,,37698.669,,,,,,
activeClientSessions,IsActiveSession,37699.482,R,id,,,,
accounts,FetchTrainerIds,37699.482,R,trainerID,secretID,,,
accountStats,RetrievePlaytime,37699.483,R,playtime,,,,
sessionSaveData,ReadSessionSaveData,37699.484,R,data,,,,
accounts,UpdateAccountLastActivity,37699.487,W,lastActivity,,,,
sessionSaveData,StoreSessionSaveData,37699.503,W,uuid,slot,data,timeStamp,
accounts,UpdateAccountLastActivity,37699.505,W,lastActivity,,,,
accountStats,UpdateAccountStats,37699.507,W,stats,,,,
systemSaveData,StoreSystemSaveData,37699.536,W,uuid,data,timeStamp,,
sessions,FetchUUIDFromToken,37734.227,R,uuid,,,,
Info,,37734.227,,,,,,
accounts,FetchUsernameFromUUID,37734.228,R,userName,,,,
accounts,FetchDiscordIdByUsername,37734.229,R,discordId,,,,
accounts,FetchGoogleIdByUsername,37734.230,R,googleId,,,,
sessionSaveData,GetLatestSessionSaveDataSlot,37734.231,R,slot,,,,
sessions,FetchUUIDFromToken,37734.432,R,uuid,,,,
activeClientSessions,IsActiveSession,37734.433,R,id,,,,
get system,,37734.433,,,,,,
activeClientSessions,UpdateActiveSession,37734.436,W,uuid,clientSessionId,,,
systemSaveData,ReadSystemSaveData,37734.437,R,data,,,,
sessions,FetchUUIDFromToken,37734.705,R,uuid,,,,
activeClientSessions,UpdateActiveSession,37734.705,W,uuid,clientSessionId,,,
sessionSaveData,ReadSessionSaveData,37734.706,R,data,,,,
sessions,FetchUUIDFromToken,37747.423,R,uuid,,,,
Info,,37747.424,,,,,,
accounts,FetchUsernameFromUUID,37747.424,R,userName,,,,
accounts,FetchDiscordIdByUsername,37747.425,R,discordId,,,,
accounts,FetchGoogleIdByUsername,37747.426,R,googleId,,,,
sessionSaveData,GetLatestSessionSaveDataSlot,37747.427,R,slot,,,,
sessions,FetchUUIDFromToken,37747.628,R,uuid,,,,
activeClientSessions,IsActiveSession,37747.629,R,id,,,,
get system,,37747.629,,,,,,
activeClientSessions,UpdateActiveSession,37747.634,W,uuid,clientSessionId,,,
systemSaveData,ReadSystemSaveData,37747.635,R,data,,,,
sessions,FetchUUIDFromToken,37747.904,R,uuid,,,,
activeClientSessions,UpdateActiveSession,37747.905,W,uuid,clientSessionId,,,
sessionSaveData,ReadSessionSaveData,37747.906,R,data,,,,
sessions,FetchUUIDFromToken,37771.150,R,uuid,,,,
activeClientSessions,IsActiveSession,37771.151,R,id,,,,
verify system,,37771.151,,,,,,
sessions,FetchUUIDFromToken,37823.280,R,uuid,,,,
activeClientSessions,IsActiveSession,37823.281,R,id,,,,
verify system,,37823.281,,,,,,
sessions,FetchUUIDFromToken,37835.416,R,uuid,,,,
activeClientSessions,IsActiveSession,37835.417,R,id,,,,
verify system,,37835.417,,,,,,
sessions,FetchUUIDFromToken,37851.856,R,uuid,,,,
activeClientSessions,IsActiveSession,37851.857,R,id,,,,
verify system,,37851.857,,,,,,
sessions,FetchUUIDFromToken,37866.906,R,uuid,,,,
Info,,37866.906,,,,,,
accounts,FetchUsernameFromUUID,37866.906,R,userName,,,,
accounts,FetchDiscordIdByUsername,37866.907,R,discordId,,,,
accounts,FetchGoogleIdByUsername,37866.909,R,googleId,,,,
sessionSaveData,GetLatestSessionSaveDataSlot,37866.909,R,slot,,,,
sessions,FetchUUIDFromToken,37867.114,R,uuid,,,,
activeClientSessions,IsActiveSession,37867.115,R,id,,,,
get system,,37867.115,,,,,,
activeClientSessions,UpdateActiveSession,37867.117,W,uuid,clientSessionId,,,
systemSaveData,ReadSystemSaveData,37867.118,R,data,,,,
sessions,FetchUUIDFromToken,37897.115,R,uuid,,,,
Info,,37897.115,,,,,,
accounts,FetchUsernameFromUUID,37897.116,R,userName,,,,
accounts,FetchDiscordIdByUsername,37897.118,R,discordId,,,,
accounts,FetchGoogleIdByUsername,37897.119,R,googleId,,,,
sessionSaveData,GetLatestSessionSaveDataSlot,37897.120,R,slot,,,,
sessions,FetchUUIDFromToken,37897.324,R,uuid,,,,
activeClientSessions,IsActiveSession,37897.325,R,id,,,,
get system,,37897.325,,,,,,
activeClientSessions,UpdateActiveSession,37897.327,W,uuid,clientSessionId,,,
systemSaveData,ReadSystemSaveData,37897.328,R,data,,,,
sessions,FetchUUIDFromToken,37949.953,R,uuid,,,,
Info,,37949.953,,,,,,
accounts,FetchUsernameFromUUID,37949.954,R,userName,,,,
accounts,FetchDiscordIdByUsername,37949.955,R,discordId,,,,
accounts,FetchGoogleIdByUsername,37949.956,R,googleId,,,,
sessionSaveData,GetLatestSessionSaveDataSlot,37949.957,R,slot,,,,
sessions,FetchUUIDFromToken,37950.164,R,uuid,,,,
activeClientSessions,IsActiveSession,37950.164,R,id,,,,
get system,,37950.164,,,,,,
activeClientSessions,UpdateActiveSession,37950.166,W,uuid,clientSessionId,,,
systemSaveData,ReadSystemSaveData,37950.167,R,data,,,,
sessions,FetchUUIDFromToken,38143.173,R,uuid,,,,
Info,,38143.173,,,,,,
accounts,FetchUsernameFromUUID,38143.173,R,userName,,,,
accounts,FetchDiscordIdByUsername,38143.174,R,discordId,,,,
accounts,FetchGoogleIdByUsername,38143.175,R,googleId,,,,
sessionSaveData,GetLatestSessionSaveDataSlot,38143.176,R,slot,,,,
sessions,FetchUUIDFromToken,38143.389,R,uuid,,,,
activeClientSessions,IsActiveSession,38143.390,R,id,,,,
get system,,38143.390,,,,,,
activeClientSessions,UpdateActiveSession,38143.392,W,uuid,clientSessionId,,,
systemSaveData,ReadSystemSaveData,38143.392,R,data,,,,
sessions,FetchUUIDFromToken,38457.764,R,uuid,,,,
Info,,38457.764,,,,,,
accounts,FetchUsernameFromUUID,38457.765,R,userName,,,,
accounts,FetchDiscordIdByUsername,38457.766,R,discordId,,,,
accounts,FetchGoogleIdByUsername,38457.767,R,googleId,,,,
sessionSaveData,GetLatestSessionSaveDataSlot,38457.768,R,slot,,,,
sessions,FetchUUIDFromToken,38457.963,R,uuid,,,,
activeClientSessions,IsActiveSession,38457.964,R,id,,,,
get system,,38457.964,,,,,,
activeClientSessions,UpdateActiveSession,38457.966,W,uuid,clientSessionId,,,
systemSaveData,ReadSystemSaveData,38457.967,R,data,,,,
sessions,FetchUUIDFromToken,38544.534,R,uuid,,,,
Info,,38544.534,,,,,,
accounts,FetchUsernameFromUUID,38544.535,R,userName,,,,
accounts,FetchDiscordIdByUsername,38544.536,R,discordId,,,,
accounts,FetchGoogleIdByUsername,38544.538,R,googleId,,,,
sessionSaveData,GetLatestSessionSaveDataSlot,38544.539,R,slot,,,,
sessions,FetchUUIDFromToken,38544.757,R,uuid,,,,
activeClientSessions,IsActiveSession,38544.758,R,id,,,,
get system,,38544.758,,,,,,
activeClientSessions,UpdateActiveSession,38544.759,W,uuid,clientSessionId,,,
systemSaveData,ReadSystemSaveData,38544.760,R,data,,,,
sessions,FetchUUIDFromToken,38581.118,R,uuid,,,,
Info,,38581.118,,,,,,
accounts,FetchUsernameFromUUID,38581.118,R,userName,,,,
accounts,FetchDiscordIdByUsername,38581.120,R,discordId,,,,
accounts,FetchGoogleIdByUsername,38581.121,R,googleId,,,,
sessionSaveData,GetLatestSessionSaveDataSlot,38581.122,R,slot,,,,
sessions,FetchUUIDFromToken,38581.328,R,uuid,,,,
activeClientSessions,IsActiveSession,38581.328,R,id,,,,
get system,,38581.329,,,,,,
activeClientSessions,UpdateActiveSession,38581.330,W,uuid,clientSessionId,,,
systemSaveData,ReadSystemSaveData,38581.331,R,data,,,,
sessions,FetchUUIDFromToken,38817.532,R,uuid,,,,
Info,,38817.532,,,,,,
accounts,FetchUsernameFromUUID,38817.533,R,userName,,,,
accounts,FetchDiscordIdByUsername,38817.535,R,discordId,,,,
accounts,FetchGoogleIdByUsername,38817.536,R,googleId,,,,
sessionSaveData,GetLatestSessionSaveDataSlot,38817.537,R,slot,,,,
sessions,FetchUUIDFromToken,38817.743,R,uuid,,,,
activeClientSessions,IsActiveSession,38817.744,R,id,,,,
get system,,38817.744,,,,,,
activeClientSessions,UpdateActiveSession,38817.746,W,uuid,clientSessionId,,,
systemSaveData,ReadSystemSaveData,38817.747,R,data,,,,
sessions,FetchUUIDFromToken,39443.745,R,uuid,,,,
Info,,39443.745,,,,,,
accounts,FetchUsernameFromUUID,39443.746,R,userName,,,,
accounts,FetchDiscordIdByUsername,39443.747,R,discordId,,,,
accounts,FetchGoogleIdByUsername,39443.748,R,googleId,,,,
sessionSaveData,GetLatestSessionSaveDataSlot,39443.749,R,slot,,,,
sessions,FetchUUIDFromToken,39443.949,R,uuid,,,,
activeClientSessions,IsActiveSession,39443.950,R,id,,,,
get system,,39443.950,,,,,,
activeClientSessions,UpdateActiveSession,39443.952,W,uuid,clientSessionId,,,
systemSaveData,ReadSystemSaveData,39443.953,R,data,,,,
sessions,FetchUUIDFromToken,39591.524,R,uuid,,,,
Info,,39591.524,,,,,,
accounts,FetchUsernameFromUUID,39591.525,R,userName,,,,
accounts,FetchDiscordIdByUsername,39591.526,R,discordId,,,,
accounts,FetchGoogleIdByUsername,39591.527,R,googleId,,,,
sessionSaveData,GetLatestSessionSaveDataSlot,39591.528,R,slot,,,,
sessions,FetchUUIDFromToken,39591.730,R,uuid,,,,
activeClientSessions,IsActiveSession,39591.732,R,id,,,,
get system,,39591.732,,,,,,
activeClientSessions,UpdateActiveSession,39591.736,W,uuid,clientSessionId,,,
systemSaveData,ReadSystemSaveData,39591.737,R,data,,,,
sessions,FetchUUIDFromToken,39657.026,R,uuid,,,,
Info,,39657.026,,,,,,
accounts,FetchUsernameFromUUID,39657.026,R,userName,,,,
accounts,FetchDiscordIdByUsername,39657.027,R,discordId,,,,
accounts,FetchGoogleIdByUsername,39657.029,R,googleId,,,,
sessionSaveData,GetLatestSessionSaveDataSlot,39657.030,R,slot,,,,
sessions,FetchUUIDFromToken,39657.232,R,uuid,,,,
activeClientSessions,IsActiveSession,39657.233,R,id,,,,
get system,,39657.233,,,,,,
activeClientSessions,UpdateActiveSession,39657.235,W,uuid,clientSessionId,,,
systemSaveData,ReadSystemSaveData,39657.235,R,data,,,,
sessions,FetchUUIDFromToken,39710.012,R,uuid,,,,
Info,,39710.012,,,,,,
accounts,FetchUsernameFromUUID,39710.013,R,userName,,,,
accounts,FetchDiscordIdByUsername,39710.014,R,discordId,,,,
accounts,FetchGoogleIdByUsername,39710.015,R,googleId,,,,
sessionSaveData,GetLatestSessionSaveDataSlot,39710.016,R,slot,,,,
sessions,FetchUUIDFromToken,39710.220,R,uuid,,,,
activeClientSessions,IsActiveSession,39710.220,R,id,,,,
get system,,39710.220,,,,,,
activeClientSessions,UpdateActiveSession,39710.223,W,uuid,clientSessionId,,,
systemSaveData,ReadSystemSaveData,39710.224,R,data,,,,
sessions,FetchUUIDFromToken,40161.999,R,uuid,,,,
Info,,40161.999,,,,,,
accounts,FetchUsernameFromUUID,40162.000,R,userName,,,,
accounts,FetchDiscordIdByUsername,40162.000,R,discordId,,,,
accounts,FetchGoogleIdByUsername,40162.002,R,googleId,,,,
sessionSaveData,GetLatestSessionSaveDataSlot,40162.002,R,slot,,,,
sessions,FetchUUIDFromToken,40162.204,R,uuid,,,,
activeClientSessions,IsActiveSession,40162.204,R,id,,,,
get system,,40162.205,,,,,,
activeClientSessions,UpdateActiveSession,40162.208,W,uuid,clientSessionId,,,
systemSaveData,ReadSystemSaveData,40162.209,R,data,,,,
sessions,FetchUUIDFromToken,40259.091,R,uuid,,,,
Info,,40259.091,,,,,,
accounts,FetchUsernameFromUUID,40259.091,R,userName,,,,
accounts,FetchDiscordIdByUsername,40259.093,R,discordId,,,,
accounts,FetchGoogleIdByUsername,40259.094,R,googleId,,,,
sessionSaveData,GetLatestSessionSaveDataSlot,40259.094,R,slot,,,,
sessions,FetchUUIDFromToken,40259.289,R,uuid,,,,
activeClientSessions,IsActiveSession,40259.290,R,id,,,,
get system,,40259.290,,,,,,
activeClientSessions,UpdateActiveSession,40259.292,W,uuid,clientSessionId,,,
systemSaveData,ReadSystemSaveData,40259.293,R,data,,,,
sessions,FetchUUIDFromToken,40345.714,R,uuid,,,,
Info,,40345.715,,,,,,
accounts,FetchUsernameFromUUID,40345.715,R,userName,,,,
accounts,FetchDiscordIdByUsername,40345.716,R,discordId,,,,
accounts,FetchGoogleIdByUsername,40345.717,R,googleId,,,,
sessionSaveData,GetLatestSessionSaveDataSlot,40345.718,R,slot,,,,
sessions,FetchUUIDFromToken,40345.918,R,uuid,,,,
activeClientSessions,IsActiveSession,40345.919,R,id,,,,
get system,,40345.919,,,,,,
activeClientSessions,UpdateActiveSession,40345.921,W,uuid,clientSessionId,,,
systemSaveData,ReadSystemSaveData,40345.922,R,data,,,,
sessions,FetchUUIDFromToken,40841.141,R,uuid,,,,
updateAll,,40841.141,,,,,,
activeClientSessions,IsActiveSession,40841.969,R,id,,,,
accounts,FetchTrainerIds,40841.970,R,trainerID,secretID,,,
accountStats,RetrievePlaytime,40841.971,R,playtime,,,,
sessionSaveData,ReadSessionSaveData,40841.971,R,data,,,,
accounts,UpdateAccountLastActivity,40841.975,W,lastActivity,,,,
sessionSaveData,StoreSessionSaveData,40841.992,W,uuid,slot,data,timeStamp,
accounts,UpdateAccountLastActivity,40841.993,W,lastActivity,,,,
accountStats,UpdateAccountStats,40841.997,W,stats,,,,
systemSaveData,StoreSystemSaveData,40842.023,W,uuid,data,timeStamp,,
sessions,FetchUUIDFromToken,40869.409,R,uuid,,,,
activeClientSessions,IsActiveSession,40869.410,R,id,,,,
verify system,,40869.410,,,,,,
sessions,FetchUUIDFromToken,40917.320,R,uuid,,,,
activeClientSessions,IsActiveSession,40917.321,R,id,,,,
verify system,,40917.321,,,,,,
sessions,FetchUUIDFromToken,40957.296,R,uuid,,,,
activeClientSessions,IsActiveSession,40957.297,R,id,,,,
verify system,,40957.297,,,,,,
sessions,FetchUUIDFromToken,40972.300,R,uuid,,,,
activeClientSessions,IsActiveSession,40972.301,R,id,,,,
verify system,,40972.301,,,,,,
sessions,FetchUUIDFromToken,41017.787,R,uuid,,,,
updateAll,,41017.787,,,,,,
activeClientSessions,IsActiveSession,41018.788,R,id,,,,
accounts,FetchTrainerIds,41018.789,R,trainerID,secretID,,,
accountStats,RetrievePlaytime,41018.790,R,playtime,,,,
sessionSaveData,ReadSessionSaveData,41018.791,R,data,,,,
accounts,UpdateAccountLastActivity,41018.795,W,lastActivity,,,,
sessionSaveData,StoreSessionSaveData,41018.814,W,uuid,slot,data,timeStamp,
accounts,UpdateAccountLastActivity,41018.815,W,lastActivity,,,,
accountStats,UpdateAccountStats,41018.817,W,stats,,,,
systemSaveData,StoreSystemSaveData,41018.842,W,uuid,data,timeStamp,,
sessions,FetchUUIDFromToken,41041.290,R,uuid,,,,
activeClientSessions,IsActiveSession,41041.291,R,id,,,,
verify system,,41041.291,,,,,,
sessions,FetchUUIDFromToken,41056.410,R,uuid,,,,
activeClientSessions,IsActiveSession,41056.411,R,id,,,,
verify system,,41056.411,,,,,,
sessions,FetchUUIDFromToken,41078.302,R,uuid,,,,
activeClientSessions,IsActiveSession,41078.302,R,id,,,,
verify system,,41078.302,,,,,,
sessions,FetchUUIDFromToken,41150.948,R,uuid,,,,
activeClientSessions,IsActiveSession,41150.948,R,id,,,,
verify system,,41150.948,,,,,,
sessions,FetchUUIDFromToken,41216.884,R,uuid,,,,
updateAll,,41216.884,,,,,,
activeClientSessions,IsActiveSession,41218.206,R,id,,,,
accounts,FetchTrainerIds,41218.207,R,trainerID,secretID,,,
accountStats,RetrievePlaytime,41218.208,R,playtime,,,,
sessionSaveData,ReadSessionSaveData,41218.209,R,data,,,,
accounts,UpdateAccountLastActivity,41218.213,W,lastActivity,,,,
sessionSaveData,StoreSessionSaveData,41218.230,W,uuid,slot,data,timeStamp,
accounts,UpdateAccountLastActivity,41218.231,W,lastActivity,,,,
accountStats,UpdateAccountStats,41218.232,W,stats,,,,
systemSaveData,StoreSystemSaveData,41218.260,W,uuid,data,timeStamp,,
sessions,FetchUUIDFromToken,41257.189,R,uuid,,,,
activeClientSessions,IsActiveSession,41257.190,R,id,,,,
verify system,,41257.190,,,,,,
sessions,FetchUUIDFromToken,41284.002,R,uuid,,,,
activeClientSessions,IsActiveSession,41284.003,R,id,,,,
verify system,,41284.003,,,,,,
sessions,FetchUUIDFromToken,41327.637,R,uuid,,,,
activeClientSessions,IsActiveSession,41327.638,R,id,,,,
verify system,,41327.638,,,,,,
sessions,FetchUUIDFromToken,41335.984,R,uuid,,,,
updateAll,,41335.984,,,,,,
activeClientSessions,IsActiveSession,41336.943,R,id,,,,
accounts,FetchTrainerIds,41336.944,R,trainerID,secretID,,,
accountStats,RetrievePlaytime,41336.945,R,playtime,,,,
sessionSaveData,ReadSessionSaveData,41336.945,R,data,,,,
accounts,UpdateAccountLastActivity,41336.950,W,lastActivity,,,,
sessionSaveData,StoreSessionSaveData,41336.963,W,uuid,slot,data,timeStamp,
accounts,UpdateAccountLastActivity,41336.964,W,lastActivity,,,,
accountStats,UpdateAccountStats,41336.965,W,stats,,,,
systemSaveData,StoreSystemSaveData,41336.996,W,uuid,data,timeStamp,,
sessions,FetchUUIDFromToken,41338.586,R,uuid,,,,
updateAll,,41338.586,,,,,,
activeClientSessions,IsActiveSession,41338.999,R,id,,,,
accounts,FetchTrainerIds,41339.000,R,trainerID,secretID,,,
accountStats,RetrievePlaytime,41339.000,R,playtime,,,,
sessionSaveData,ReadSessionSaveData,41339.001,R,data,,,,
accounts,UpdateAccountLastActivity,41339.004,W,lastActivity,,,,
sessionSaveData,StoreSessionSaveData,41339.013,W,uuid,slot,data,timeStamp,
accounts,UpdateAccountLastActivity,41339.014,W,lastActivity,,,,
accountStats,UpdateAccountStats,41339.016,W,stats,,,,
systemSaveData,StoreSystemSaveData,41339.032,W,uuid,data,timeStamp,,
sessions,FetchUUIDFromToken,41340.554,R,uuid,,,,
updateAll,,41340.554,,,,,,
activeClientSessions,IsActiveSession,41340.949,R,id,,,,
accounts,FetchTrainerIds,41340.950,R,trainerID,secretID,,,
accountStats,RetrievePlaytime,41340.951,R,playtime,,,,
sessionSaveData,ReadSessionSaveData,41340.952,R,data,,,,
accounts,UpdateAccountLastActivity,41340.957,W,lastActivity,,,,
sessionSaveData,StoreSessionSaveData,41340.970,W,uuid,slot,data,timeStamp,
accounts,UpdateAccountLastActivity,41340.971,W,lastActivity,,,,
accountStats,UpdateAccountStats,41340.973,W,stats,,,,
systemSaveData,StoreSystemSaveData,41340.989,W,uuid,data,timeStamp,,
sessions,FetchUUIDFromToken,41343.060,R,uuid,,,,
updateAll,,41343.060,,,,,,
activeClientSessions,IsActiveSession,41343.505,R,id,,,,
accounts,FetchTrainerIds,41343.505,R,trainerID,secretID,,,
accountStats,RetrievePlaytime,41343.506,R,playtime,,,,
sessionSaveData,ReadSessionSaveData,41343.507,R,data,,,,
accounts,UpdateAccountLastActivity,41343.510,W,lastActivity,,,,
sessionSaveData,StoreSessionSaveData,41343.520,W,uuid,slot,data,timeStamp,
accounts,UpdateAccountLastActivity,41343.521,W,lastActivity,,,,
accountStats,UpdateAccountStats,41343.523,W,stats,,,,
systemSaveData,StoreSystemSaveData,41343.547,W,uuid,data,timeStamp,,
sessions,FetchUUIDFromToken,41375.984,R,uuid,,,,
activeClientSessions,IsActiveSession,41375.985,R,id,,,,
verify system,,41375.985,,,,,,
sessions,FetchUUIDFromToken,41426.810,R,uuid,,,,
updateAll,,41426.810,,,,,,
activeClientSessions,IsActiveSession,41428.069,R,id,,,,
accounts,FetchTrainerIds,41428.070,R,trainerID,secretID,,,
accountStats,RetrievePlaytime,41428.071,R,playtime,,,,
sessionSaveData,ReadSessionSaveData,41428.071,R,data,,,,
accounts,UpdateAccountLastActivity,41428.076,W,lastActivity,,,,
sessionSaveData,StoreSessionSaveData,41428.086,W,uuid,slot,data,timeStamp,
accounts,UpdateAccountLastActivity,41428.087,W,lastActivity,,,,
accountStats,UpdateAccountStats,41428.089,W,stats,,,,
systemSaveData,StoreSystemSaveData,41428.102,W,uuid,data,timeStamp,,
sessions,FetchUUIDFromToken,41460.677,R,uuid,,,,
activeClientSessions,IsActiveSession,41460.678,R,id,,,,
verify system,,41460.678,,,,,,
sessions,FetchUUIDFromToken,41477.271,R,uuid,,,,
activeClientSessions,IsActiveSession,41477.272,R,id,,,,
verify system,,41477.272,,,,,,
sessions,FetchUUIDFromToken,41505.510,R,uuid,,,,
activeClientSessions,IsActiveSession,41505.511,R,id,,,,
verify system,,41505.511,,,,,,
sessions,FetchUUIDFromToken,41540.902,R,uuid,,,,
activeClientSessions,IsActiveSession,41540.903,R,id,,,,
verify system,,41540.903,,,,,,
sessions,FetchUUIDFromToken,41553.610,R,uuid,,,,
Info,,41553.610,,,,,,
accounts,FetchUsernameFromUUID,41553.611,R,userName,,,,
accounts,FetchDiscordIdByUsername,41553.612,R,discordId,,,,
accounts,FetchGoogleIdByUsername,41553.613,R,googleId,,,,
sessionSaveData,GetLatestSessionSaveDataSlot,41553.614,R,slot,,,,
sessions,FetchUUIDFromToken,41553.821,R,uuid,,,,
activeClientSessions,IsActiveSession,41553.822,R,id,,,,
get system,,41553.822,,,,,,
activeClientSessions,UpdateActiveSession,41553.824,W,uuid,clientSessionId,,,
systemSaveData,ReadSystemSaveData,41553.825,R,data,,,,
sessions,FetchUUIDFromToken,42064.539,R,uuid,,,,
Info,,42064.540,,,,,,
accounts,FetchUsernameFromUUID,42064.540,R,userName,,,,
accounts,FetchDiscordIdByUsername,42064.541,R,discordId,,,,
accounts,FetchGoogleIdByUsername,42064.542,R,googleId,,,,
sessionSaveData,GetLatestSessionSaveDataSlot,42064.543,R,slot,,,,
sessions,FetchUUIDFromToken,42064.750,R,uuid,,,,
activeClientSessions,IsActiveSession,42064.750,R,id,,,,
get system,,42064.750,,,,,,
activeClientSessions,UpdateActiveSession,42064.752,W,uuid,clientSessionId,,,
systemSaveData,ReadSystemSaveData,42064.753,R,data,,,,
sessions,FetchUUIDFromToken,42315.270,R,uuid,,,,
Info,,42315.270,,,,,,
accounts,FetchUsernameFromUUID,42315.270,R,userName,,,,
accounts,FetchDiscordIdByUsername,42315.272,R,discordId,,,,
accounts,FetchGoogleIdByUsername,42315.273,R,googleId,,,,
sessionSaveData,GetLatestSessionSaveDataSlot,42315.273,R,slot,,,,
sessions,FetchUUIDFromToken,42315.479,R,uuid,,,,
activeClientSessions,IsActiveSession,42315.479,R,id,,,,
get system,,42315.479,,,,,,
activeClientSessions,UpdateActiveSession,42315.481,W,uuid,clientSessionId,,,
systemSaveData,ReadSystemSaveData,42315.482,R,data,,,,
sessions,FetchUUIDFromToken,42368.367,R,uuid,,,,
Info,,42368.367,,,,,,
accounts,FetchUsernameFromUUID,42368.368,R,userName,,,,
accounts,FetchDiscordIdByUsername,42368.368,R,discordId,,,,
accounts,FetchGoogleIdByUsername,42368.370,R,googleId,,,,
sessionSaveData,GetLatestSessionSaveDataSlot,42368.371,R,slot,,,,
sessions,FetchUUIDFromToken,42368.577,R,uuid,,,,
activeClientSessions,IsActiveSession,42368.578,R,id,,,,
get system,,42368.578,,,,,,
activeClientSessions,UpdateActiveSession,42368.593,W,uuid,clientSessionId,,,
systemSaveData,ReadSystemSaveData,42368.594,R,data,,,,
sessions,FetchUUIDFromToken,42392.111,R,uuid,,,,
Info,,42392.111,,,,,,
accounts,FetchUsernameFromUUID,42392.111,R,userName,,,,
accounts,FetchDiscordIdByUsername,42392.112,R,discordId,,,,
accounts,FetchGoogleIdByUsername,42392.113,R,googleId,,,,
sessionSaveData,GetLatestSessionSaveDataSlot,42392.114,R,slot,,,,
sessions,FetchUUIDFromToken,42392.318,R,uuid,,,,
activeClientSessions,IsActiveSession,42392.319,R,id,,,,
get system,,42392.319,,,,,,
activeClientSessions,UpdateActiveSession,42392.321,W,uuid,clientSessionId,,,
systemSaveData,ReadSystemSaveData,42392.322,R,data,,,,
sessions,FetchUUIDFromToken,42443.433,R,uuid,,,,
Info,,42443.433,,,,,,
accounts,FetchUsernameFromUUID,42443.434,R,userName,,,,
accounts,FetchDiscordIdByUsername,42443.435,R,discordId,,,,
accounts,FetchGoogleIdByUsername,42443.436,R,googleId,,,,
sessionSaveData,GetLatestSessionSaveDataSlot,42443.437,R,slot,,,,
sessions,FetchUUIDFromToken,42443.645,R,uuid,,,,
activeClientSessions,IsActiveSession,42443.645,R,id,,,,
get system,,42443.645,,,,,,
activeClientSessions,UpdateActiveSession,42443.648,W,uuid,clientSessionId,,,
systemSaveData,ReadSystemSaveData,42443.648,R,data,,,,
sessions,FetchUUIDFromToken,42503.867,R,uuid,,,,
Info,,42503.867,,,,,,
accounts,FetchUsernameFromUUID,42503.868,R,userName,,,,
accounts,FetchDiscordIdByUsername,42503.869,R,discordId,,,,
accounts,FetchGoogleIdByUsername,42503.870,R,googleId,,,,
sessionSaveData,GetLatestSessionSaveDataSlot,42503.871,R,slot,,,,
sessions,FetchUUIDFromToken,42504.076,R,uuid,,,,
activeClientSessions,IsActiveSession,42504.077,R,id,,,,
get system,,42504.077,,,,,,
activeClientSessions,UpdateActiveSession,42504.078,W,uuid,clientSessionId,,,
systemSaveData,ReadSystemSaveData,42504.079,R,data,,,,
sessions,FetchUUIDFromToken,42520.364,R,uuid,,,,
Info,,42520.364,,,,,,
accounts,FetchUsernameFromUUID,42520.364,R,userName,,,,
accounts,FetchDiscordIdByUsername,42520.366,R,discordId,,,,
accounts,FetchGoogleIdByUsername,42520.367,R,googleId,,,,
sessionSaveData,GetLatestSessionSaveDataSlot,42520.368,R,slot,,,,
sessions,FetchUUIDFromToken,42520.588,R,uuid,,,,
activeClientSessions,IsActiveSession,42520.589,R,id,,,,
get system,,42520.589,,,,,,
activeClientSessions,UpdateActiveSession,42520.591,W,uuid,clientSessionId,,,
systemSaveData,ReadSystemSaveData,42520.591,R,data,,,,
sessions,FetchUUIDFromToken,42537.807,R,uuid,,,,
Info,,42537.807,,,,,,
accounts,FetchUsernameFromUUID,42537.808,R,userName,,,,
accounts,FetchDiscordIdByUsername,42537.809,R,discordId,,,,
accounts,FetchGoogleIdByUsername,42537.810,R,googleId,,,,
sessionSaveData,GetLatestSessionSaveDataSlot,42537.811,R,slot,,,,
sessions,FetchUUIDFromToken,42538.020,R,uuid,,,,
activeClientSessions,IsActiveSession,42538.020,R,id,,,,
get system,,42538.020,,,,,,
activeClientSessions,UpdateActiveSession,42538.022,W,uuid,clientSessionId,,,
systemSaveData,ReadSystemSaveData,42538.023,R,data,,,,
sessions,FetchUUIDFromToken,42562.961,R,uuid,,,,
Info,,42562.961,,,,,,
accounts,FetchUsernameFromUUID,42562.961,R,userName,,,,
accounts,FetchDiscordIdByUsername,42562.962,R,discordId,,,,
accounts,FetchGoogleIdByUsername,42562.963,R,googleId,,,,
sessionSaveData,GetLatestSessionSaveDataSlot,42562.964,R,slot,,,,
sessions,FetchUUIDFromToken,42563.171,R,uuid,,,,
activeClientSessions,IsActiveSession,42563.172,R,id,,,,
get system,,42563.172,,,,,,
activeClientSessions,UpdateActiveSession,42563.174,W,uuid,clientSessionId,,,
systemSaveData,ReadSystemSaveData,42563.174,R,data,,,,
sessions,FetchUUIDFromToken,42859.464,R,uuid,,,,
Info,,42859.464,,,,,,
accounts,FetchUsernameFromUUID,42859.465,R,userName,,,,
accounts,FetchDiscordIdByUsername,42859.466,R,discordId,,,,
accounts,FetchGoogleIdByUsername,42859.467,R,googleId,,,,
sessionSaveData,GetLatestSessionSaveDataSlot,42859.468,R,slot,,,,
sessions,FetchUUIDFromToken,42859.675,R,uuid,,,,
activeClientSessions,IsActiveSession,42859.676,R,id,,,,
get system,,42859.676,,,,,,
activeClientSessions,UpdateActiveSession,42859.678,W,uuid,clientSessionId,,,
systemSaveData,ReadSystemSaveData,42859.679,R,data,,,,
sessions,FetchUUIDFromToken,42879.879,R,uuid,,,,
Info,,42879.879,,,,,,
accounts,FetchUsernameFromUUID,42879.879,R,userName,,,,
accounts,FetchDiscordIdByUsername,42879.880,R,discordId,,,,
accounts,FetchGoogleIdByUsername,42879.882,R,googleId,,,,
sessionSaveData,GetLatestSessionSaveDataSlot,42879.882,R,slot,,,,
sessions,FetchUUIDFromToken,42880.088,R,uuid,,,,
activeClientSessions,IsActiveSession,42880.089,R,id,,,,
get system,,42880.089,,,,,,
activeClientSessions,UpdateActiveSession,42880.091,W,uuid,clientSessionId,,,
systemSaveData,ReadSystemSaveData,42880.091,R,data,,,,
sessions,FetchUUIDFromToken,42897.747,R,uuid,,,,
Info,,42897.747,,,,,,
accounts,FetchUsernameFromUUID,42897.748,R,userName,,,,
accounts,FetchDiscordIdByUsername,42897.749,R,discordId,,,,
accounts,FetchGoogleIdByUsername,42897.750,R,googleId,,,,
sessionSaveData,GetLatestSessionSaveDataSlot,42897.751,R,slot,,,,
sessions,FetchUUIDFromToken,42897.962,R,uuid,,,,
activeClientSessions,IsActiveSession,42897.962,R,id,,,,
get system,,42897.962,,,,,,
activeClientSessions,UpdateActiveSession,42897.964,W,uuid,clientSessionId,,,
systemSaveData,ReadSystemSaveData,42897.965,R,data,,,,
sessions,FetchUUIDFromToken,42975.597,R,uuid,,,,
Info,,42975.598,,,,,,
accounts,FetchUsernameFromUUID,42975.598,R,userName,,,,
accounts,FetchDiscordIdByUsername,42975.599,R,discordId,,,,
accounts,FetchGoogleIdByUsername,42975.600,R,googleId,,,,
sessionSaveData,GetLatestSessionSaveDataSlot,42975.600,R,slot,,,,
sessions,FetchUUIDFromToken,42975.805,R,uuid,,,,
activeClientSessions,IsActiveSession,42975.806,R,id,,,,
get system,,42975.806,,,,,,
activeClientSessions,UpdateActiveSession,42975.808,W,uuid,clientSessionId,,,
systemSaveData,ReadSystemSaveData,42975.809,R,data,,,,
sessions,FetchUUIDFromToken,43012.881,R,uuid,,,,
Info,,43012.881,,,,,,
accounts,FetchUsernameFromUUID,43012.882,R,userName,,,,
accounts,FetchDiscordIdByUsername,43012.883,R,discordId,,,,
accounts,FetchGoogleIdByUsername,43012.884,R,googleId,,,,
sessionSaveData,GetLatestSessionSaveDataSlot,43012.885,R,slot,,,,
sessions,FetchUUIDFromToken,43013.096,R,uuid,,,,
activeClientSessions,IsActiveSession,43013.096,R,id,,,,
get system,,43013.096,,,,,,
activeClientSessions,UpdateActiveSession,43013.098,W,uuid,clientSessionId,,,
systemSaveData,ReadSystemSaveData,43013.099,R,data,,,,
sessions,FetchUUIDFromToken,43299.669,R,uuid,,,,
updateAll,,43299.669,,,,,,
activeClientSessions,IsActiveSession,43300.516,R,id,,,,
accounts,FetchTrainerIds,43300.517,R,trainerID,secretID,,,
accountStats,RetrievePlaytime,43300.517,R,playtime,,,,
sessionSaveData,ReadSessionSaveData,43300.518,R,data,,,,
accounts,UpdateAccountLastActivity,43300.521,W,lastActivity,,,,
sessionSaveData,StoreSessionSaveData,43300.537,W,uuid,slot,data,timeStamp,
accounts,UpdateAccountLastActivity,43300.538,W,lastActivity,,,,
accountStats,UpdateAccountStats,43300.540,W,stats,,,,
systemSaveData,StoreSystemSaveData,43300.566,W,uuid,data,timeStamp,,
sessions,FetchUUIDFromToken,43327.899,R,uuid,,,,
activeClientSessions,IsActiveSession,43327.900,R,id,,,,
verify system,,43327.900,,,,,,
sessions,FetchUUIDFromToken,43350.254,R,uuid,,,,
activeClientSessions,IsActiveSession,43350.255,R,id,,,,
verify system,,43350.255,,,,,,
sessions,FetchUUIDFromToken,43381.080,R,uuid,,,,
activeClientSessions,IsActiveSession,43381.081,R,id,,,,
verify system,,43381.081,,,,,,
sessions,FetchUUIDFromToken,43393.483,R,uuid,,,,
Info,,43393.483,,,,,,
accounts,FetchUsernameFromUUID,43393.484,R,userName,,,,
accounts,FetchDiscordIdByUsername,43393.485,R,discordId,,,,
accounts,FetchGoogleIdByUsername,43393.486,R,googleId,,,,
sessionSaveData,GetLatestSessionSaveDataSlot,43393.487,R,slot,,,,
sessions,FetchUUIDFromToken,43393.678,R,uuid,,,,
activeClientSessions,IsActiveSession,43393.679,R,id,,,,
get system,,43393.679,,,,,,
activeClientSessions,UpdateActiveSession,43393.682,W,uuid,clientSessionId,,,
systemSaveData,ReadSystemSaveData,43393.682,R,data,,,,
sessions,FetchUUIDFromToken,43448.743,R,uuid,,,,
activeClientSessions,IsActiveSession,43448.743,R,id,,,,
verify system,,43448.743,,,,,,
sessions,FetchUUIDFromToken,43489.133,R,uuid,,,,
Info,,43489.133,,,,,,
accounts,FetchUsernameFromUUID,43489.134,R,userName,,,,
accounts,FetchDiscordIdByUsername,43489.135,R,discordId,,,,
accounts,FetchGoogleIdByUsername,43489.136,R,googleId,,,,
sessionSaveData,GetLatestSessionSaveDataSlot,43489.136,R,slot,,,,
sessions,FetchUUIDFromToken,43489.328,R,uuid,,,,
activeClientSessions,IsActiveSession,43489.329,R,id,,,,
get system,,43489.329,,,,,,
activeClientSessions,UpdateActiveSession,43489.331,W,uuid,clientSessionId,,,
systemSaveData,ReadSystemSaveData,43489.331,R,data,,,,
sessions,FetchUUIDFromToken,43514.055,R,uuid,,,,
Info,,43514.055,,,,,,
accounts,FetchUsernameFromUUID,43514.056,R,userName,,,,
accounts,FetchDiscordIdByUsername,43514.057,R,discordId,,,,
accounts,FetchGoogleIdByUsername,43514.058,R,googleId,,,,
sessionSaveData,GetLatestSessionSaveDataSlot,43514.059,R,slot,,,,
sessions,FetchUUIDFromToken,43514.249,R,uuid,,,,
activeClientSessions,IsActiveSession,43514.250,R,id,,,,
get system,,43514.250,,,,,,
activeClientSessions,UpdateActiveSession,43514.252,W,uuid,clientSessionId,,,
systemSaveData,ReadSystemSaveData,43514.253,R,data,,,,
sessions,FetchUUIDFromToken,43588.652,R,uuid,,,,
updateAll,,43588.652,,,,,,
activeClientSessions,IsActiveSession,43589.214,R,id,,,,
accounts,FetchTrainerIds,43589.214,R,trainerID,secretID,,,
accountStats,RetrievePlaytime,43589.215,R,playtime,,,,
sessionSaveData,ReadSessionSaveData,43589.216,R,data,,,,
accounts,UpdateAccountLastActivity,43589.220,W,lastActivity,,,,
sessionSaveData,StoreSessionSaveData,43589.235,W,uuid,slot,data,timeStamp,
accounts,UpdateAccountLastActivity,43589.236,W,lastActivity,,,,
accountStats,UpdateAccountStats,43589.240,W,stats,,,,
systemSaveData,StoreSystemSaveData,43589.257,W,uuid,data,timeStamp,,
sessions,FetchUUIDFromToken,43606.125,R,uuid,,,,
activeClientSessions,IsActiveSession,43606.125,R,id,,,,
verify system,,43606.125,,,,,,
sessions,FetchUUIDFromToken,43633.232,R,uuid,,,,
activeClientSessions,IsActiveSession,43633.233,R,id,,,,
verify system,,43633.233,,,,,,
sessions,FetchUUIDFromToken,43696.318,R,uuid,,,,
activeClientSessions,IsActiveSession,43696.319,R,id,,,,
verify system,,43696.319,,,,,,
sessions,FetchUUIDFromToken,43706.518,R,uuid,,,,
activeClientSessions,IsActiveSession,43706.519,R,id,,,,
verify system,,43706.519,,,,,,
sessions,FetchUUIDFromToken,43726.660,R,uuid,,,,
updateAll,,43726.660,,,,,,
activeClientSessions,IsActiveSession,43728.038,R,id,,,,
accounts,FetchTrainerIds,43728.039,R,trainerID,secretID,,,
accountStats,RetrievePlaytime,43728.040,R,playtime,,,,
sessionSaveData,ReadSessionSaveData,43728.040,R,data,,,,
accounts,UpdateAccountLastActivity,43728.044,W,lastActivity,,,,
sessionSaveData,StoreSessionSaveData,43728.063,W,uuid,slot,data,timeStamp,
accounts,UpdateAccountLastActivity,43728.064,W,lastActivity,,,,
accountStats,UpdateAccountStats,43728.066,W,stats,,,,
systemSaveData,StoreSystemSaveData,43728.092,W,uuid,data,timeStamp,,
sessions,FetchUUIDFromToken,43746.512,R,uuid,,,,
activeClientSessions,IsActiveSession,43746.512,R,id,,,,
verify system,,43746.512,,,,,,
sessions,FetchUUIDFromToken,43759.894,R,uuid,,,,
activeClientSessions,IsActiveSession,43759.895,R,id,,,,
verify system,,43759.895,,,,,,
sessions,FetchUUIDFromToken,43840.450,R,uuid,,,,
activeClientSessions,IsActiveSession,43840.451,R,id,,,,
verify system,,43840.451,,,,,,
sessions,FetchUUIDFromToken,43858.529,R,uuid,,,,
activeClientSessions,IsActiveSession,43858.530,R,id,,,,
verify system,,43858.530,,,,,,
sessions,FetchUUIDFromToken,43875.935,R,uuid,,,,
updateAll,,43875.935,,,,,,
activeClientSessions,IsActiveSession,43876.873,R,id,,,,
accounts,FetchTrainerIds,43876.874,R,trainerID,secretID,,,
accountStats,RetrievePlaytime,43876.874,R,playtime,,,,
sessionSaveData,ReadSessionSaveData,43876.875,R,data,,,,
accounts,UpdateAccountLastActivity,43876.880,W,lastActivity,,,,
sessionSaveData,StoreSessionSaveData,43876.898,W,uuid,slot,data,timeStamp,
accounts,UpdateAccountLastActivity,43876.899,W,lastActivity,,,,
accountStats,UpdateAccountStats,43876.901,W,stats,,,,
systemSaveData,StoreSystemSaveData,43876.926,W,uuid,data,timeStamp,,
sessions,FetchUUIDFromToken,43895.872,R,uuid,,,,
activeClientSessions,IsActiveSession,43895.872,R,id,,,,
verify system,,43895.872,,,,,,
sessions,FetchUUIDFromToken,43939.898,R,uuid,,,,
Info,,43939.898,,,,,,
accounts,FetchUsernameFromUUID,43939.899,R,userName,,,,
accounts,FetchDiscordIdByUsername,43939.900,R,discordId,,,,
accounts,FetchGoogleIdByUsername,43939.901,R,googleId,,,,
sessionSaveData,GetLatestSessionSaveDataSlot,43939.902,R,slot,,,,
sessions,FetchUUIDFromToken,43940.108,R,uuid,,,,
activeClientSessions,IsActiveSession,43940.109,R,id,,,,
get system,,43940.109,,,,,,
activeClientSessions,UpdateActiveSession,43940.111,W,uuid,clientSessionId,,,
systemSaveData,ReadSystemSaveData,43940.112,R,data,,,,
sessions,FetchUUIDFromToken,44411.240,R,uuid,,,,
Info,,44411.240,,,,,,
accounts,FetchUsernameFromUUID,44411.241,R,userName,,,,
accounts,FetchDiscordIdByUsername,44411.242,R,discordId,,,,
accounts,FetchGoogleIdByUsername,44411.243,R,googleId,,,,
sessionSaveData,GetLatestSessionSaveDataSlot,44411.244,R,slot,,,,
sessions,FetchUUIDFromToken,44411.449,R,uuid,,,,
activeClientSessions,IsActiveSession,44411.450,R,id,,,,
get system,,44411.450,,,,,,
activeClientSessions,UpdateActiveSession,44411.451,W,uuid,clientSessionId,,,
systemSaveData,ReadSystemSaveData,44411.452,R,data,,,,
sessions,FetchUUIDFromToken,44500.981,R,uuid,,,,
Info,,44500.981,,,,,,
accounts,FetchUsernameFromUUID,44500.982,R,userName,,,,
accounts,FetchDiscordIdByUsername,44500.983,R,discordId,,,,
accounts,FetchGoogleIdByUsername,44500.984,R,googleId,,,,
sessionSaveData,GetLatestSessionSaveDataSlot,44500.984,R,slot,,,,
sessions,FetchUUIDFromToken,44501.188,R,uuid,,,,
activeClientSessions,IsActiveSession,44501.189,R,id,,,,
get system,,44501.189,,,,,,
activeClientSessions,UpdateActiveSession,44501.193,W,uuid,clientSessionId,,,
systemSaveData,ReadSystemSaveData,44501.194,R,data,,,,
sessions,FetchUUIDFromToken,44517.769,R,uuid,,,,
Info,,44517.770,,,,,,
accounts,FetchUsernameFromUUID,44517.770,R,userName,,,,
accounts,FetchDiscordIdByUsername,44517.771,R,discordId,,,,
accounts,FetchGoogleIdByUsername,44517.772,R,googleId,,,,
sessionSaveData,GetLatestSessionSaveDataSlot,44517.773,R,slot,,,,
sessions,FetchUUIDFromToken,44517.976,R,uuid,,,,
activeClientSessions,IsActiveSession,44517.977,R,id,,,,
get system,,44517.977,,,,,,
activeClientSessions,UpdateActiveSession,44517.979,W,uuid,clientSessionId,,,
systemSaveData,ReadSystemSaveData,44517.979,R,data,,,,
sessions,FetchUUIDFromToken,44672.618,R,uuid,,,,
activeClientSessions,IsActiveSession,44672.619,R,id,,,,
verify system,,44672.619,,,,,,
sessions,FetchUUIDFromToken,44704.231,R,uuid,,,,
activeClientSessions,IsActiveSession,44704.232,R,id,,,,
verify system,,44704.232,,,,,,
sessions,FetchUUIDFromToken,44714.950,R,uuid,,,,
updateAll,,44714.950,,,,,,
activeClientSessions,IsActiveSession,44715.953,R,id,,,,
accounts,FetchTrainerIds,44715.954,R,trainerID,secretID,,,
accountStats,RetrievePlaytime,44715.954,R,playtime,,,,
sessionSaveData,ReadSessionSaveData,44715.955,R,data,,,,
accounts,UpdateAccountLastActivity,44715.959,W,lastActivity,,,,
sessionSaveData,StoreSessionSaveData,44715.978,W,uuid,slot,data,timeStamp,
accounts,UpdateAccountLastActivity,44715.979,W,lastActivity,,,,
accountStats,UpdateAccountStats,44715.981,W,stats,,,,
systemSaveData,StoreSystemSaveData,44716.008,W,uuid,data,timeStamp,,
sessions,FetchUUIDFromToken,44717.384,R,uuid,,,,
updateAll,,44717.384,,,,,,
activeClientSessions,IsActiveSession,44717.826,R,id,,,,
accounts,FetchTrainerIds,44717.827,R,trainerID,secretID,,,
accountStats,RetrievePlaytime,44717.828,R,playtime,,,,
sessionSaveData,ReadSessionSaveData,44717.828,R,data,,,,
accounts,UpdateAccountLastActivity,44717.836,W,lastActivity,,,,
sessionSaveData,StoreSessionSaveData,44717.845,W,uuid,slot,data,timeStamp,
accounts,UpdateAccountLastActivity,44717.846,W,lastActivity,,,,
accountStats,UpdateAccountStats,44717.848,W,stats,,,,
systemSaveData,StoreSystemSaveData,44717.946,W,uuid,data,timeStamp,,
sessions,FetchUUIDFromToken,44719.134,R,uuid,,,,
updateAll,,44719.135,,,,,,
activeClientSessions,IsActiveSession,44719.744,R,id,,,,
accounts,FetchTrainerIds,44719.745,R,trainerID,secretID,,,
accountStats,RetrievePlaytime,44719.745,R,playtime,,,,
sessionSaveData,ReadSessionSaveData,44719.746,R,data,,,,
accounts,UpdateAccountLastActivity,44719.751,W,lastActivity,,,,
sessionSaveData,StoreSessionSaveData,44719.763,W,uuid,slot,data,timeStamp,
accounts,UpdateAccountLastActivity,44719.764,W,lastActivity,,,,
accountStats,UpdateAccountStats,44719.767,W,stats,,,,
systemSaveData,StoreSystemSaveData,44719.787,W,uuid,data,timeStamp,,
sessions,FetchUUIDFromToken,44721.496,R,uuid,,,,
updateAll,,44721.496,,,,,,
activeClientSessions,IsActiveSession,44721.962,R,id,,,,
accounts,FetchTrainerIds,44721.962,R,trainerID,secretID,,,
accountStats,RetrievePlaytime,44721.963,R,playtime,,,,
sessionSaveData,ReadSessionSaveData,44721.964,R,data,,,,
accounts,UpdateAccountLastActivity,44721.969,W,lastActivity,,,,
sessionSaveData,StoreSessionSaveData,44721.979,W,uuid,slot,data,timeStamp,
accounts,UpdateAccountLastActivity,44721.980,W,lastActivity,,,,
accountStats,UpdateAccountStats,44721.982,W,stats,,,,
systemSaveData,StoreSystemSaveData,44721.997,W,uuid,data,timeStamp,,
sessions,FetchUUIDFromToken,44738.346,R,uuid,,,,
Info,,44738.346,,,,,,
accounts,FetchUsernameFromUUID,44738.347,R,userName,,,,
accounts,FetchDiscordIdByUsername,44738.349,R,discordId,,,,
accounts,FetchGoogleIdByUsername,44738.349,R,googleId,,,,
sessionSaveData,GetLatestSessionSaveDataSlot,44738.350,R,slot,,,,
sessions,FetchUUIDFromToken,44738.554,R,uuid,,,,
activeClientSessions,IsActiveSession,44738.555,R,id,,,,
get system,,44738.555,,,,,,
activeClientSessions,UpdateActiveSession,44738.557,W,uuid,clientSessionId,,,
systemSaveData,ReadSystemSaveData,44738.558,R,data,,,,
sessions,FetchUUIDFromToken,44739.015,R,uuid,,,,
activeClientSessions,UpdateActiveSession,44739.015,W,uuid,clientSessionId,,,
sessionSaveData,ReadSessionSaveData,44739.016,R,data,,,,
sessions,FetchUUIDFromToken,44814.928,R,uuid,,,,
Info,,44814.928,,,,,,
accounts,FetchUsernameFromUUID,44814.929,R,userName,,,,
accounts,FetchDiscordIdByUsername,44814.930,R,discordId,,,,
accounts,FetchGoogleIdByUsername,44814.931,R,googleId,,,,
sessionSaveData,GetLatestSessionSaveDataSlot,44814.932,R,slot,,,,
sessions,FetchUUIDFromToken,44815.134,R,uuid,,,,
activeClientSessions,IsActiveSession,44815.135,R,id,,,,
get system,,44815.135,,,,,,
activeClientSessions,UpdateActiveSession,44815.137,W,uuid,clientSessionId,,,
systemSaveData,ReadSystemSaveData,44815.138,R,data,,,,
sessions,FetchUUIDFromToken,44815.601,R,uuid,,,,
activeClientSessions,UpdateActiveSession,44815.601,W,uuid,clientSessionId,,,
sessionSaveData,ReadSessionSaveData,44815.602,R,data,,,,
sessions,FetchUUIDFromToken,44829.366,R,uuid,,,,
Info,,44829.366,,,,,,
accounts,FetchUsernameFromUUID,44829.367,R,userName,,,,
accounts,FetchDiscordIdByUsername,44829.368,R,discordId,,,,
accounts,FetchGoogleIdByUsername,44829.369,R,googleId,,,,
sessionSaveData,GetLatestSessionSaveDataSlot,44829.370,R,slot,,,,
sessions,FetchUUIDFromToken,44829.574,R,uuid,,,,
activeClientSessions,IsActiveSession,44829.575,R,id,,,,
get system,,44829.575,,,,,,
activeClientSessions,UpdateActiveSession,44829.577,W,uuid,clientSessionId,,,
systemSaveData,ReadSystemSaveData,44829.578,R,data,,,,
sessions,FetchUUIDFromToken,44830.036,R,uuid,,,,
activeClientSessions,UpdateActiveSession,44830.037,W,uuid,clientSessionId,,,
sessionSaveData,ReadSessionSaveData,44830.038,R,data,,,,
sessions,FetchUUIDFromToken,44878.362,R,uuid,,,,
Info,,44878.362,,,,,,
accounts,FetchUsernameFromUUID,44878.363,R,userName,,,,
accounts,FetchDiscordIdByUsername,44878.365,R,discordId,,,,
accounts,FetchGoogleIdByUsername,44878.366,R,googleId,,,,
sessionSaveData,GetLatestSessionSaveDataSlot,44878.367,R,slot,,,,
sessions,FetchUUIDFromToken,44878.570,R,uuid,,,,
activeClientSessions,IsActiveSession,44878.571,R,id,,,,
get system,,44878.571,,,,,,
activeClientSessions,UpdateActiveSession,44878.573,W,uuid,clientSessionId,,,
systemSaveData,ReadSystemSaveData,44878.574,R,data,,,,
sessions,FetchUUIDFromToken,44879.040,R,uuid,,,,
activeClientSessions,UpdateActiveSession,44879.041,W,uuid,clientSessionId,,,
sessionSaveData,ReadSessionSaveData,44879.042,R,data,,,,
sessions,FetchUUIDFromToken,44907.006,R,uuid,,,,
Info,,44907.006,,,,,,
accounts,FetchUsernameFromUUID,44907.007,R,userName,,,,
accounts,FetchDiscordIdByUsername,44907.008,R,discordId,,,,
accounts,FetchGoogleIdByUsername,44907.010,R,googleId,,,,
sessionSaveData,GetLatestSessionSaveDataSlot,44907.010,R,slot,,,,
sessions,FetchUUIDFromToken,44907.213,R,uuid,,,,
activeClientSessions,IsActiveSession,44907.214,R,id,,,,
get system,,44907.214,,,,,,
activeClientSessions,UpdateActiveSession,44907.216,W,uuid,clientSessionId,,,
systemSaveData,ReadSystemSaveData,44907.217,R,data,,,,
sessions,FetchUUIDFromToken,44907.674,R,uuid,,,,
activeClientSessions,UpdateActiveSession,44907.675,W,uuid,clientSessionId,,,
sessionSaveData,ReadSessionSaveData,44907.676,R,data,,,,
sessions,FetchUUIDFromToken,44988.325,R,uuid,,,,
Info,,44988.326,,,,,,
accounts,FetchUsernameFromUUID,44988.327,R,userName,,,,
accounts,FetchDiscordIdByUsername,44988.328,R,discordId,,,,
accounts,FetchGoogleIdByUsername,44988.330,R,googleId,,,,
sessionSaveData,GetLatestSessionSaveDataSlot,44988.331,R,slot,,,,
sessions,FetchUUIDFromToken,44988.542,R,uuid,,,,
activeClientSessions,IsActiveSession,44988.543,R,id,,,,
get system,,44988.543,,,,,,
activeClientSessions,UpdateActiveSession,44988.545,W,uuid,clientSessionId,,,
systemSaveData,ReadSystemSaveData,44988.546,R,data,,,,
sessions,FetchUUIDFromToken,44989.019,R,uuid,,,,
activeClientSessions,UpdateActiveSession,44989.020,W,uuid,clientSessionId,,,
sessionSaveData,ReadSessionSaveData,44989.021,R,data,,,,
sessions,FetchUUIDFromToken,45011.716,R,uuid,,,,
Info,,45011.717,,,,,,
accounts,FetchUsernameFromUUID,45011.717,R,userName,,,,
accounts,FetchDiscordIdByUsername,45011.718,R,discordId,,,,
accounts,FetchGoogleIdByUsername,45011.719,R,googleId,,,,
sessionSaveData,GetLatestSessionSaveDataSlot,45011.720,R,slot,,,,
sessions,FetchUUIDFromToken,45011.931,R,uuid,,,,
activeClientSessions,IsActiveSession,45011.932,R,id,,,,
get system,,45011.932,,,,,,
activeClientSessions,UpdateActiveSession,45011.934,W,uuid,clientSessionId,,,
systemSaveData,ReadSystemSaveData,45011.935,R,data,,,,
sessions,FetchUUIDFromToken,45012.407,R,uuid,,,,
activeClientSessions,UpdateActiveSession,45012.407,W,uuid,clientSessionId,,,
sessionSaveData,ReadSessionSaveData,45012.408,R,data,,,,
sessions,FetchUUIDFromToken,45049.625,R,uuid,,,,
Info,,45049.625,,,,,,
accounts,FetchUsernameFromUUID,45049.625,R,userName,,,,
accounts,FetchDiscordIdByUsername,45049.626,R,discordId,,,,
accounts,FetchGoogleIdByUsername,45049.627,R,googleId,,,,
sessionSaveData,GetLatestSessionSaveDataSlot,45049.627,R,slot,,,,
sessions,FetchUUIDFromToken,45049.839,R,uuid,,,,
activeClientSessions,IsActiveSession,45049.839,R,id,,,,
get system,,45049.839,,,,,,
activeClientSessions,UpdateActiveSession,45049.841,W,uuid,clientSessionId,,,
systemSaveData,ReadSystemSaveData,45049.842,R,data,,,,
sessions,FetchUUIDFromToken,45050.315,R,uuid,,,,
activeClientSessions,UpdateActiveSession,45050.316,W,uuid,clientSessionId,,,
sessionSaveData,ReadSessionSaveData,45050.317,R,data,,,,
sessions,FetchUUIDFromToken,45082.124,R,uuid,,,,
Info,,45082.124,,,,,,
accounts,FetchUsernameFromUUID,45082.125,R,userName,,,,
accounts,FetchDiscordIdByUsername,45082.126,R,discordId,,,,
accounts,FetchGoogleIdByUsername,45082.128,R,googleId,,,,
sessionSaveData,GetLatestSessionSaveDataSlot,45082.129,R,slot,,,,
sessions,FetchUUIDFromToken,45082.339,R,uuid,,,,
activeClientSessions,IsActiveSession,45082.340,R,id,,,,
get system,,45082.340,,,,,,
activeClientSessions,UpdateActiveSession,45082.342,W,uuid,clientSessionId,,,
systemSaveData,ReadSystemSaveData,45082.343,R,data,,,,
sessions,FetchUUIDFromToken,45082.816,R,uuid,,,,
activeClientSessions,UpdateActiveSession,45082.817,W,uuid,clientSessionId,,,
sessionSaveData,ReadSessionSaveData,45082.817,R,data,,,,
sessions,FetchUUIDFromToken,45139.527,R,uuid,,,,
Info,,45139.527,,,,,,
accounts,FetchUsernameFromUUID,45139.527,R,userName,,,,
accounts,FetchDiscordIdByUsername,45139.528,R,discordId,,,,
accounts,FetchGoogleIdByUsername,45139.529,R,googleId,,,,
sessionSaveData,GetLatestSessionSaveDataSlot,45139.530,R,slot,,,,
sessions,FetchUUIDFromToken,45139.732,R,uuid,,,,
activeClientSessions,IsActiveSession,45139.733,R,id,,,,
get system,,45139.733,,,,,,
activeClientSessions,UpdateActiveSession,45139.737,W,uuid,clientSessionId,,,
systemSaveData,ReadSystemSaveData,45139.738,R,data,,,,
sessions,FetchUUIDFromToken,45140.196,R,uuid,,,,
activeClientSessions,UpdateActiveSession,45140.197,W,uuid,clientSessionId,,,
sessionSaveData,ReadSessionSaveData,45140.198,R,data,,,,
sessions,FetchUUIDFromToken,45155.993,R,uuid,,,,
Info,,45155.993,,,,,,
accounts,FetchUsernameFromUUID,45155.994,R,userName,,,,
accounts,FetchDiscordIdByUsername,45155.995,R,discordId,,,,
accounts,FetchGoogleIdByUsername,45155.996,R,googleId,,,,
sessionSaveData,GetLatestSessionSaveDataSlot,45155.996,R,slot,,,,
sessions,FetchUUIDFromToken,45156.200,R,uuid,,,,
activeClientSessions,IsActiveSession,45156.200,R,id,,,,
get system,,45156.200,,,,,,
activeClientSessions,UpdateActiveSession,45156.202,W,uuid,clientSessionId,,,
systemSaveData,ReadSystemSaveData,45156.203,R,data,,,,
sessions,FetchUUIDFromToken,45156.660,R,uuid,,,,
activeClientSessions,UpdateActiveSession,45156.660,W,uuid,clientSessionId,,,
sessionSaveData,ReadSessionSaveData,45156.661,R,data,,,,
sessions,FetchUUIDFromToken,45341.021,R,uuid,,,,
activeClientSessions,IsActiveSession,45341.022,R,id,,,,
verify system,,45341.022,,,,,,
sessions,FetchUUIDFromToken,45357.741,R,uuid,,,,
Info,,45357.741,,,,,,
accounts,FetchUsernameFromUUID,45357.742,R,userName,,,,
accounts,FetchDiscordIdByUsername,45357.743,R,discordId,,,,
accounts,FetchGoogleIdByUsername,45357.744,R,googleId,,,,
sessionSaveData,GetLatestSessionSaveDataSlot,45357.744,R,slot,,,,
sessions,FetchUUIDFromToken,45357.947,R,uuid,,,,
activeClientSessions,IsActiveSession,45357.948,R,id,,,,
get system,,45357.948,,,,,,
activeClientSessions,UpdateActiveSession,45357.950,W,uuid,clientSessionId,,,
systemSaveData,ReadSystemSaveData,45357.951,R,data,,,,
sessions,FetchUUIDFromToken,45387.851,R,uuid,,,,
updateAll,,45387.851,,,,,,
activeClientSessions,IsActiveSession,45388.263,R,id,,,,
accounts,FetchTrainerIds,45388.263,R,trainerID,secretID,,,
accountStats,RetrievePlaytime,45388.264,R,playtime,,,,
sessionSaveData,ReadSessionSaveData,45388.265,R,data,,,,
accounts,UpdateAccountLastActivity,45388.269,W,lastActivity,,,,
sessionSaveData,StoreSessionSaveData,45388.284,W,uuid,slot,data,timeStamp,
accounts,UpdateAccountLastActivity,45388.285,W,lastActivity,,,,
accountStats,UpdateAccountStats,45388.287,W,stats,,,,
systemSaveData,StoreSystemSaveData,45388.305,W,uuid,data,timeStamp,,
sessions,FetchUUIDFromToken,45433.641,R,uuid,,,,
Info,,45433.641,,,,,,
accounts,FetchUsernameFromUUID,45433.642,R,userName,,,,
accounts,FetchDiscordIdByUsername,45433.643,R,discordId,,,,
accounts,FetchGoogleIdByUsername,45433.644,R,googleId,,,,
sessionSaveData,GetLatestSessionSaveDataSlot,45433.644,R,slot,,,,
sessions,FetchUUIDFromToken,45433.847,R,uuid,,,,
activeClientSessions,IsActiveSession,45433.848,R,id,,,,
get system,,45433.848,,,,,,
activeClientSessions,UpdateActiveSession,45433.849,W,uuid,clientSessionId,,,
systemSaveData,ReadSystemSaveData,45433.850,R,data,,,,
sessions,FetchUUIDFromToken,45434.315,R,uuid,,,,
activeClientSessions,UpdateActiveSession,45434.315,W,uuid,clientSessionId,,,
sessionSaveData,ReadSessionSaveData,45434.316,R,data,,,,
sessions,FetchUUIDFromToken,45499.793,R,uuid,,,,
activeClientSessions,IsActiveSession,45499.794,R,id,,,,
verify system,,45499.794,,,,,,
sessions,FetchUUIDFromToken,45540.145,R,uuid,,,,
activeClientSessions,IsActiveSession,45540.145,R,id,,,,
verify system,,45540.145,,,,,,
sessions,FetchUUIDFromToken,45550.284,R,uuid,,,,
updateAll,,45550.284,,,,,,
activeClientSessions,IsActiveSession,45551.073,R,id,,,,
accounts,FetchTrainerIds,45551.074,R,trainerID,secretID,,,
accountStats,RetrievePlaytime,45551.075,R,playtime,,,,
sessionSaveData,ReadSessionSaveData,45551.076,R,data,,,,
accounts,UpdateAccountLastActivity,45551.082,W,lastActivity,,,,
sessionSaveData,StoreSessionSaveData,45551.100,W,uuid,slot,data,timeStamp,
accounts,UpdateAccountLastActivity,45551.100,W,lastActivity,,,,
accountStats,UpdateAccountStats,45551.102,W,stats,,,,
systemSaveData,StoreSystemSaveData,45551.131,W,uuid,data,timeStamp,,
sessions,FetchUUIDFromToken,45553.386,R,uuid,,,,
updateAll,,45553.386,,,,,,
activeClientSessions,IsActiveSession,45554.269,R,id,,,,
accounts,FetchTrainerIds,45554.270,R,trainerID,secretID,,,
accountStats,RetrievePlaytime,45554.271,R,playtime,,,,
sessionSaveData,ReadSessionSaveData,45554.271,R,data,,,,
accounts,UpdateAccountLastActivity,45554.276,W,lastActivity,,,,
sessionSaveData,StoreSessionSaveData,45554.285,W,uuid,slot,data,timeStamp,
accounts,UpdateAccountLastActivity,45554.286,W,lastActivity,,,,
accountStats,UpdateAccountStats,45554.288,W,stats,,,,
systemSaveData,StoreSystemSaveData,45554.325,W,uuid,data,timeStamp,,
sessions,FetchUUIDFromToken,45616.075,R,uuid,,,,
Info,,45616.075,,,,,,
accounts,FetchUsernameFromUUID,45616.076,R,userName,,,,
accounts,FetchDiscordIdByUsername,45616.077,R,discordId,,,,
accounts,FetchGoogleIdByUsername,45616.078,R,googleId,,,,
sessionSaveData,GetLatestSessionSaveDataSlot,45616.079,R,slot,,,,
sessions,FetchUUIDFromToken,45616.273,R,uuid,,,,
activeClientSessions,IsActiveSession,45616.274,R,id,,,,
get system,,45616.274,,,,,,
activeClientSessions,UpdateActiveSession,45616.275,W,uuid,clientSessionId,,,
systemSaveData,ReadSystemSaveData,45616.276,R,data,,,,
sessions,FetchUUIDFromToken,45616.717,R,uuid,,,,
activeClientSessions,UpdateActiveSession,45616.718,W,uuid,clientSessionId,,,
sessionSaveData,ReadSessionSaveData,45616.718,R,data,,,,
sessions,FetchUUIDFromToken,45659.828,R,uuid,,,,
Info,,45659.828,,,,,,
accounts,FetchUsernameFromUUID,45659.829,R,userName,,,,
accounts,FetchDiscordIdByUsername,45659.830,R,discordId,,,,
accounts,FetchGoogleIdByUsername,45659.831,R,googleId,,,,
sessionSaveData,GetLatestSessionSaveDataSlot,45659.831,R,slot,,,,
sessions,FetchUUIDFromToken,45660.026,R,uuid,,,,
activeClientSessions,IsActiveSession,45660.026,R,id,,,,
get system,,45660.026,,,,,,
activeClientSessions,UpdateActiveSession,45660.028,W,uuid,clientSessionId,,,
systemSaveData,ReadSystemSaveData,45660.029,R,data,,,,
sessions,FetchUUIDFromToken,45660.501,R,uuid,,,,
activeClientSessions,UpdateActiveSession,45660.501,W,uuid,clientSessionId,,,
sessionSaveData,ReadSessionSaveData,45660.502,R,data,,,,
sessions,FetchUUIDFromToken,45777.446,R,uuid,,,,
Info,,45777.446,,,,,,
accounts,FetchUsernameFromUUID,45777.446,R,userName,,,,
accounts,FetchDiscordIdByUsername,45777.448,R,discordId,,,,
accounts,FetchGoogleIdByUsername,45777.449,R,googleId,,,,
sessionSaveData,GetLatestSessionSaveDataSlot,45777.449,R,slot,,,,
sessions,FetchUUIDFromToken,45777.644,R,uuid,,,,
activeClientSessions,IsActiveSession,45777.645,R,id,,,,
get system,,45777.645,,,,,,
activeClientSessions,UpdateActiveSession,45777.647,W,uuid,clientSessionId,,,
systemSaveData,ReadSystemSaveData,45777.648,R,data,,,,
sessions,FetchUUIDFromToken,45778.094,R,uuid,,,,
activeClientSessions,UpdateActiveSession,45778.095,W,uuid,clientSessionId,,,
sessionSaveData,ReadSessionSaveData,45778.096,R,data,,,,
sessions,FetchUUIDFromToken,45893.943,R,uuid,,,,
Info,,45893.943,,,,,,
accounts,FetchUsernameFromUUID,45893.944,R,userName,,,,
accounts,FetchDiscordIdByUsername,45893.945,R,discordId,,,,
accounts,FetchGoogleIdByUsername,45893.946,R,googleId,,,,
sessionSaveData,GetLatestSessionSaveDataSlot,45893.947,R,slot,,,,
sessions,FetchUUIDFromToken,45894.143,R,uuid,,,,
activeClientSessions,IsActiveSession,45894.143,R,id,,,,
get system,,45894.144,,,,,,
activeClientSessions,UpdateActiveSession,45894.145,W,uuid,clientSessionId,,,
systemSaveData,ReadSystemSaveData,45894.146,R,data,,,,
sessions,FetchUUIDFromToken,45894.594,R,uuid,,,,
activeClientSessions,UpdateActiveSession,45894.595,W,uuid,clientSessionId,,,
sessionSaveData,ReadSessionSaveData,45894.596,R,data,,,,
sessions,FetchUUIDFromToken,45983.850,R,uuid,,,,
Info,,45983.850,,,,,,
accounts,FetchUsernameFromUUID,45983.851,R,userName,,,,
accounts,FetchDiscordIdByUsername,45983.852,R,discordId,,,,
accounts,FetchGoogleIdByUsername,45983.853,R,googleId,,,,
sessionSaveData,GetLatestSessionSaveDataSlot,45983.853,R,slot,,,,
sessions,FetchUUIDFromToken,45984.048,R,uuid,,,,
activeClientSessions,IsActiveSession,45984.049,R,id,,,,
get system,,45984.049,,,,,,
activeClientSessions,UpdateActiveSession,45984.053,W,uuid,clientSessionId,,,
systemSaveData,ReadSystemSaveData,45984.054,R,data,,,,
sessions,FetchUUIDFromToken,45984.497,R,uuid,,,,
activeClientSessions,UpdateActiveSession,45984.498,W,uuid,clientSessionId,,,
sessionSaveData,ReadSessionSaveData,45984.498,R,data,,,,
sessions,FetchUUIDFromToken,46217.359,R,uuid,,,,
activeClientSessions,IsActiveSession,46217.360,R,id,,,,
verify system,,46217.360,,,,,,
sessions,FetchUUIDFromToken,46248.180,R,uuid,,,,
activeClientSessions,IsActiveSession,46248.181,R,id,,,,
verify system,,46248.181,,,,,,
sessions,FetchUUIDFromToken,46259.892,R,uuid,,,,
Info,,46259.892,,,,,,
accounts,FetchUsernameFromUUID,46259.893,R,userName,,,,
accounts,FetchDiscordIdByUsername,46259.894,R,discordId,,,,
accounts,FetchGoogleIdByUsername,46259.895,R,googleId,,,,
sessionSaveData,GetLatestSessionSaveDataSlot,46259.896,R,slot,,,,
sessions,FetchUUIDFromToken,46260.102,R,uuid,,,,
activeClientSessions,IsActiveSession,46260.103,R,id,,,,
get system,,46260.103,,,,,,
activeClientSessions,UpdateActiveSession,46260.105,W,uuid,clientSessionId,,,
systemSaveData,ReadSystemSaveData,46260.106,R,data,,,,
sessions,FetchUUIDFromToken,46308.802,R,uuid,,,,
Info,,46308.802,,,,,,
accounts,FetchUsernameFromUUID,46308.803,R,userName,,,,
accounts,FetchDiscordIdByUsername,46308.804,R,discordId,,,,
accounts,FetchGoogleIdByUsername,46308.805,R,googleId,,,,
sessionSaveData,GetLatestSessionSaveDataSlot,46308.806,R,slot,,,,
sessions,FetchUUIDFromToken,46309.014,R,uuid,,,,
activeClientSessions,IsActiveSession,46309.015,R,id,,,,
get system,,46309.015,,,,,,
activeClientSessions,UpdateActiveSession,46309.017,W,uuid,clientSessionId,,,
systemSaveData,ReadSystemSaveData,46309.018,R,data,,,,
sessions,FetchUUIDFromToken,46330.351,R,uuid,,,,
Info,,46330.351,,,,,,
accounts,FetchUsernameFromUUID,46330.352,R,userName,,,,
accounts,FetchDiscordIdByUsername,46330.352,R,discordId,,,,
accounts,FetchGoogleIdByUsername,46330.353,R,googleId,,,,
sessionSaveData,GetLatestSessionSaveDataSlot,46330.354,R,slot,,,,
sessions,FetchUUIDFromToken,46330.561,R,uuid,,,,
activeClientSessions,IsActiveSession,46330.562,R,id,,,,
get system,,46330.562,,,,,,
activeClientSessions,UpdateActiveSession,46330.564,W,uuid,clientSessionId,,,
systemSaveData,ReadSystemSaveData,46330.564,R,data,,,,
sessions,FetchUUIDFromToken,46379.639,R,uuid,,,,
Info,,46379.639,,,,,,
accounts,FetchUsernameFromUUID,46379.640,R,userName,,,,
accounts,FetchDiscordIdByUsername,46379.641,R,discordId,,,,
accounts,FetchGoogleIdByUsername,46379.642,R,googleId,,,,
sessionSaveData,GetLatestSessionSaveDataSlot,46379.643,R,slot,,,,
sessions,FetchUUIDFromToken,46379.847,R,uuid,,,,
activeClientSessions,IsActiveSession,46379.848,R,id,,,,
get system,,46379.848,,,,,,
activeClientSessions,UpdateActiveSession,46379.850,W,uuid,clientSessionId,,,
systemSaveData,ReadSystemSaveData,46379.850,R,data,,,,
sessions,FetchUUIDFromToken,46544.657,R,uuid,,,,
Info,,46544.657,,,,,,
accounts,FetchUsernameFromUUID,46544.658,R,userName,,,,
accounts,FetchDiscordIdByUsername,46544.659,R,discordId,,,,
accounts,FetchGoogleIdByUsername,46544.661,R,googleId,,,,
sessionSaveData,GetLatestSessionSaveDataSlot,46544.662,R,slot,,,,
sessions,FetchUUIDFromToken,46544.867,R,uuid,,,,
activeClientSessions,IsActiveSession,46544.867,R,id,,,,
get system,,46544.867,,,,,,
activeClientSessions,UpdateActiveSession,46544.870,W,uuid,clientSessionId,,,
systemSaveData,ReadSystemSaveData,46544.870,R,data,,,,
sessions,FetchUUIDFromToken,46740.169,R,uuid,,,,
Info,,46740.169,,,,,,
accounts,FetchUsernameFromUUID,46740.170,R,userName,,,,
accounts,FetchDiscordIdByUsername,46740.171,R,discordId,,,,
accounts,FetchGoogleIdByUsername,46740.172,R,googleId,,,,
sessionSaveData,GetLatestSessionSaveDataSlot,46740.173,R,slot,,,,
sessions,FetchUUIDFromToken,46740.390,R,uuid,,,,
activeClientSessions,IsActiveSession,46740.390,R,id,,,,
get system,,46740.390,,,,,,
activeClientSessions,UpdateActiveSession,46740.392,W,uuid,clientSessionId,,,
systemSaveData,ReadSystemSaveData,46740.393,R,data,,,,
sessions,FetchUUIDFromToken,46897.475,R,uuid,,,,
Info,,46897.475,,,,,,
accounts,FetchUsernameFromUUID,46897.476,R,userName,,,,
accounts,FetchDiscordIdByUsername,46897.477,R,discordId,,,,
accounts,FetchGoogleIdByUsername,46897.478,R,googleId,,,,
sessionSaveData,GetLatestSessionSaveDataSlot,46897.479,R,slot,,,,
sessions,FetchUUIDFromToken,46897.684,R,uuid,,,,
activeClientSessions,IsActiveSession,46897.685,R,id,,,,
get system,,46897.685,,,,,,
activeClientSessions,UpdateActiveSession,46897.686,W,uuid,clientSessionId,,,
systemSaveData,ReadSystemSaveData,46897.687,R,data,,,,
sessions,FetchUUIDFromToken,47064.755,R,uuid,,,,
Info,,47064.755,,,,,,
accounts,FetchUsernameFromUUID,47064.756,R,userName,,,,
accounts,FetchDiscordIdByUsername,47064.757,R,discordId,,,,
accounts,FetchGoogleIdByUsername,47064.759,R,googleId,,,,
sessionSaveData,GetLatestSessionSaveDataSlot,47064.759,R,slot,,,,
sessions,FetchUUIDFromToken,47064.964,R,uuid,,,,
activeClientSessions,IsActiveSession,47064.965,R,id,,,,
get system,,47064.965,,,,,,
activeClientSessions,UpdateActiveSession,47064.967,W,uuid,clientSessionId,,,
systemSaveData,ReadSystemSaveData,47064.968,R,data,,,,
sessions,FetchUUIDFromToken,47114.814,R,uuid,,,,
Info,,47114.814,,,,,,
accounts,FetchUsernameFromUUID,47114.814,R,userName,,,,
accounts,FetchDiscordIdByUsername,47114.815,R,discordId,,,,
accounts,FetchGoogleIdByUsername,47114.816,R,googleId,,,,
sessionSaveData,GetLatestSessionSaveDataSlot,47114.817,R,slot,,,,
sessions,FetchUUIDFromToken,47115.023,R,uuid,,,,
activeClientSessions,IsActiveSession,47115.024,R,id,,,,
get system,,47115.024,,,,,,
activeClientSessions,UpdateActiveSession,47115.026,W,uuid,clientSessionId,,,
systemSaveData,ReadSystemSaveData,47115.026,R,data,,,,
sessions,FetchUUIDFromToken,47318.567,R,uuid,,,,
Info,,47318.567,,,,,,
accounts,FetchUsernameFromUUID,47318.568,R,userName,,,,
accounts,FetchDiscordIdByUsername,47318.570,R,discordId,,,,
accounts,FetchGoogleIdByUsername,47318.571,R,googleId,,,,
sessionSaveData,GetLatestSessionSaveDataSlot,47318.572,R,slot,,,,
sessions,FetchUUIDFromToken,47318.778,R,uuid,,,,
activeClientSessions,IsActiveSession,47318.779,R,id,,,,
get system,,47318.779,,,,,,
activeClientSessions,UpdateActiveSession,47318.783,W,uuid,clientSessionId,,,
systemSaveData,ReadSystemSaveData,47318.784,R,data,,,,
sessions,FetchUUIDFromToken,47363.145,R,uuid,,,,
Info,,47363.145,,,,,,
accounts,FetchUsernameFromUUID,47363.146,R,userName,,,,
accounts,FetchDiscordIdByUsername,47363.147,R,discordId,,,,
accounts,FetchGoogleIdByUsername,47363.148,R,googleId,,,,
sessionSaveData,GetLatestSessionSaveDataSlot,47363.148,R,slot,,,,
sessions,FetchUUIDFromToken,47363.353,R,uuid,,,,
activeClientSessions,IsActiveSession,47363.353,R,id,,,,
get system,,47363.353,,,,,,
activeClientSessions,UpdateActiveSession,47363.355,W,uuid,clientSessionId,,,
systemSaveData,ReadSystemSaveData,47363.356,R,data,,,,
sessions,FetchUUIDFromToken,47410.258,R,uuid,,,,
Info,,47410.258,,,,,,
accounts,FetchUsernameFromUUID,47410.259,R,userName,,,,
accounts,FetchDiscordIdByUsername,47410.259,R,discordId,,,,
accounts,FetchGoogleIdByUsername,47410.261,R,googleId,,,,
sessionSaveData,GetLatestSessionSaveDataSlot,47410.262,R,slot,,,,
sessions,FetchUUIDFromToken,47410.467,R,uuid,,,,
activeClientSessions,IsActiveSession,47410.467,R,id,,,,
get system,,47410.467,,,,,,
activeClientSessions,UpdateActiveSession,47410.469,W,uuid,clientSessionId,,,
systemSaveData,ReadSystemSaveData,47410.469,R,data,,,,
sessions,FetchUUIDFromToken,47436.030,R,uuid,,,,
Info,,47436.030,,,,,,
accounts,FetchUsernameFromUUID,47436.031,R,userName,,,,
accounts,FetchDiscordIdByUsername,47436.032,R,discordId,,,,
accounts,FetchGoogleIdByUsername,47436.033,R,googleId,,,,
sessionSaveData,GetLatestSessionSaveDataSlot,47436.034,R,slot,,,,
sessions,FetchUUIDFromToken,47436.240,R,uuid,,,,
activeClientSessions,IsActiveSession,47436.241,R,id,,,,
get system,,47436.241,,,,,,
activeClientSessions,UpdateActiveSession,47436.243,W,uuid,clientSessionId,,,
systemSaveData,ReadSystemSaveData,47436.244,R,data,,,,
sessions,FetchUUIDFromToken,47473.507,R,uuid,,,,
Info,,47473.507,,,,,,
accounts,FetchUsernameFromUUID,47473.508,R,userName,,,,
accounts,FetchDiscordIdByUsername,47473.509,R,discordId,,,,
accounts,FetchGoogleIdByUsername,47473.510,R,googleId,,,,
sessionSaveData,GetLatestSessionSaveDataSlot,47473.511,R,slot,,,,
sessions,FetchUUIDFromToken,47473.716,R,uuid,,,,
activeClientSessions,IsActiveSession,47473.717,R,id,,,,
get system,,47473.717,,,,,,
activeClientSessions,UpdateActiveSession,47473.719,W,uuid,clientSessionId,,,
systemSaveData,ReadSystemSaveData,47473.719,R,data,,,,
sessions,FetchUUIDFromToken,47491.187,R,uuid,,,,
Info,,47491.187,,,,,,
accounts,FetchUsernameFromUUID,47491.188,R,userName,,,,
accounts,FetchDiscordIdByUsername,47491.188,R,discordId,,,,
accounts,FetchGoogleIdByUsername,47491.189,R,googleId,,,,
sessionSaveData,GetLatestSessionSaveDataSlot,47491.190,R,slot,,,,
sessions,FetchUUIDFromToken,47491.395,R,uuid,,,,
activeClientSessions,IsActiveSession,47491.396,R,id,,,,
get system,,47491.396,,,,,,
activeClientSessions,UpdateActiveSession,47491.397,W,uuid,clientSessionId,,,
systemSaveData,ReadSystemSaveData,47491.398,R,data,,,,
sessions,FetchUUIDFromToken,77240.115,R,uuid,,,,
Info,,77240.115,,,,,,
accounts,FetchUsernameFromUUID,77240.115,R,userName,,,,
accounts,FetchDiscordIdByUsername,77240.117,R,discordId,,,,
accounts,FetchGoogleIdByUsername,77240.118,R,googleId,,,,
sessionSaveData,GetLatestSessionSaveDataSlot,77240.118,R,slot,,,,
sessions,FetchUUIDFromToken,77240.313,R,uuid,,,,
activeClientSessions,IsActiveSession,77240.314,R,id,,,,
get system,,77240.314,,,,,,
activeClientSessions,UpdateActiveSession,77240.316,W,uuid,clientSessionId,,,
systemSaveData,ReadSystemSaveData,77240.317,R,data,,,,
sessions,FetchUUIDFromToken,77283.177,R,uuid,,,,
Info,,77283.177,,,,,,
accounts,FetchUsernameFromUUID,77283.178,R,userName,,,,
accounts,FetchDiscordIdByUsername,77283.179,R,discordId,,,,
accounts,FetchGoogleIdByUsername,77283.180,R,googleId,,,,
sessionSaveData,GetLatestSessionSaveDataSlot,77283.180,R,slot,,,,
sessions,FetchUUIDFromToken,77283.377,R,uuid,,,,
activeClientSessions,IsActiveSession,77283.378,R,id,,,,
get system,,77283.378,,,,,,
activeClientSessions,UpdateActiveSession,77283.380,W,uuid,clientSessionId,,,
systemSaveData,ReadSystemSaveData,77283.380,R,data,,,,
sessions,FetchUUIDFromToken,77294.142,R,uuid,,,,
activeClientSessions,UpdateActiveSession,77294.142,W,uuid,clientSessionId,,,
sessionSaveData,ReadSessionSaveData,77294.143,R,data,,,,
sessions,FetchUUIDFromToken,77294.152,R,uuid,,,,
activeClientSessions,UpdateActiveSession,77294.153,W,uuid,clientSessionId,,,
sessionSaveData,ReadSessionSaveData,77294.154,R,data,,,,
sessions,FetchUUIDFromToken,77294.155,R,uuid,,,,
activeClientSessions,UpdateActiveSession,77294.156,W,uuid,clientSessionId,,,
sessionSaveData,ReadSessionSaveData,77294.157,R,data,,,,
sessions,FetchUUIDFromToken,77294.161,R,uuid,,,,
activeClientSessions,UpdateActiveSession,77294.161,W,uuid,clientSessionId,,,
sessionSaveData,ReadSessionSaveData,77294.162,R,data,,,,
